<?xml version="1.0" encoding="utf-8"?>
<!-- Created by ModBuddy on 3/19/2013 5:14:25 PM -->
<GameData>
	<Leaders>
		<Row>
			<Type>LEADER_JLUMIC</Type>
			<Description>TXT_KEY_LEADER_JLUMIC</Description>
			<Civilopedia>TXT_KEY_LEADER_JLUMIC_PEDIA</Civilopedia>
			<CivilopediaTag>TXT_KEY_CIVILOPEDIA_LEADERS_JLUMIC</CivilopediaTag>
			<ArtDefineTag>JLUMICScene.xml</ArtDefineTag>
			<VictoryCompetitiveness>9</VictoryCompetitiveness>
			<WonderCompetitiveness>7</WonderCompetitiveness>
			<MinorCivCompetitiveness>2</MinorCivCompetitiveness>
			<Boldness>12</Boldness>
			<DiploBalance>2</DiploBalance>
			<WarmongerHate>6</WarmongerHate>
			<DenounceWillingness>2</DenounceWillingness>
			<DoFWillingness>2</DoFWillingness>
			<Loyalty>4</Loyalty>
			<Neediness>1</Neediness>
			<Forgiveness>1</Forgiveness>
			<Chattiness>8</Chattiness>
			<Meanness>8</Meanness>
			<PortraitIndex>3</PortraitIndex>
			<IconAtlas>CIV_COLOR_ATLAS_CYBER</IconAtlas>
		</Row>
	</Leaders>
	<Leader_MajorCivApproachBiases>
		<Row>
			<LeaderType>LEADER_JLUMIC</LeaderType>
			<MajorCivApproachType>MAJOR_CIV_APPROACH_WAR</MajorCivApproachType>
			<Bias>8</Bias>
		</Row>
		<Row>
			<LeaderType>LEADER_JLUMIC</LeaderType>
			<MajorCivApproachType>MAJOR_CIV_APPROACH_HOSTILE</MajorCivApproachType>
			<Bias>4</Bias>
		</Row>
		<Row>
			<LeaderType>LEADER_JLUMIC</LeaderType>
			<MajorCivApproachType>MAJOR_CIV_APPROACH_DECEPTIVE</MajorCivApproachType>
			<Bias>2</Bias>
		</Row>
		<Row>
			<LeaderType>LEADER_JLUMIC</LeaderType>
			<MajorCivApproachType>MAJOR_CIV_APPROACH_GUARDED</MajorCivApproachType>
			<Bias>1</Bias>
		</Row>
		<Row>
			<LeaderType>LEADER_JLUMIC</LeaderType>
			<MajorCivApproachType>MAJOR_CIV_APPROACH_AFRAID</MajorCivApproachType>
			<Bias>1</Bias>
		</Row>
		<Row>
			<LeaderType>LEADER_JLUMIC</LeaderType>
			<MajorCivApproachType>MAJOR_CIV_APPROACH_FRIENDLY</MajorCivApproachType>
			<Bias>5</Bias>
		</Row>
		<Row>
			<LeaderType>LEADER_JLUMIC</LeaderType>
			<MajorCivApproachType>MAJOR_CIV_APPROACH_NEUTRAL</MajorCivApproachType>
			<Bias>8</Bias>
		</Row>
	</Leader_MajorCivApproachBiases>
	<Leader_MinorCivApproachBiases>
		<Row>
			<LeaderType>LEADER_JLUMIC</LeaderType>
			<MinorCivApproachType>MINOR_CIV_APPROACH_IGNORE</MinorCivApproachType>
			<Bias>3</Bias>
		</Row>
		<Row>
			<LeaderType>LEADER_JLUMIC</LeaderType>
			<MinorCivApproachType>MINOR_CIV_APPROACH_FRIENDLY</MinorCivApproachType>
			<Bias>3</Bias>
		</Row>
		<Row>
			<LeaderType>LEADER_JLUMIC</LeaderType>
			<MinorCivApproachType>MINOR_CIV_APPROACH_PROTECTIVE</MinorCivApproachType>
			<Bias>2</Bias>
		</Row>
		<Row>
			<LeaderType>LEADER_JLUMIC</LeaderType>
			<MinorCivApproachType>MINOR_CIV_APPROACH_CONQUEST</MinorCivApproachType>
			<Bias>8</Bias>
		</Row>
	</Leader_MinorCivApproachBiases>
	<Leader_Flavors>
		<Row>
			<LeaderType>LEADER_JLUMIC</LeaderType>
			<FlavorType>FLAVOR_OFFENSE</FlavorType>
			<Flavor>12</Flavor>
		</Row>
		<Row>
			<LeaderType>LEADER_JLUMIC</LeaderType>
			<FlavorType>FLAVOR_DEFENSE</FlavorType>
			<Flavor>9</Flavor>
		</Row>
		<Row>
			<LeaderType>LEADER_JLUMIC</LeaderType>
			<FlavorType>FLAVOR_CITY_DEFENSE</FlavorType>
			<Flavor>9</Flavor>
		</Row>
		<Row>
			<LeaderType>LEADER_JLUMIC</LeaderType>
			<FlavorType>FLAVOR_MILITARY_TRAINING</FlavorType>
			<Flavor>12</Flavor>
		</Row>
		<Row>
			<LeaderType>LEADER_JLUMIC</LeaderType>
			<FlavorType>FLAVOR_RECON</FlavorType>
			<Flavor>4</Flavor>
		</Row>
		<Row>
			<LeaderType>LEADER_JLUMIC</LeaderType>
			<FlavorType>FLAVOR_RANGED</FlavorType>
			<Flavor>7</Flavor>
		</Row>
		<Row>
			<LeaderType>LEADER_JLUMIC</LeaderType>
			<FlavorType>FLAVOR_MOBILE</FlavorType>
			<Flavor>9</Flavor>
		</Row>
		<Row>
			<LeaderType>LEADER_JLUMIC</LeaderType>
			<FlavorType>FLAVOR_NAVAL</FlavorType>
			<Flavor>5</Flavor>
		</Row>
		<Row>
			<LeaderType>LEADER_JLUMIC</LeaderType>
			<FlavorType>FLAVOR_NAVAL_RECON</FlavorType>
			<Flavor>2</Flavor>
		</Row>
		<Row>
			<LeaderType>LEADER_JLUMIC</LeaderType>
			<FlavorType>FLAVOR_NAVAL_GROWTH</FlavorType>
			<Flavor>4</Flavor>
		</Row>
		<Row>
			<LeaderType>LEADER_JLUMIC</LeaderType>
			<FlavorType>FLAVOR_NAVAL_TILE_IMPROVEMENT</FlavorType>
			<Flavor>4</Flavor>
		</Row>
		<Row>
			<LeaderType>LEADER_JLUMIC</LeaderType>
			<FlavorType>FLAVOR_AIR</FlavorType>
			<Flavor>4</Flavor>
		</Row>
		<Row>
			<LeaderType>LEADER_JLUMIC</LeaderType>
			<FlavorType>FLAVOR_EXPANSION</FlavorType>
			<Flavor>10</Flavor>
		</Row>
		<Row>
			<LeaderType>LEADER_JLUMIC</LeaderType>
			<FlavorType>FLAVOR_GROWTH</FlavorType>
			<Flavor>8</Flavor>
		</Row>
		<Row>
			<LeaderType>LEADER_JLUMIC</LeaderType>
			<FlavorType>FLAVOR_TILE_IMPROVEMENT</FlavorType>
			<Flavor>5</Flavor>
		</Row>
		<Row>
			<LeaderType>LEADER_JLUMIC</LeaderType>
			<FlavorType>FLAVOR_INFRASTRUCTURE</FlavorType>
			<Flavor>5</Flavor>
		</Row>
		<Row>
			<LeaderType>LEADER_JLUMIC</LeaderType>
			<FlavorType>FLAVOR_PRODUCTION</FlavorType>
			<Flavor>9</Flavor>
		</Row>
		<Row>
			<LeaderType>LEADER_JLUMIC</LeaderType>
			<FlavorType>FLAVOR_GOLD</FlavorType>
			<Flavor>6</Flavor>
		</Row>
		<Row>
			<LeaderType>LEADER_JLUMIC</LeaderType>
			<FlavorType>FLAVOR_SCIENCE</FlavorType>
			<Flavor>4</Flavor>
		</Row>
		<Row>
			<LeaderType>LEADER_JLUMIC</LeaderType>
			<FlavorType>FLAVOR_CULTURE</FlavorType>
			<Flavor>2</Flavor>
		</Row>
		<Row>
			<LeaderType>LEADER_JLUMIC</LeaderType>
			<FlavorType>FLAVOR_HAPPINESS</FlavorType>
			<Flavor>8</Flavor>
		</Row>
		<Row>
			<LeaderType>LEADER_JLUMIC</LeaderType>
			<FlavorType>FLAVOR_GREAT_PEOPLE</FlavorType>
			<Flavor>4</Flavor>
		</Row>
		<Row>
			<LeaderType>LEADER_JLUMIC</LeaderType>
			<FlavorType>FLAVOR_WONDER</FlavorType>
			<Flavor>2</Flavor>
		</Row>
		<Row>
			<LeaderType>LEADER_JLUMIC</LeaderType>
			<FlavorType>FLAVOR_RELIGION</FlavorType>
			<Flavor>2</Flavor>
		</Row>
		<Row>
			<LeaderType>LEADER_JLUMIC</LeaderType>
			<FlavorType>FLAVOR_DIPLOMACY</FlavorType>
			<Flavor>2</Flavor>
		</Row>
		<Row>
			<LeaderType>LEADER_JLUMIC</LeaderType>
			<FlavorType>FLAVOR_SPACESHIP</FlavorType>
			<Flavor>3</Flavor>
		</Row>
		<Row>
			<LeaderType>LEADER_JLUMIC</LeaderType>
			<FlavorType>FLAVOR_WATER_CONNECTION</FlavorType>
			<Flavor>6</Flavor>
		</Row>
		<Row>
			<LeaderType>LEADER_JLUMIC</LeaderType>
			<FlavorType>FLAVOR_ESPIONAGE</FlavorType>
			<Flavor>2</Flavor>
		</Row>
		<Row>
			<LeaderType>LEADER_JLUMIC</LeaderType>
			<FlavorType>FLAVOR_USE_NUKE</FlavorType>
			<Flavor>12</Flavor>
		</Row>
		<Row>
			<LeaderType>LEADER_JLUMIC</LeaderType>
			<FlavorType>FLAVOR_NUKE</FlavorType>
			<Flavor>10</Flavor>
		</Row>
		<Row>
			<LeaderType>LEADER_JLUMIC</LeaderType>
			<FlavorType>FLAVOR_ANTIAIR</FlavorType>
			<Flavor>4</Flavor>
		</Row>
		<Row>
			<LeaderType>LEADER_JLUMIC</LeaderType>
			<FlavorType>FLAVOR_AIR_CARRIER</FlavorType>
			<Flavor>4</Flavor>
		</Row>
	</Leader_Flavors>
	<Leader_Traits>
		<Row>
			<LeaderType>LEADER_JLUMIC</LeaderType>
			<TraitType>NO_EMOTION</TraitType>
		</Row>
	</Leader_Traits>
	<Diplomacy_Responses>
		<Row LeaderType="LEADER_JLUMIC">
			<ResponseType>RESPONSE_FIRST_GREETING</ResponseType>
			<Response>TXT_KEY_LEADER_JLUMIC_FIRSTGREETING_%</Response>
		</Row>
		<Row LeaderType="LEADER_JLUMIC">
			<ResponseType>RESPONSE_DEFEATED</ResponseType>
			<Response>TXT_KEY_LEADER_JLUMIC_DEFEATED_%</Response>
		</Row>
		<Row LeaderType="LEADER_JLUMIC">
			<ResponseType>RESPONSE_WARBLUFF</ResponseType>
			<Response>TXT_KEY_LEADER_JLUMIC_WARBLUFF_%</Response>
		</Row>
		<Row LeaderType="LEADER_JLUMIC">
			<ResponseType>RESPONSE_FIRST_WINWAR</ResponseType>
			<Response>TXT_KEY_LEADER_JLUMIC_WINWAR_%</Response>
		</Row>
		<Row LeaderType="LEADER_JLUMIC">
			<ResponseType>RESPONSE_LOSEWAR</ResponseType>
			<Response>TXT_KEY_LEADER_JLUMIC_LOSEWAR_%</Response>
		</Row>
		<Row LeaderType="LEADER_JLUMIC">
			<ResponseType>RESPONSE_DEFEATED</ResponseType>
			<Response>TXT_KEY_LEADER_JLUMIC_DEFEATED_%</Response>
		</Row>
		<Row LeaderType="LEADER_JLUMIC">
			<ResponseType>RESPONSE_TRIBUTE_YES_NEUTRAL</ResponseType>
			<Response>TXT_KEY_LEADER_JLUMIC_TRIBUTE_YES_NEUTRAL_%</Response>
		</Row>
		<Row LeaderType="LEADER_JLUMIC">
			<ResponseType>RESPONSE_TRIBUTE_NO_NEUTRAL</ResponseType>
			<Response>TXT_KEY_LEADER_JLUMIC_TRIBUTE_NO_NEUTRAL_%</Response>
		</Row>
		<Row LeaderType="LEADER_JLUMIC">
			<ResponseType>RESPONSE_TRIBUTE_YES_ANGRY</ResponseType>
			<Response>TXT_KEY_LEADER_JLUMIC_TRIBUTE_YES_ANGRY_%</Response>
		</Row>
		<Row LeaderType="LEADER_JLUMIC">
			<ResponseType>RESPONSE_TRIBUTE_NO_ANGRY</ResponseType>
			<Response>TXT_KEY_LEADER_JLUMIC_TRIBUTE_NO_ANGRY_%</Response>
		</Row>
		<Row LeaderType="LEADER_JLUMIC">
			<ResponseType>RESPONSE_TRIBUTE_YES_HAPPY</ResponseType>
			<Response>TXT_KEY_LEADER_JLUMIC_TRIBUTE_YES_HAPPY_%</Response>
		</Row>
		<Row LeaderType="LEADER_JLUMIC">
			<ResponseType>RESPONSE_TRIBUTE_NO_HAPPY</ResponseType>
			<Response>TXT_KEY_LEADER_JLUMIC_TRIBUTE_NO_HAPPY_%</Response>
		</Row>
		<Row LeaderType="LEADER_JLUMIC">
			<ResponseType>RESPONSE_REQUEST</ResponseType>
			<Response>TXT_KEY_LEADER_JLUMIC_REQUEST_%</Response>
		</Row>
		<Row LeaderType="LEADER_JLUMIC">
			<ResponseType>RESPONSE_DEMANDTRIBUTE_HAPPY</ResponseType>
			<Response>TXT_KEY_LEADER_JLUMIC_DEMANDTRIBUTE_HAPPY_%</Response>
		</Row>
		<Row LeaderType="LEADER_JLUMIC">
			<ResponseType>RESPONSE_DEMANDTRIBUTE_ANGRY</ResponseType>
			<Response>TXT_KEY_LEADER_JLUMICT_DEMANDTRIBUTE_ANGRY_%</Response>
		</Row>
		<Row LeaderType="LEADER_JLUMIC">
			<ResponseType>RESPONSE_TRADEREQUEST_ANGRY</ResponseType>
			<Response>TXT_KEY_LEADER_JLUMIC_TRADEREQUEST_ANGRY_%</Response>
		</Row>
		<Row LeaderType="LEADER_JLUMIC">
			<ResponseType>RESPONSE_DECLAREWAR</ResponseType>
			<Response>TXT_KEY_LEADER_JLUMIC_DECLAREWAR_%</Response>
		</Row>
		<Row LeaderType="LEADER_JLUMIC">
			<ResponseType>RESPONSE_ATTACKED</ResponseType>
			<Response>TXT_KEY_LEADER_JLUMIC_ATTACKED_%</Response>
		</Row>
		<Row LeaderType="LEADER_JLUMIC">
			<ResponseType>RESPONSE_NEEDMORE_ANGRY</ResponseType>
			<Response>TXT_KEY_LEADER_JLUMIC_NEEDMORE_ANGRY_%</Response>
		</Row>
		<Row LeaderType="LEADER_JLUMIC">
			<ResponseType>RESPONSE_OPEN_BORDERS_EXCHANGE</ResponseType>
			<Response>TXT_KEY_LEADER_JLUMIC_OPEN_BORDERS_EXCHANGE_%</Response>
		</Row>
		<Row LeaderType="LEADER_JLUMIC">
			<ResponseType>RESPONSE_EXPANSION_SERIOUS_WARNING</ResponseType>
			<Response>TXT_KEY_LEADER_JLUMIC_EXPANSION_SERIOUS_WARNING_%</Response>
		</Row>
		<Row LeaderType="LEADER_JLUMIC">
			<ResponseType>RESPONSE_LUXURY_TRADE</ResponseType>
			<Response>TXT_KEY_LEADER_JLUMIC_LUXURY_TRADE_%</Response>
		</Row>
		<Row LeaderType="LEADER_JLUMIC">
			<ResponseType>RESPONSE_HOSTILE_AGGRESSIVE_MILITARY_WARNING</ResponseType>
			<Response>TXT_KEY_LEADER_JLUMIC_HOSTILE_AGGRESSIVE_MILITARY_WARNING_%</Response>
		</Row>
		<Row LeaderType="LEADER_JLUMIC">
			<ResponseType>RESPONSE_GREETING_1</ResponseType>
			<Response>TXT_KEY_LEADER_JLUMIC_GREETING_1</Response>
		</Row>
		<Row LeaderType="LEADER_JLUMIC">
			<ResponseType>RESPONSE_GREETING_3</ResponseType>
			<Response>TXT_KEY_LEADER_JLUMIC_GREETING_3</Response>
		</Row>
		<Row LeaderType="LEADER_JLUMIC">
			<ResponseType>RESPONSE_GREETING_5</ResponseType>
			<Response>TXT_KEY_LEADER_JLUMIC_GREETING_5</Response>
		</Row>
	</Diplomacy_Responses>
</GameData>