<?xml version="1.0" encoding="utf-8"?>
<!-- Created by ModBuddy on 8/26/2016 2:15:58 AM -->
<GameData>
	<Audio_Sounds>
		<!--TOAMATAU Music-->
		<Row>
			<SoundID>SND_LEADER_MUSIC_TOAMATAU_PEACE</SoundID>
			<Filename>PeaceTheme_MetruNui_A</Filename>
			<LoadType>DynamicResident</LoadType>
		</Row>
		<Row>
			<SoundID>SND_LEADER_MUSIC_TOAMATAU_WAR</SoundID>
			<Filename>WarTheme_MetruNui_A</Filename>
			<LoadType>DynamicResident</LoadType>
		</Row>
		<!--TOAMATAU Music-->
		<!--TOANOKAMA Music-->
		<Row>
			<SoundID>SND_LEADER_MUSIC_TOANOKAMA_PEACE</SoundID>
			<Filename>PeaceTheme_MetruNui_A</Filename>
			<LoadType>DynamicResident</LoadType>
		</Row>
		<Row>
			<SoundID>SND_LEADER_MUSIC_TOANOKAMA_WAR</SoundID>
			<Filename>WarTheme_MetruNui_B</Filename>
			<LoadType>DynamicResident</LoadType>
		</Row>
		<!--TOANOKAMA Music-->
		<!--TOANUJU Music-->
		<Row>
			<SoundID>SND_LEADER_MUSIC_TOANUJU_PEACE</SoundID>
			<Filename>PeaceTheme_MetruNui_B</Filename>
			<LoadType>DynamicResident</LoadType>
		</Row>
		<Row>
			<SoundID>SND_LEADER_MUSIC_TOANUJU_WAR</SoundID>
			<Filename>WarTheme_MetruNui_B</Filename>
			<LoadType>DynamicResident</LoadType>
		</Row>
		<!--TOANUJU Music-->
		<!--TOAONEWA Music-->
		<Row>
			<SoundID>SND_LEADER_MUSIC_TOAONEWA_PEACE</SoundID>
			<Filename>PeaceTheme_MetruNui_B</Filename>
			<LoadType>DynamicResident</LoadType>
		</Row>
		<Row>
			<SoundID>SND_LEADER_MUSIC_TOAONEWA_WAR</SoundID>
			<Filename>WarTheme_MetruNui_A</Filename>
			<LoadType>DynamicResident</LoadType>
		</Row>
		<!--TOAONEWA Music-->
		<!--TOAVAKAMA Music-->
		<Row>
			<SoundID>SND_LEADER_MUSIC_TOAVAKAMA_PEACE</SoundID>
			<Filename>PeaceTheme_MetruNui_A/Filename</Filename>
			<LoadType>DynamicResident</LoadType>
		</Row>
		<Row>
			<SoundID>SND_LEADER_MUSIC_TOAVAKAMA_WAR</SoundID>
			<Filename>WarTheme_MetruNui_A</Filename>
			<LoadType>DynamicResident</LoadType>
		</Row>
		<!--TOAVAKAMA Music-->
		<!--TOAWHENUA Music-->
		<Row>
			<SoundID>SND_LEADER_MUSIC_TOAWHENUA_PEACE</SoundID>
			<Filename>PeaceTheme_MetruNui_B</Filename>
			<LoadType>DynamicResident</LoadType>
		</Row>
		<Row>
			<SoundID>SND_LEADER_MUSIC_TOAWHENUA_WAR</SoundID>
			<Filename>WarTheme_MetruNui_B</Filename>
			<LoadType>DynamicResident</LoadType>
		</Row>
		<!--TOAWHENUA Music-->
	</Audio_Sounds>
	<Audio_2DSounds>
		<!--Repeating Soundtrack for the Bionicles-->
		<Row>
			<ScriptID>SONG_METRUNUI_PEACE_1</ScriptID>
			<SoundID>SND_LEADER_MUSIC_TOAMATAU_PEACE</SoundID>
			<SoundType>GAME_MUSIC</SoundType>
			<MinVolume>40</MinVolume>
			<MaxVolume>40</MaxVolume>
			<IsMusic>True</IsMusic>
		</Row>
		<Row>
			<ScriptID>SONG_METRUNUI_PEACE_2</ScriptID>
			<SoundID>SND_LEADER_MUSIC_TOAWHENUA_PEACE</SoundID>
			<SoundType>GAME_MUSIC</SoundType>
			<MinVolume>40</MinVolume>
			<MaxVolume>40</MaxVolume>
			<IsMusic>True</IsMusic>
		</Row>
		<Row>
			<ScriptID>SONG_METRUNUI_WAR_1</ScriptID>
			<SoundID>SND_LEADER_MUSIC_TOAMATAU_WAR</SoundID>
			<SoundType>GAME_MUSIC</SoundType>
			<MinVolume>40</MinVolume>
			<MaxVolume>40</MaxVolume>
			<IsMusic>True</IsMusic>
		</Row>
		<Row>
			<ScriptID>SONG_METRUNUI_WAR_2</ScriptID>
			<SoundID>SND_LEADER_MUSIC_TOAWHENUA_PEACE</SoundID>
			<SoundType>GAME_MUSIC</SoundType>
			<MinVolume>40</MinVolume>
			<MaxVolume>40</MaxVolume>
			<IsMusic>True</IsMusic>
		</Row>
		<!--TOAMATAU Music For Audio Scripts-->
		<Row>
			<ScriptID>AS2D_LEADER_MUSIC_TOAMATAU_PEACE</ScriptID>
			<SoundID>SND_LEADER_MUSIC_TOAMATAU_PEACE</SoundID>
			<SoundType>GAME_MUSIC</SoundType>
			<MinVolume>120</MinVolume>
			<MaxVolume>120</MaxVolume>
			<IsMusic>true</IsMusic>
		</Row>
		<Row>
			<ScriptID>AS2D_LEADER_MUSIC_TOAMATAU_WAR</ScriptID>
			<SoundID>SND_LEADER_MUSIC_TOAMATAU_WAR</SoundID>
			<SoundType>GAME_MUSIC</SoundType>
			<MinVolume>100</MinVolume>
			<MaxVolume>100</MaxVolume>
			<IsMusic>true</IsMusic>
		</Row>
		<Row>
			<ScriptID>AS2D_AMBIENCE_LEADER_TOAMATAU_AMBIENCE</ScriptID>
			<SoundID>SND_AMBIENCE_JUNGLE_BED</SoundID>
			<SoundType>GAME_SFX</SoundType>
			<Looping>true</Looping>
			<MinVolume>20</MinVolume>
			<MaxVolume>20</MaxVolume>
		</Row>
		<!--TOAMATAU Music-->
		<!--TOANOKAMA Music For Audio Scripts-->
		<Row>
			<ScriptID>AS2D_LEADER_MUSIC_TOANOKAMA_PEACE</ScriptID>
			<SoundID>SND_LEADER_MUSIC_TOANOKAMA_PEACE</SoundID>
			<SoundType>GAME_MUSIC</SoundType>
			<MinVolume>100</MinVolume>
			<MaxVolume>100</MaxVolume>
			<IsMusic>true</IsMusic>
		</Row>
		<Row>
			<ScriptID>AS2D_LEADER_MUSIC_TOANOKAMA_WAR</ScriptID>
			<SoundID>SND_LEADER_MUSIC_TOANOKAMA_WAR</SoundID>
			<SoundType>GAME_MUSIC</SoundType>
			<MinVolume>90</MinVolume>
			<MaxVolume>90</MaxVolume>
			<IsMusic>true</IsMusic>
		</Row>
		<Row>
			<ScriptID>AS2D_AMBIENCE_LEADER_TOANOKAMA_AMBIENCE</ScriptID>
			<SoundID>SND_AMBIENCE_COAST_BED</SoundID>
			<SoundType>GAME_SFX</SoundType>
			<Looping>true</Looping>
			<MinVolume>60</MinVolume>
			<MaxVolume>60</MaxVolume>
		</Row>
		<!--TOANOKAMA Music-->
		<!--TOANUJU Music For Audio Scripts-->
		<Row>
			<ScriptID>AS2D_LEADER_MUSIC_TOANUJU_PEACE</ScriptID>
			<SoundID>SND_LEADER_MUSIC_TOANUJU_PEACE</SoundID>
			<SoundType>GAME_MUSIC</SoundType>
			<MinVolume>100</MinVolume>
			<MaxVolume>100</MaxVolume>
			<IsMusic>true</IsMusic>
		</Row>
		<Row>
			<ScriptID>AS2D_LEADER_MUSIC_TOANUJU_WAR</ScriptID>
			<SoundID>SND_LEADER_MUSIC_TOANUJU_WAR</SoundID>
			<SoundType>GAME_MUSIC</SoundType>
			<MinVolume>100</MinVolume>
			<MaxVolume>100</MaxVolume>
			<IsMusic>true</IsMusic>
		</Row>
		<Row>
			<ScriptID>AS2D_AMBIENCE_LEADER_TOANUJU_AMBIENCE</ScriptID>
			<SoundID>SND_AMBIENCE_SNOW_BED</SoundID>
			<SoundType>GAME_SFX</SoundType>
			<Looping>true</Looping>
			<MinVolume>60</MinVolume>
			<MaxVolume>60</MaxVolume>
		</Row>
		<!--TOANUJU Music-->
		<!--TOAONEWA Music For Audio Scripts-->
		<Row>
			<ScriptID>AS2D_LEADER_MUSIC_TOAONEWA_PEACE</ScriptID>
			<SoundID>SND_LEADER_MUSIC_TOAONEWA_PEACE</SoundID>
			<SoundType>GAME_MUSIC</SoundType>
			<MinVolume>100</MinVolume>
			<MaxVolume>100</MaxVolume>
			<IsMusic>true</IsMusic>
		</Row>
		<Row>
			<ScriptID>AS2D_LEADER_MUSIC_TOAONEWA_WAR</ScriptID>
			<SoundID>SND_LEADER_MUSIC_TOAONEWA_WAR</SoundID>
			<SoundType>GAME_MUSIC</SoundType>
			<MinVolume>120</MinVolume>
			<MaxVolume>120</MaxVolume>
			<IsMusic>true</IsMusic>
		</Row>
		<Row>
			<ScriptID>AS2D_AMBIENCE_LEADER_TOAONEWA_AMBIENCE</ScriptID>
			<SoundID>SND_AMBIENCE_DESERT_BED</SoundID>
			<SoundType>GAME_SFX</SoundType>
			<Looping>true</Looping>
			<MinVolume>60</MinVolume>
			<MaxVolume>60</MaxVolume>
		</Row>
		<!--TOAONEWA Music-->
		<!--TOAVAKAMA Music For Audio Scripts-->
		<Row>
			<ScriptID>AS2D_LEADER_MUSIC_TOAVAKAMA_PEACE</ScriptID>
			<SoundID>SND_LEADER_MUSIC_TOAVAKAMA_PEACE</SoundID>
			<SoundType>GAME_MUSIC</SoundType>
			<MinVolume>100</MinVolume>
			<MaxVolume>100</MaxVolume>
			<IsMusic>true</IsMusic>
		</Row>
		<Row>
			<ScriptID>AS2D_LEADER_MUSIC_TOAVAKAMA_WAR</ScriptID>
			<SoundID>SND_LEADER_MUSIC_TOAVAKAMA_WAR</SoundID>
			<SoundType>GAME_MUSIC</SoundType>
			<MinVolume>100</MinVolume>
			<MaxVolume>100</MaxVolume>
			<IsMusic>true</IsMusic>
		</Row>
		<Row>
			<ScriptID>AS2D_AMBIENCE_LEADER_TOAVAKAMA_AMBIENCE</ScriptID>
			<SoundID>SND_AMBIENCE_DESERT_BED</SoundID>
			<SoundType>GAME_SFX</SoundType>
			<Looping>true</Looping>
			<MinVolume>60</MinVolume>
			<MaxVolume>60</MaxVolume>
		</Row>
		<!--TOAVAKAMA Music-->
		<!--TOAWHENUA Music For Audio Scripts-->
		<Row>
			<ScriptID>AS2D_LEADER_MUSIC_TOAWHENUA_PEACE</ScriptID>
			<SoundID>SND_LEADER_MUSIC_TOAWHENUA_PEACE</SoundID>
			<SoundType>GAME_MUSIC</SoundType>
			<MinVolume>100</MinVolume>
			<MaxVolume>100</MaxVolume>
			<IsMusic>true</IsMusic>
		</Row>
		<Row>
			<ScriptID>AS2D_LEADER_MUSIC_TOAWHENUA_WAR</ScriptID>
			<SoundID>SND_LEADER_MUSIC_TOAWHENUA_WAR</SoundID>
			<SoundType>GAME_MUSIC</SoundType>
			<MinVolume>100</MinVolume>
			<MaxVolume>100</MaxVolume>
			<IsMusic>true</IsMusic>
		</Row>
		<Row>
			<ScriptID>AS2D_AMBIENCE_LEADER_TOAWHENUA_AMBIENCE</ScriptID>
			<SoundID>SND_AMBIENCE_FOG_OF_WAR_BED</SoundID>
			<SoundType>GAME_SFX</SoundType>
			<Looping>true</Looping>
			<MinVolume>60</MinVolume>
			<MaxVolume>60</MaxVolume>
		</Row>
		<!--TOAWHENUA Music-->
	</Audio_2DSounds>
</GameData>