<?xml version="1.0" encoding="utf-8"?>
<!-- Created by ModBuddy on 3/21/2013 6:50:56 AM -->
<GameData>
	<Buildings>
		<Row>
			<Type>BUILDING_CYBER_SHIP</Type>
			<BuildingClass>BUILDINGCLASS_STABLE</BuildingClass>
			<Cost>100</Cost>
			<GoldMaintenance>1</GoldMaintenance>
			<PrereqTech>TECH_GUILDS</PrereqTech>
			<Help>TXT_KEY_BUILDING_CYBER_SHIP_HELP</Help>
			<Description>TXT_KEY_BUILDING_CYBER_SHIP</Description>
			<Civilopedia>TXT_KEY_CIV5_BUILDINGS_CYBER_SHIP_TEXT</Civilopedia>
			<Strategy>TXT_KEY_BUILDING_CYBER_SHIP_STRATEGY</Strategy>
			<ArtDefineTag>ART_DEF_BUILDING_STABLE</ArtDefineTag>
			<UnhappinessModifier>2</UnhappinessModifier>
			<Defense>1000</Defense>
			<MinAreaSize>-1</MinAreaSize>
			<ConquestProb>66</ConquestProb>
			<HurryCostModifier>10</HurryCostModifier>
			<IconAtlas>CIV_COLOR_ATLAS_CYBER</IconAtlas>
			<PortraitIndex>0</PortraitIndex>
		</Row>
	</Buildings>
	<Building_Flavors>
		<Row>
			<BuildingType>BUILDING_CYBER_SHIP</BuildingType>
			<FlavorType>FLAVOR_DEFENSE</FlavorType>
			<Flavor>15</Flavor>
		</Row>
		<Row>
			<BuildingType>BUILDING_CYBER_SHIP</BuildingType>
			<FlavorType>FLAVOR_MILITARY_TRAINING</FlavorType>
			<Flavor>15</Flavor>
		</Row>
		<Row>
			<BuildingType>BUILDING_CYBER_SHIP</BuildingType>
			<FlavorType>FLAVOR_HAPPINESS</FlavorType>
			<Flavor>20</Flavor>
		</Row>
	</Building_Flavors>
	<Building_YieldChanges>
		<Row>
			<BuildingType>BUILDING_CYBER_SHIP</BuildingType>
			<YieldType>YIELD_FAITH</YieldType>
			<Yield>-25</Yield>
		</Row>		
	</Building_YieldChanges>	
	<Building_UnitCombatFreeExperiences>
		<Row>
			<BuildingType>BUILDING_CYBER_SHIP</BuildingType>
			<UnitCombatType>UNITCOMBAT_MELEE</UnitCombatType>
			<Experience>15</Experience>
		</Row>
	</Building_UnitCombatFreeExperiences>
	<Building_UnitCombatProductionModifiers>
		<Row>
			<BuildingType>BUILDING_CYBER_SHIP</BuildingType>
			<UnitCombatType>UNITCOMBAT_MOUNTED</UnitCombatType>
			<Modifier>15</Modifier>
		</Row>
	</Building_UnitCombatProductionModifiers>
	<Civilization_BuildingClassOverrides>
		<Row>
			<CivilizationType>CIVILIZATION_CYBERMEN</CivilizationType>
			<BuildingClassType>BUILDINGCLASS_STABLE</BuildingClassType>
			<BuildingType>BUILDING_CYBER_SHIP</BuildingType>
		</Row>
	</Civilization_BuildingClassOverrides>
</GameData>