<?xml version="1.0" encoding="utf-8"?>
<GameData>
	<IconTextureAtlases>
		<Row>
			<Atlas>CIV_COLOR_ATLAS_METRUNUI</Atlas>
			<IconSize>256</IconSize>
			<Filename>MetruNui_IconAtlas256.dds</Filename>
			<IconsPerRow>6</IconsPerRow>
			<IconsPerColumn>1</IconsPerColumn>
		</Row>
		<Row>
			<Atlas>CIV_COLOR_ATLAS_METRUNUI</Atlas>
			<IconSize>128</IconSize>
			<Filename>MetruNui_IconAtlas128.dds</Filename>
			<IconsPerRow>6</IconsPerRow>
			<IconsPerColumn>1</IconsPerColumn>
		</Row>
		<Row>
			<Atlas>CIV_COLOR_ATLAS_METRUNUI</Atlas>
			<IconSize>80</IconSize>
			<Filename>MetruNui_IconAtlas80.dds</Filename>
			<IconsPerRow>6</IconsPerRow>
			<IconsPerColumn>1</IconsPerColumn>
		</Row>
		<Row>
			<Atlas>CIV_COLOR_ATLAS_METRUNUI</Atlas>
			<IconSize>64</IconSize>
			<Filename>MetruNui_IconAtlas64.dds</Filename>
			<IconsPerRow>6</IconsPerRow>
			<IconsPerColumn>1</IconsPerColumn>
		</Row>
		<Row>
			<Atlas>CIV_COLOR_ATLAS_METRUNUI</Atlas>
			<IconSize>45</IconSize>
			<Filename>MetruNui_IconAtlas45.dds</Filename>
			<IconsPerRow>6</IconsPerRow>
			<IconsPerColumn>1</IconsPerColumn>
		</Row>
		<Row>
			<Atlas>CIV_COLOR_ATLAS_METRUNUI</Atlas>
			<IconSize>32</IconSize>
			<Filename>MetruNui_IconAtlas32.dds</Filename>
			<IconsPerRow>6</IconsPerRow>
			<IconsPerColumn>1</IconsPerColumn>
		</Row>
		<Row>
			<Atlas>CIV_ALPHA_ATLAS_METRUNUI</Atlas>
			<IconSize>24</IconSize>
			<Filename>MetruNui_IconAlphaAtlas24.dds</Filename>
			<IconsPerRow>6</IconsPerRow>
			<IconsPerColumn>1</IconsPerColumn>
		</Row>
		<Row>
			<Atlas>CIV_ALPHA_ATLAS_METRUNUI</Atlas>
			<IconSize>32</IconSize>
			<Filename>MetruNui_IconAlphaAtlas32.dds</Filename>
			<IconsPerRow>6</IconsPerRow>
			<IconsPerColumn>1</IconsPerColumn>
		</Row>
		<Row>
			<Atlas>CIV_ALPHA_ATLAS_METRUNUI</Atlas>
			<IconSize>48</IconSize>
			<Filename>MetruNui_IconAlphaAtlas48.dds</Filename>
			<IconsPerRow>6</IconsPerRow>
			<IconsPerColumn>1</IconsPerColumn>
		</Row>
		<Row>
			<Atlas>CIV_ALPHA_ATLAS_METRUNUI</Atlas>
			<IconSize>64</IconSize>
			<Filename>MetruNui_IconAlphaAtlas64.dds</Filename>
			<IconsPerRow>6</IconsPerRow>
			<IconsPerColumn>1</IconsPerColumn>
		</Row>
		<Row>
			<Atlas>LEADER_ATLAS_METRUNUI</Atlas>
			<IconSize>256</IconSize>
			<Filename>LeaderAtlas256_MetruNui.dds</Filename>
			<IconsPerRow>6</IconsPerRow>
			<IconsPerColumn>1</IconsPerColumn>
		</Row>
		<Row>
			<Atlas>LEADER_ATLAS_METRUNUI</Atlas>
			<IconSize>128</IconSize>
			<Filename>LeaderAtlas128_MetruNui.dds</Filename>
			<IconsPerRow>6</IconsPerRow>
			<IconsPerColumn>1</IconsPerColumn>
		</Row>
		<Row>
			<Atlas>LEADER_ATLAS_METRUNUI</Atlas>
			<IconSize>64</IconSize>
			<Filename>LeaderAtlas64_MetruNui.dds</Filename>
			<IconsPerRow>6</IconsPerRow>
			<IconsPerColumn>1</IconsPerColumn>
		</Row>
		<Row>
			<Atlas>BUILDING_ATLAS_METRUNUI</Atlas>
			<IconSize>256</IconSize>
			<Filename>BuildingAtlas256_MetruNui.dds</Filename>
			<IconsPerRow>8</IconsPerRow>
			<IconsPerColumn>2</IconsPerColumn>
		</Row>
		<Row>
			<Atlas>BUILDING_ATLAS_METRUNUI</Atlas>
			<IconSize>128</IconSize>
			<Filename>BuildingAtlas128_MetruNui.dds</Filename>
			<IconsPerRow>8</IconsPerRow>
			<IconsPerColumn>2</IconsPerColumn>
		</Row>
		<Row>
			<Atlas>BUILDING_ATLAS_METRUNUI</Atlas>
			<IconSize>80</IconSize>
			<Filename>BuildingAtlas80_MetruNui.dds</Filename>
			<IconsPerRow>8</IconsPerRow>
			<IconsPerColumn>2</IconsPerColumn>
		</Row>
		<Row>
			<Atlas>BUILDING_ATLAS_METRUNUI</Atlas>
			<IconSize>64</IconSize>
			<Filename>BuildingAtlas64_MetruNui.dds</Filename>
			<IconsPerRow>8</IconsPerRow>
			<IconsPerColumn>2</IconsPerColumn>
		</Row>
		<Row>
			<Atlas>BUILDING_ATLAS_METRUNUI</Atlas>
			<IconSize>45</IconSize>
			<Filename>BuildingAtlas45_MetruNui.dds</Filename>
			<IconsPerRow>8</IconsPerRow>
			<IconsPerColumn>2</IconsPerColumn>
		</Row>
		<Row>
			<Atlas>UNIT_ATLAS_METRUNUI</Atlas>
			<IconSize>256</IconSize>
			<Filename>UnitAtlas256_MetruNui.dds</Filename>
			<IconsPerRow>2</IconsPerRow>
			<IconsPerColumn>1</IconsPerColumn>
		</Row>
		<Row>
			<Atlas>UNIT_ATLAS_METRUNUI</Atlas>
			<IconSize>128</IconSize>
			<Filename>UnitAtlas128_MetruNui.dds</Filename>
			<IconsPerRow>2</IconsPerRow>
			<IconsPerColumn>1</IconsPerColumn>
		</Row>
		<Row>
			<Atlas>UNIT_ATLAS_METRUNUI</Atlas>
			<IconSize>80</IconSize>
			<Filename>UnitAtlas80_MetruNui.dds</Filename>
			<IconsPerRow>2</IconsPerRow>
			<IconsPerColumn>1</IconsPerColumn>
		</Row>
		<Row>
			<Atlas>UNIT_ATLAS_METRUNUI</Atlas>
			<IconSize>64</IconSize>
			<Filename>UnitAtlas64_MetruNui.dds</Filename>
			<IconsPerRow>2</IconsPerRow>
			<IconsPerColumn>1</IconsPerColumn>
		</Row>
		<Row>
			<Atlas>UNIT_ATLAS_METRUNUI</Atlas>
			<IconSize>45</IconSize>
			<Filename>UnitAtlas45_MetruNui.dds</Filename>
			<IconsPerRow>2</IconsPerRow>
			<IconsPerColumn>1</IconsPerColumn>
		</Row>
		<Row>
			<Atlas>UNIT_FLAG_ATLAS_METRUNUI</Atlas>
			<IconSize>32</IconSize>
			<Filename>UnitAlphaAtlas32_MetruNui.dds</Filename>
			<IconsPerRow>3</IconsPerRow>
			<IconsPerColumn>1</IconsPerColumn>
		</Row>
	</IconTextureAtlases>
</GameData>
