<?xml version="1.0" encoding="utf-8"?>
<!-- Created by ModBuddy on 7/14/2016 9:28:05 PM -->
<GameData>
	<UnitPromotions>
		<Row>
			<Type>PROMOTION_COMMAND</Type>
			<Description>TXT_KEY_PROMOTION_COMMAND</Description>
			<Help>TXT_KEY_PROMOTION_COMMAND_HELP</Help>
			<Sound>AS2D_IF_LEVELUP</Sound>
			<CannotBeChosen>true</CannotBeChosen>
			<CaptureDefeatedEnemy>true</CaptureDefeatedEnemy>
			<PortraitIndex>6</PortraitIndex>
			<IconAtlas>KRIS_SWORDSMAN_PROMOTION_ATLAS</IconAtlas>
			<PediaType>PEDIA_ATTRIBUTE</PediaType>
			<PediaEntry>TXT_KEY_PROMOTION_COMMAND</PediaEntry>
		</Row>
	</UnitPromotions>
</GameData>