<?xml version="1.0" encoding="utf-8"?>
<GameData>
	<Units>
		<Row>
			<Class>UNITCLASS_CAVALRY</Class>
			<Type>UNIT_NUURAKH</Type>
			<PrereqTech>TECH_MILITARY_SCIENCE</PrereqTech>
			<Combat>35</Combat>
			<Cost>225</Cost>
			<FaithCost>450</FaithCost>
			<RequiresFaithPurchaseEnabled>true</RequiresFaithPurchaseEnabled>
			<Moves>4</Moves>
			<CombatClass>UNITCOMBAT_MOUNTED</CombatClass>
			<Domain>DOMAIN_LAND</Domain>
			<DefaultUnitAI>UNITAI_FAST_ATTACK</DefaultUnitAI>
			<Description>TXT_KEY_UNIT_NUURAKH</Description>
			<Civilopedia>TXT_KEY_CIVILOPEDIA_UNITS_RENAISSANCE_CAVALRY_TEXT</Civilopedia>
			<Strategy>TXT_KEY_UNIT_CAVALRY_STRATEGY</Strategy>
			<Help>TXT_KEY_UNIT_HELP_NUURAKH</Help>
			<MilitarySupport>true</MilitarySupport>
			<MilitaryProduction>true</MilitaryProduction>
			<Pillage>true</Pillage>
			<ObsoleteTech>TECH_ROCKETRY</ObsoleteTech>
			<IgnoreBuildingDefense>true</IgnoreBuildingDefense>
			<GoodyHutUpgradeUnitClass>UNITCLASS_WWI_TANK</GoodyHutUpgradeUnitClass>
			<AdvancedStartCost>30</AdvancedStartCost>
			<XPValueAttack>3</XPValueAttack>
			<XPValueDefense>3</XPValueDefense>
			<UnitArtInfo>ART_DEF_UNIT_NUURAKH</UnitArtInfo>
			<UnitFlagIconOffset>1</UnitFlagIconOffset>
			<IconAtlas>UNIT_ATLAS_METRUNUI</IconAtlas>
			<UnitFlagAtlas>UNIT_FLAG_ATLAS_METRUNUI</UnitFlagAtlas>
			<PortraitIndex>1</PortraitIndex>
			<MoveRate>QUADRUPED</MoveRate>
		</Row>
		<Row>
			<Type>UNIT_ARCHIVIST</Type>
			<Description>TXT_KEY_UNIT_ARCHIVIST</Description>
			<Civilopedia>TXT_KEY_CIV5_ARCHAEOLOGIST_TEXT</Civilopedia>
			<Strategy>TXT_KEY_UNIT_ARCHAEOLOGIST_STRATEGY</Strategy>
			<Help>TXT_KEY_UNIT_HELP_ARCHIVIST</Help>
			<Cost>150</Cost>
			<Moves>4</Moves>
			<BaseSightRange>2</BaseSightRange>
			<Class>UNITCLASS_ARCHAEOLOGIST</Class>
			<Capture>UNITCLASS_ARCHAEOLOGIST</Capture>
			<Domain>DOMAIN_LAND</Domain>
			<CivilianAttackPriority>CIVILIAN_ATTACK_PRIORITY_LOW</CivilianAttackPriority>
			<DefaultUnitAI>UNITAI_ARCHAEOLOGIST</DefaultUnitAI>
			<PrereqTech>TECH_ARCHAEOLOGY</PrereqTech>>
			<HurryCostModifier>-1</HurryCostModifier>
			<AdvancedStartCost>20</AdvancedStartCost>
			<MinAreaSize>-1</MinAreaSize>
			<AirInterceptRange>0</AirInterceptRange>
			<NukeDamageLevel>-1</NukeDamageLevel>
			<WorkRate>150</WorkRate>
			<UnitArtInfo>ART_DEF_UNIT_ARCHAEOLOGIST</UnitArtInfo>
			<UnitArtInfoEraVariation>1</UnitArtInfoEraVariation>
			<ShowInPedia>1</ShowInPedia>
			<MoveRate>BIPED</MoveRate>
			<UnitFlagIconOffset>0</UnitFlagIconOffset>
			<PortraitIndex>0</PortraitIndex>
			<IconAtlas>UNIT_ATLAS_METRUNUI</IconAtlas>
			<UnitFlagAtlas>UNIT_FLAG_ATLAS_METRUNUI</UnitFlagAtlas>
		</Row>
	</Units>
	<Unit_AITypes>
		<Row>
			<UnitType>UNIT_NUURAKH</UnitType>
			<UnitAIType>UNITAI_DEFENSE</UnitAIType>
		</Row>
		<Row>
			<UnitType>UNIT_NUURAKH</UnitType>
			<UnitAIType>UNITAI_FAST_ATTACK</UnitAIType>
		</Row>
		<Row>
			<UnitType>UNIT_ARCHIVIST</UnitType>
			<UnitAIType>UNITAI_ARCHAEOLOGIST</UnitAIType>
		</Row>
	</Unit_AITypes>
	<Unit_BuildingClassRequireds>
		<Row>
			<UnitType>UNIT_ARCHIVIST</UnitType>
			<BuildingClassType>BUILDINGCLASS_UNIVERSITY</BuildingClassType>
		</Row>
	</Unit_BuildingClassRequireds>
	<UnitGameplay2DScripts>
		<Row>
			<UnitType>UNIT_ARCHIVIST</UnitType>
			<SelectionSound>AS2D_SELECT_SETTLER</SelectionSound>
			<FirstSelectionSound>AS2D_BIRTH_SETTLER</FirstSelectionSound>
		</Row>
	</UnitGameplay2DScripts>
	<Unit_Builds>
		<Row>
			<UnitType>UNIT_ARCHIVIST</UnitType>
			<BuildType>BUILD_ARCHAEOLOGY_DIG</BuildType>
		</Row>
		<Row>
			<UnitType>UNIT_ARCHIVIST</UnitType>
			<BuildType>BUILD_LANDMARK</BuildType>
		</Row>
	</Unit_Builds>
	<Unit_Flavors>
		<Row>
			<UnitType>UNIT_ARCHIVIST</UnitType>
			<FlavorType>FLAVOR_ARCHAEOLOGY</FlavorType>
			<Flavor>35</Flavor>
		</Row>
		<Row>
			<UnitType>UNIT_NUURAKH</UnitType>
			<FlavorType>FLAVOR_OFFENSE</FlavorType>
			<Flavor>30</Flavor>
		</Row>
		<Row>
			<UnitType>UNIT_NUURAKH</UnitType>
			<FlavorType>FLAVOR_DEFENSE</FlavorType>
			<Flavor>12</Flavor>
		</Row>
		<Row>
			<UnitType>UNIT_NUURAKH</UnitType>
			<FlavorType>FLAVOR_MOBILE</FlavorType>
			<Flavor>14</Flavor>
		</Row>
	</Unit_Flavors>
	<Unit_ClassUpgrades>
		<Row>
			<UnitType>UNIT_NUURAKH</UnitType>
			<UnitClassType>UNITCLASS_WWI_TANK</UnitClassType>
		</Row>
	</Unit_ClassUpgrades>
	<Unit_FreePromotions>
		<Row>
			<UnitType>UNIT_NUURAKH</UnitType>
			<PromotionType>PROMOTION_COMMAND</PromotionType>
		</Row>
		<Row>
			<UnitType>UNIT_NUURAKH</UnitType>
			<PromotionType>PROMOTION_CAN_MOVE_AFTER_ATTACKING</PromotionType>
		</Row>
		<Row>
			<UnitType>UNIT_NUURAKH</UnitType>
			<PromotionType>PROMOTION_CITY_PENALTY</PromotionType>
		</Row>
		<Row>
			<UnitType>UNIT_NUURAKH</UnitType>
			<PromotionType>PROMOTION_FLANK_ATTACK_BONUS</PromotionType>
		</Row>
		<Row>
			<UnitType>UNIT_ARCHIVIST</UnitType>
			<PromotionType>PROMOTION_SCOUTING_1</PromotionType>
		</Row>
		<Row>
			<UnitType>UNIT_ARCHIVIST</UnitType>
			<PromotionType>PROMOTION_MOBILITY</PromotionType>
		</Row>
	</Unit_FreePromotions>
	<Unit_ResourceQuantityRequirements>
		<Row>
			<UnitType>UNIT_NUURAKH</UnitType>
			<ResourceType>RESOURCE_IRON</ResourceType>
			<Cost>1</Cost>
		</Row>
	</Unit_ResourceQuantityRequirements>
</GameData>