<?xml version="1.0" encoding="utf-8"?>
<!-- Created by ModBuddy on 3/26/2013 4:14:17 PM -->
<GameData>
	<Civilizations>
		<Row>
			<Type>CIVILIZATION_CYBERMEN</Type>
			<Description>TXT_KEY_CIV_CYBERMEN_DESC</Description>
			<ShortDescription>TXT_KEY_CIV_CYBERMEN_SHORT_DESC</ShortDescription>
			<Adjective>TXT_KEY_CIV_CYBERMEN_ADJECTIVE</Adjective>
			<Civilopedia>TXT_KEY_CIV_CYBERMEN_PEDIA</Civilopedia>
			<CivilopediaTag>TXT_KEY_CIV5_CYBERMEN</CivilopediaTag>
			<DefaultPlayerColor>PLAYERCOLOR_CYBERMEN</DefaultPlayerColor>
			<ArtDefineTag>ART_DEF_CIVILIZATION_ENGLAND</ArtDefineTag>
			<ArtStyleType>ARTSTYLE_SOUTH_AMERICA</ArtStyleType>
			<ArtStyleSuffix>_AMER</ArtStyleSuffix>
			<ArtStylePrefix>AMERICAN </ArtStylePrefix>
			<PortraitIndex>1</PortraitIndex>
			<IconAtlas>CIV_COLOR_ATLAS_CYBER</IconAtlas>
			<AlphaIconAtlas>CIV_ALPHA_ATLAS</AlphaIconAtlas>
			<MapImage>MondasCT.dds</MapImage>
			<SoundtrackTag>Byzantium</SoundtrackTag>
			<DawnOfManQuote>TXT_KEY_CIV_CYBERMEN_DOM</DawnOfManQuote>
			<DawnOfManImage>CybermanDOM.dds</DawnOfManImage>
		</Row>
	</Civilizations>
	<Civilization_CityNames>
		<Row>
			<CivilizationType>CIVILIZATION_CYBERMEN</CivilizationType>
			<CityName>TXT_KEY_CITY_NAME_LONDON_CONVERTED</CityName>
		</Row>
		<Row>
			<CivilizationType>CIVILIZATION_CYBERMEN</CivilizationType>
			<CityName>TXT_KEY_CITY_NAME_YORK_CONVERTED</CityName>
		</Row>
		<Row>
			<CivilizationType>CIVILIZATION_CYBERMEN</CivilizationType>
			<CityName>TXT_KEY_CITY_NAME_CANTERBURY_CONVERTED</CityName>
		</Row>
		<Row>
			<CivilizationType>CIVILIZATION_CYBERMEN</CivilizationType>
			<CityName>TXT_KEY_CITY_NAME_COVENTRY_CONVERTED</CityName>
		</Row>
		<Row>
			<CivilizationType>CIVILIZATION_CYBERMEN</CivilizationType>
			<CityName>TXT_KEY_CITY_NAME_WARWICK_CONVERTED</CityName>
		</Row>
		<Row>
			<CivilizationType>CIVILIZATION_CYBERMEN</CivilizationType>
			<CityName>TXT_KEY_CITY_NAME_OXFORD_CONVERTED</CityName>
		</Row>
		<Row>
			<CivilizationType>CIVILIZATION_CYBERMEN</CivilizationType>
			<CityName>TXT_KEY_CITY_NAME_LIVERPOOL_CONVERTED</CityName>
		</Row>
		<Row>
			<CivilizationType>CIVILIZATION_CYBERMEN</CivilizationType>
			<CityName>TXT_KEY_CITY_NAME_BRIGHTON_CONVERTED</CityName>
		</Row>
		<Row>
			<CivilizationType>CIVILIZATION_CYBERMEN</CivilizationType>
			<CityName>TXT_KEY_CITY_NAME_LEEDS_CONVERTED</CityName>
		</Row>
		<Row>
			<CivilizationType>CIVILIZATION_CYBERMEN</CivilizationType>
			<CityName>TXT_KEY_CITY_NAME_READING_CONVERTED</CityName>
		</Row>
		<Row>
			<CivilizationType>CIVILIZATION_CYBERMEN</CivilizationType>
			<CityName>TXT_KEY_CITY_NAME_MANCHESTER_CONVERTED</CityName>
		</Row>
		<Row>
			<CivilizationType>CIVILIZATION_CYBERMEN</CivilizationType>
			<CityName>TXT_KEY_CITY_NAME_GLOUCESTER_CONVERTED</CityName>
		</Row>
		<Row>
			<CivilizationType>CIVILIZATION_CYBERMEN</CivilizationType>
			<CityName>TXT_KEY_CITY_NAME_NEW_YORK_CONVERTED</CityName>
		</Row>
		<Row>
			<CivilizationType>CIVILIZATION_CYBERMEN</CivilizationType>
			<CityName>TXT_KEY_CITY_NAME_SHANGHAI_CONVERTED</CityName>
		</Row>
		<Row>
			<CivilizationType>CIVILIZATION_CYBERMEN</CivilizationType>
			<CityName>TXT_KEY_CITY_NAME_TORONTO_CONVERTED</CityName>
		</Row>
		<Row>
			<CivilizationType>CIVILIZATION_CYBERMEN</CivilizationType>
			<CityName>TXT_KEY_CITY_NAME_ROME_CONVERTED</CityName>
		</Row>
		<Row>
			<CivilizationType>CIVILIZATION_CYBERMEN</CivilizationType>
			<CityName>TXT_KEY_CITY_NAME_PARIS_CONVERTED</CityName>
		</Row>
	</Civilization_CityNames>
	<Civilization_FreeBuildingClasses>
		<Row>
			<CivilizationType>CIVILIZATION_CYBERMEN</CivilizationType>
			<BuildingClassType>BUILDINGCLASS_PALACE</BuildingClassType>
		</Row>
	</Civilization_FreeBuildingClasses>
	<Civilization_FreeTechs>
		<Row>
			<CivilizationType>CIVILIZATION_CYBERMEN</CivilizationType>
			<TechType>TECH_AGRICULTURE</TechType>
		</Row>
	</Civilization_FreeTechs>
	<Civilization_FreeUnits>
		<Row>
			<CivilizationType>CIVILIZATION_CYBERMEN</CivilizationType>
			<UnitClassType>UNITCLASS_SETTLER</UnitClassType>
			<Count>1</Count>
			<UnitAIType>UNITAI_SETTLE</UnitAIType>
		</Row>
	</Civilization_FreeUnits>
	<Civilization_Leaders>
		<Row>
			<CivilizationType>CIVILIZATION_CYBERMEN</CivilizationType>
			<LeaderheadType>LEADER_JLUMIC</LeaderheadType>
		</Row>
	</Civilization_Leaders>
	<Civilization_Start_Region_Priority>
		<Row>
			<CivilizationType>CIVILIZATION_CYBERMEN</CivilizationType>
			<RegionType>REGION_PLAINS</RegionType>
		</Row>
	</Civilization_Start_Region_Priority>
	<Civilization_SpyNames>
		<Row>
			<CivilizationType>CIVILIZATION_CYBERMEN</CivilizationType>
			<SpyName>TXT_KEY_SPY_NAME_CYBERMAT_0</SpyName>
		</Row>
		<Row>
			<CivilizationType>CIVILIZATION_CYBERMEN</CivilizationType>
			<SpyName>TXT_KEY_SPY_NAME_CYBERMAT_1</SpyName>
		</Row>
		<Row>
			<CivilizationType>CIVILIZATION_CYBERMEN</CivilizationType>
			<SpyName>TXT_KEY_SPY_NAME_CYBERMAT_2</SpyName>
		</Row>
		<Row>
			<CivilizationType>CIVILIZATION_CYBERMEN</CivilizationType>
			<SpyName>TXT_KEY_SPY_NAME_CYBERMAT_3</SpyName>
		</Row>
		<Row>
			<CivilizationType>CIVILIZATION_CYBERMEN</CivilizationType>
			<SpyName>TXT_KEY_SPY_NAME_CYBERMAT_4</SpyName>
		</Row>
		<Row>
			<CivilizationType>CIVILIZATION_CYBERMEN</CivilizationType>
			<SpyName>TXT_KEY_SPY_NAME_CYBERMAT_5</SpyName>
		</Row>
		<Row>
			<CivilizationType>CIVILIZATION_CYBERMEN</CivilizationType>
			<SpyName>TXT_KEY_SPY_NAME_CYBERMAT_6</SpyName>
		</Row>
		<Row>
			<CivilizationType>CIVILIZATION_CYBERMEN</CivilizationType>
			<SpyName>TXT_KEY_SPY_NAME_CYBERMAT_7</SpyName>
		</Row>
		<Row>
			<CivilizationType>CIVILIZATION_CYBERMEN</CivilizationType>
			<SpyName>TXT_KEY_SPY_NAME_CYBERMAT_8</SpyName>
		</Row>
	</Civilization_SpyNames>
</GameData>