<?xml version="1.0" encoding="utf-8"?>
<GameData>
	<Civilizations>
		<Row>
			<Type>CIVILIZATION_LEMETRU</Type>
			<Description>TXT_KEY_CIV_LEMETRU_DESC</Description>
			<ShortDescription>TXT_KEY_CIV_LEMETRU_SHORT_DESC</ShortDescription>
			<Adjective>TXT_KEY_CIV_LEMETRU_ADJECTIVE</Adjective>
			<Civilopedia>TXT_KEY_CIV_LEMETRU_PEDIA</Civilopedia>
			<CivilopediaTag>TXT_KEY_CIV5_LEMETRU</CivilopediaTag>
			<DefaultPlayerColor>PLAYERCOLOR_LEMETRU</DefaultPlayerColor>
			<ArtDefineTag>ART_DEF_CIVILIZATION_ENGLAND</ArtDefineTag>
			<ArtStyleType>ARTSTYLE_AMERICAN</ArtStyleType>
			<ArtStyleSuffix>_AMER</ArtStyleSuffix>
			<ArtStylePrefix>AMERICAN</ArtStylePrefix>
			<PortraitIndex>4</PortraitIndex>
			<IconAtlas>CIV_COLOR_ATLAS_METRUNUI</IconAtlas>
			<AlphaIconAtlas>CIV_ALPHA_ATLAS_METRUNUI</AlphaIconAtlas>
			<MapImage>MapMEtruNui.dds</MapImage>
			<DawnOfManQuote>TXT_KEY_CIV5_DAWN_LEMETRU_TEXT</DawnOfManQuote>
			<DawnOfManImage>ToaMatauDOM.dds</DawnOfManImage>
			<SoundtrackTag>METRUNUI</SoundtrackTag>
		</Row>
	</Civilizations>
	<Civilization_CityNames>
		<Row>
			<CivilizationType>CIVILIZATION_LEMETRU</CivilizationType>
			<CityName>TXT_KEY_CITY_NAME_LEMETRU</CityName>
		</Row>
		<Row>
			<CivilizationType>CIVILIZATION_LEMETRU</CivilizationType>
			<CityName>TXT_KEY_CITY_NAME_THE_NOTCH</CityName>
		</Row>
		<Row>
			<CivilizationType>CIVILIZATION_LEMETRU</CivilizationType>
			<CityName>TXT_KEY_CITY_NAME_SECTOR_3</CityName>
		</Row>
		<Row>
			<CivilizationType>CIVILIZATION_LEMETRU</CivilizationType>
			<CityName>TXT_KEY_CITY_NAME_THE_HUB</CityName>
		</Row>
		<Row>
			<CivilizationType>CIVILIZATION_LEMETRU</CivilizationType>
			<CityName>TXT_KEY_CITY_NAME_TOWER_OF_TOA</CityName>
		</Row>
		<Row>
			<CivilizationType>CIVILIZATION_LEMETRU</CivilizationType>
			<CityName>TXT_KEY_CITY_NAME_AIRSHIP_DOCK</CityName>
		</Row>
		<Row>
			<CivilizationType>CIVILIZATION_LEMETRU</CivilizationType>
			<CityName>TXT_KEY_CITY_NAME_CHUTE_FACTORY</CityName>
		</Row>
	</Civilization_CityNames>
	<Civilization_Religions>
		<Row>
			<CivilizationType>CIVILIZATION_LEMETRU</CivilizationType>
			<ReligionType>RELIGION_TENGRIISM</ReligionType>
		</Row>
	</Civilization_Religions>
	<Civilization_SpyNames>
		<Row>
			<CivilizationType>CIVILIZATION_LEMETRU</CivilizationType>
			<SpyName>TXT_KEY_SPY_NAME_LEMETRU_0</SpyName>
		</Row>
		<Row>
			<CivilizationType>CIVILIZATION_LEMETRU</CivilizationType>
			<SpyName>TXT_KEY_SPY_NAME_LEMETRU_1</SpyName>
		</Row>
		<Row>
			<CivilizationType>CIVILIZATION_LEMETRU</CivilizationType>
			<SpyName>TXT_KEY_SPY_NAME_LEMETRU_2</SpyName>
		</Row>
		<Row>
			<CivilizationType>CIVILIZATION_LEMETRU</CivilizationType>
			<SpyName>TXT_KEY_SPY_NAME_LEMETRU_3</SpyName>
		</Row>
		<Row>
			<CivilizationType>CIVILIZATION_LEMETRU</CivilizationType>
			<SpyName>TXT_KEY_SPY_NAME_LEMETRU_4</SpyName>
		</Row>
		<Row>
			<CivilizationType>CIVILIZATION_LEMETRU</CivilizationType>
			<SpyName>TXT_KEY_SPY_NAME_LEMETRU_5</SpyName>
		</Row>
		<Row>
			<CivilizationType>CIVILIZATION_LEMETRU</CivilizationType>
			<SpyName>TXT_KEY_SPY_NAME_LEMETRU_6</SpyName>
		</Row>
		<Row>
			<CivilizationType>CIVILIZATION_LEMETRU</CivilizationType>
			<SpyName>TXT_KEY_SPY_NAME_LEMETRU_7</SpyName>
		</Row>
		<Row>
			<CivilizationType>CIVILIZATION_LEMETRU</CivilizationType>
			<SpyName>TXT_KEY_SPY_NAME_LEMETRU_8</SpyName>
		</Row>
		<Row>
			<CivilizationType>CIVILIZATION_LEMETRU</CivilizationType>
			<SpyName>TXT_KEY_SPY_NAME_LEMETRU_9</SpyName>
		</Row>
	</Civilization_SpyNames>
	<Civilization_FreeBuildingClasses>
		<Row>
			<CivilizationType>CIVILIZATION_LEMETRU</CivilizationType>
			<BuildingClassType>BUILDINGCLASS_PALACE</BuildingClassType>
		</Row>
	</Civilization_FreeBuildingClasses>
	<Civilization_FreeTechs>
		<Row>
			<CivilizationType>CIVILIZATION_LEMETRU</CivilizationType>
			<TechType>TECH_AGRICULTURE</TechType>
		</Row>
	</Civilization_FreeTechs>
	<Civilization_FreeUnits>
		<Row>
			<CivilizationType>CIVILIZATION_LEMETRU</CivilizationType>
			<UnitClassType>UNITCLASS_SETTLER</UnitClassType>
			<Count>1</Count>
			<UnitAIType>UNITAI_SETTLE</UnitAIType>
		</Row>
	</Civilization_FreeUnits>
	<Civilization_Leaders>
		<Row>
			<CivilizationType>CIVILIZATION_LEMETRU</CivilizationType>
			<LeaderheadType>LEADER_TOAMATAU</LeaderheadType>
		</Row>
	</Civilization_Leaders>
	<Civilization_Start_Region_Priority>
		<Row>
			<CivilizationType>CIVILIZATION_LEMETRU</CivilizationType>
			<RegionType>REGION_GRASS</RegionType>
		</Row>
	</Civilization_Start_Region_Priority>
	<Civilization_BuildingClassOverrides>
		<Row>
			<CivilizationType>CIVILIZATION_LEMETRU</CivilizationType>
			<BuildingClassType>BUILDINGCLASS_MILITARY_ACADEMY</BuildingClassType>
			<BuildingType>BUILDING_TEST_TRACK</BuildingType>
		</Row>
		<Row>
			<CivilizationType>CIVILIZATION_LEMETRU</CivilizationType>
			<BuildingClassType>BUILDINGCLASS_WORKSHOP</BuildingClassType>
			<BuildingType>BUILDING_MOTOHUB</BuildingType>
		</Row>
	</Civilization_BuildingClassOverrides>
</GameData>
