<?xml version="1.0" encoding="utf-8"?>
<GameData>
	<Civilizations>
		<Row>
			<Type>CIVILIZATION_POMETRU</Type>
			<Description>TXT_KEY_CIV_POMETRU_DESC</Description>
			<ShortDescription>TXT_KEY_CIV_POMETRU_SHORT_DESC</ShortDescription>
			<Adjective>TXT_KEY_CIV_POMETRU_ADJECTIVE</Adjective>
			<Civilopedia>TXT_KEY_CIV_POMETRU_PEDIA</Civilopedia>
			<CivilopediaTag>TXT_KEY_CIV5_POMETRU</CivilopediaTag>
			<DefaultPlayerColor>PLAYERCOLOR_POMETRU</DefaultPlayerColor>
			<ArtDefineTag>ART_DEF_CIVILIZATION_ENGLAND</ArtDefineTag>
			<ArtStyleType>ARTSTYLE_MIDDLE_EAST</ArtStyleType>
			<ArtStyleSuffix>_AFRI</ArtStyleSuffix>
			<ArtStylePrefix>AFRICAN</ArtStylePrefix>
			<PortraitIndex>5</PortraitIndex>
			<IconAtlas>CIV_COLOR_ATLAS_METRUNUI</IconAtlas>
			<AlphaIconAtlas>CIV_ALPHA_ATLAS_METRUNUI</AlphaIconAtlas>
			<MapImage>MapMetruNui.dds</MapImage>
			<DawnOfManQuote>TXT_KEY_CIV5_DAWN_POMETRU_TEXT</DawnOfManQuote>
			<DawnOfManImage>ToaOnewaDOM.dds</DawnOfManImage>
			<SoundtrackTag>METRUNUI</SoundtrackTag>
		</Row>
	</Civilizations>
	<Civilization_BuildingClassOverrides>
		<Row>
			<CivilizationType>CIVILIZATION_POMETRU</CivilizationType>
			<BuildingClassType>BUILDINGCLASS_WORKSHOP</BuildingClassType>
			<BuildingType>BUILDING_FIELD_CONSTRUCTION</BuildingType>
		</Row>
		<Row>
			<CivilizationType>CIVILIZATION_POMETRU</CivilizationType>
			<BuildingClassType>BUILDINGCLASS_GARDEN</BuildingClassType>
			<BuildingType>BUILDING_SCULPTURE_FIELDS</BuildingType>
		</Row>
	</Civilization_BuildingClassOverrides>
	<Civilization_CityNames>
		<Row>
			<CivilizationType>CIVILIZATION_POMETRU</CivilizationType>
			<CityName>TXT_KEY_CITY_NAME_POMETRU</CityName>
		</Row>
		<Row>
			<CivilizationType>CIVILIZATION_POMETRU</CivilizationType>
			<CityName>TXT_KEY_CITY_NAME_CANYON_OF_UNENDING_WHISPERS</CityName>
		</Row>
		<Row>
			<CivilizationType>CIVILIZATION_POMETRU</CivilizationType>
			<CityName>TXT_KEY_CITY_NAME_CHUTE_STATION_445</CityName>
		</Row>
		<Row>
			<CivilizationType>CIVILIZATION_POMETRU</CivilizationType>
			<CityName>TXT_KEY_CITY_NAME_PROTODERMIS_WAREHOUSE</CityName>
		</Row>
		<Row>
			<CivilizationType>CIVILIZATION_POMETRU</CivilizationType>
			<CityName>TXT_KEY_CITY_NAME_EAST_QUARRY</CityName>
		</Row>
		<Row>
			<CivilizationType>CIVILIZATION_POMETRU</CivilizationType>
			<CityName>TXT_KEY_CITY_NAME_ASSEMBLY_BAY</CityName>
		</Row>
		<Row>
			<CivilizationType>CIVILIZATION_POMETRU</CivilizationType>
			<CityName>TXT_KEY_CITY_NAME_GREAT_STATUE</CityName>
		</Row>
		<Row>
			<CivilizationType>CIVILIZATION_POMETRU</CivilizationType>
			<CityName>TXT_KEY_CITY_NAME_VAHKI_YARD</CityName>
		</Row>
		<Row>
			<CivilizationType>CIVILIZATION_POMETRU</CivilizationType>
			<CityName>TXT_KEY_CITY_NAME_HEWKIIS_DISKS</CityName>
		</Row>
	</Civilization_CityNames>
	<Civilization_Religions>
		<Row>
			<CivilizationType>CIVILIZATION_POMETRU</CivilizationType>
			<ReligionType>RELIGION_HAU</ReligionType>
		</Row>
	</Civilization_Religions>
	<Civilization_SpyNames>
		<Row>
			<CivilizationType>CIVILIZATION_POMETRU</CivilizationType>
			<SpyName>TXT_KEY_SPY_NAME_POMETRU_0</SpyName>
		</Row>
		<Row>
			<CivilizationType>CIVILIZATION_POMETRU</CivilizationType>
			<SpyName>TXT_KEY_SPY_NAME_POMETRU_1</SpyName>
		</Row>
		<Row>
			<CivilizationType>CIVILIZATION_POMETRU</CivilizationType>
			<SpyName>TXT_KEY_SPY_NAME_POMETRU_2</SpyName>
		</Row>
		<Row>
			<CivilizationType>CIVILIZATION_POMETRU</CivilizationType>
			<SpyName>TXT_KEY_SPY_NAME_POMETRU_3</SpyName>
		</Row>
		<Row>
			<CivilizationType>CIVILIZATION_POMETRU</CivilizationType>
			<SpyName>TXT_KEY_SPY_NAME_POMETRU_4</SpyName>
		</Row>
		<Row>
			<CivilizationType>CIVILIZATION_POMETRU</CivilizationType>
			<SpyName>TXT_KEY_SPY_NAME_POMETRU_5</SpyName>
		</Row>
		<Row>
			<CivilizationType>CIVILIZATION_POMETRU</CivilizationType>
			<SpyName>TXT_KEY_SPY_NAME_POMETRU_6</SpyName>
		</Row>
		<Row>
			<CivilizationType>CIVILIZATION_POMETRU</CivilizationType>
			<SpyName>TXT_KEY_SPY_NAME_POMETRU_7</SpyName>
		</Row>
		<Row>
			<CivilizationType>CIVILIZATION_POMETRU</CivilizationType>
			<SpyName>TXT_KEY_SPY_NAME_POMETRU_8</SpyName>
		</Row>
		<Row>
			<CivilizationType>CIVILIZATION_POMETRU</CivilizationType>
			<SpyName>TXT_KEY_SPY_NAME_POMETRU_9</SpyName>
		</Row>
	</Civilization_SpyNames>
	<Civilization_FreeBuildingClasses>
		<Row>
			<CivilizationType>CIVILIZATION_POMETRU</CivilizationType>
			<BuildingClassType>BUILDINGCLASS_PALACE</BuildingClassType>
		</Row>
	</Civilization_FreeBuildingClasses>
	<Civilization_FreeTechs>
		<Row>
			<CivilizationType>CIVILIZATION_POMETRU</CivilizationType>
			<TechType>TECH_AGRICULTURE</TechType>
		</Row>
	</Civilization_FreeTechs>
	<Civilization_FreeUnits>
		<Row>
			<CivilizationType>CIVILIZATION_POMETRU</CivilizationType>
			<UnitClassType>UNITCLASS_SETTLER</UnitClassType>
			<Count>1</Count>
			<UnitAIType>UNITAI_SETTLE</UnitAIType>
		</Row>
	</Civilization_FreeUnits>
	<Civilization_Leaders>
		<Row>
			<CivilizationType>CIVILIZATION_POMETRU</CivilizationType>
			<LeaderheadType>LEADER_TOAONEWA</LeaderheadType>
		</Row>
	</Civilization_Leaders>
	<Civilization_Start_Region_Priority>
		<Row>
			<CivilizationType>CIVILIZATION_POMETRU</CivilizationType>
			<RegionType>REGION_DESERT</RegionType>
		</Row>
	</Civilization_Start_Region_Priority>
</GameData>
