<?xml version="1.0" encoding="utf-8"?>
<GameData>
	<Civilizations>
		<Row>
			<Type>CIVILIZATION_ONUMETRU</Type>
			<Description>TXT_KEY_CIV_ONUMETRU_DESC</Description>
			<ShortDescription>TXT_KEY_CIV_ONUMETRU_SHORT_DESC</ShortDescription>
			<Adjective>TXT_KEY_CIV_ONUMETRU_ADJECTIVE</Adjective>
			<Civilopedia>TXT_KEY_CIV_ONUMETRU_PEDIA</Civilopedia>
			<CivilopediaTag>TXT_KEY_CIV5_ONUMETRU</CivilopediaTag>
			<DefaultPlayerColor>PLAYERCOLOR_ONUMETRU</DefaultPlayerColor>
			<ArtDefineTag>ART_DEF_CIVILIZATION_ENGLAND</ArtDefineTag>
			<ArtStyleType>ARTSTYLE_GRECO_ROMAN</ArtStyleType>
			<ArtStyleSuffix>_EURO</ArtStyleSuffix>
			<ArtStylePrefix>EUROPEAN</ArtStylePrefix>
			<PortraitIndex>1</PortraitIndex>
			<IconAtlas>CIV_COLOR_ATLAS_METRUNUI</IconAtlas>
			<AlphaIconAtlas>CIV_ALPHA_ATLAS_METRUNUI</AlphaIconAtlas>
			<MapImage>MapMetruNui.dds</MapImage>
			<DawnOfManQuote>TXT_KEY_CIV5_DAWN_ONUMETRU_TEXT</DawnOfManQuote>
			<DawnOfManImage>ToaWhenuaDOM.dds</DawnOfManImage>
			<SoundtrackTag>METRUNUI</SoundtrackTag>
		</Row>
	</Civilizations>
	<Civilization_CityNames>
		<Row>
			<CivilizationType>CIVILIZATION_ONUMETRU</CivilizationType>
			<CityName>TXT_KEY_CITY_NAME_ONUMETRU</CityName>
		</Row>
		<Row>
			<CivilizationType>CIVILIZATION_ONUMETRU</CivilizationType>
			<CityName>TXT_KEY_CITY_NAME_DEEP_ARCHIVES</CityName>
		</Row>
		<Row>
			<CivilizationType>CIVILIZATION_ONUMETRU</CivilizationType>
			<CityName>TXT_KEY_CITY_NAME_LIGHTSTONE_MINE</CityName>
		</Row>
		<Row>
			<CivilizationType>CIVILIZATION_ONUMETRU</CivilizationType>
			<CityName>TXT_KEY_CITY_NAME_FIKOU_WEB</CityName>
		</Row>
		<Row>
			<CivilizationType>CIVILIZATION_ONUMETRU</CivilizationType>
			<CityName>TXT_KEY_CITY_NAME_PROTODERMIS_MINE</CityName>
		</Row>
		<Row>
			<CivilizationType>CIVILIZATION_ONUMETRU</CivilizationType>
			<CityName>TXT_KEY_CITY_NAME_MAINTENANCE_TUNNELS</CityName>
		</Row>
		<Row>
			<CivilizationType>CIVILIZATION_ONUMETRU</CivilizationType>
			<CityName>TXT_KEY_CITY_NAME_DARK_HUNTER_PRISON</CityName>
		</Row>
		<Row>
			<CivilizationType>CIVILIZATION_ONUMETRU</CivilizationType>
			<CityName>TXT_KEY_CITY_NAME_SUB_THOUGHT_TOWER</CityName>
		</Row>
		<Row>
			<CivilizationType>CIVILIZATION_ONUMETRU</CivilizationType>
			<CityName>TXT_KEY_CITY_NAME_RAHI_ROW</CityName>
		</Row>
	</Civilization_CityNames>
	<Civilization_Religions>
		<Row>
			<CivilizationType>CIVILIZATION_ONUMETRU</CivilizationType>
			<ReligionType>RELIGION_ZOROASTRIANISM</ReligionType>
		</Row>
	</Civilization_Religions>
	<Civilization_SpyNames>
		<Row>
			<CivilizationType>CIVILIZATION_ONUMETRU</CivilizationType>
			<SpyName>TXT_KEY_SPY_NAME_ONUMETRU_0</SpyName>
		</Row>
		<Row>
			<CivilizationType>CIVILIZATION_ONUMETRU</CivilizationType>
			<SpyName>TXT_KEY_SPY_NAME_ONUMETRU_1</SpyName>
		</Row>
		<Row>
			<CivilizationType>CIVILIZATION_ONUMETRU</CivilizationType>
			<SpyName>TXT_KEY_SPY_NAME_ONUMETRU_2</SpyName>
		</Row>
		<Row>
			<CivilizationType>CIVILIZATION_ONUMETRU</CivilizationType>
			<SpyName>TXT_KEY_SPY_NAME_ONUMETRU_3</SpyName>
		</Row>
		<Row>
			<CivilizationType>CIVILIZATION_ONUMETRU</CivilizationType>
			<SpyName>TXT_KEY_SPY_NAME_ONUMETRU_4</SpyName>
		</Row>
		<Row>
			<CivilizationType>CIVILIZATION_ONUMETRU</CivilizationType>
			<SpyName>TXT_KEY_SPY_NAME_ONUMETRU_5</SpyName>
		</Row>
		<Row>
			<CivilizationType>CIVILIZATION_ONUMETRU</CivilizationType>
			<SpyName>TXT_KEY_SPY_NAME_ONUMETRU_6</SpyName>
		</Row>
		<Row>
			<CivilizationType>CIVILIZATION_ONUMETRU</CivilizationType>
			<SpyName>TXT_KEY_SPY_NAME_ONUMETRU_7</SpyName>
		</Row>
		<Row>
			<CivilizationType>CIVILIZATION_ONUMETRU</CivilizationType>
			<SpyName>TXT_KEY_SPY_NAME_ONUMETRU_8</SpyName>
		</Row>
		<Row>
			<CivilizationType>CIVILIZATION_ONUMETRU</CivilizationType>
			<SpyName>TXT_KEY_SPY_NAME_ONUMETRU_9</SpyName>
		</Row>
	</Civilization_SpyNames>
	<Civilization_FreeTechs>
		<Row>
			<CivilizationType>CIVILIZATION_ONUMETRU</CivilizationType>
			<TechType>TECH_AGRICULTURE</TechType>
		</Row>
	</Civilization_FreeTechs>
	<Civilization_FreeUnits>
		<Row>
			<CivilizationType>CIVILIZATION_ONUMETRU</CivilizationType>
			<UnitClassType>UNITCLASS_SETTLER</UnitClassType>
			<Count>1</Count>
			<UnitAIType>UNITAI_SETTLE</UnitAIType>
		</Row>
	</Civilization_FreeUnits>
	<Civilization_Leaders>
		<Row>
			<CivilizationType>CIVILIZATION_ONUMETRU</CivilizationType>
			<LeaderheadType>LEADER_TOAWHENUA</LeaderheadType>
		</Row>
	</Civilization_Leaders>
	<Civilization_Start_Region_Priority>
		<Row>
			<CivilizationType>CIVILIZATION_ONUMETRU</CivilizationType>
			<RegionType>REGION_HILLS</RegionType>
		</Row>
	</Civilization_Start_Region_Priority>
	<Civilization_FreeBuildingClasses>
		<Row>
			<CivilizationType>CIVILIZATION_ONUMETRU</CivilizationType>
			<BuildingClassType>BUILDINGCLASS_PALACE</BuildingClassType>
		</Row>
	</Civilization_FreeBuildingClasses>
	<Civilization_UnitClassOverrides>
		<Row>
			<CivilizationType>CIVILIZATION_ONUMETRU</CivilizationType>
			<UnitClassType>UNITCLASS_ARCHAEOLOGIST</UnitClassType>
			<UnitType>UNIT_ARCHIVIST</UnitType>
		</Row>
	</Civilization_UnitClassOverrides>
	<Civilization_BuildingClassOverrides>
		<Row>
			<CivilizationType>CIVILIZATION_ONUMETRU</CivilizationType>
			<BuildingClassType>BUILDINGCLASS_UNIVERSITY</BuildingClassType>
			<BuildingType>BUILDING_GREAT_ARCHIVES</BuildingType>
		</Row>
	</Civilization_BuildingClassOverrides>
</GameData>
