<?xml version="1.0" encoding="utf-8"?>
<GameData>
	<Traits>
		<Row>
			<Type>TRAIT_MASK_MAKERS</Type>
			<Description>TXT_KEY_TRAIT_MASK_MAKERS</Description>
			<ShortDescription>TXT_KEY_TRAIT_MASK_MAKERS_SHORT</ShortDescription>
			<FreeBuilding>BUILDING_TAMETRU_PRODUCTION_BLD</FreeBuilding>
			<FreeUnit>UNITCLASS_ENGINEER</FreeUnit>
			<FreeUnitPrereqTech>TECH_ENGINEERING</FreeUnitPrereqTech>
		</Row>
		<Row>
			<Type>TRAIT_PREDICT_FUTURE</Type>
			<Description>TXT_KEY_TRAIT_PREDICT_FUTURE</Description>
			<ShortDescription>TXT_KEY_TRAIT_PREDICT_FUTURE_SHORT</ShortDescription>
			<FreeBuilding>BUILDING_KOMETRU_SNOW_FOOD</FreeBuilding>
		</Row>
		<Row>
			<Type>TRAIT_LOOK_PAST</Type>
			<Description>TXT_KEY_TRAIT_LOOK_PAST</Description>
			<ShortDescription>TXT_KEY_TRAIT_LOOK_PAST_SHORT</ShortDescription>
	</Row>
		<Row>
			<Type>TRAIT_MASTER_CARVERS</Type>
			<Description>TXT_KEY_TRAIT_MASTER_CARVERS</Description>
			<ShortDescription>TXT_KEY_TRAIT_MASTER_CARVERS_SHORT</ShortDescription>
			<FreeUnit>UNITCLASS_ARTIST</FreeUnit>
			<FreeUnitPrereqTech>TECH_MASONRY</FreeUnitPrereqTech>
			<FreeBuilding>BUILDING_POMETRU_ART_BLD</FreeBuilding>
		</Row>
		<Row>
			<Type>TRAIT_EDUCATIONAL_SPIRIT</Type>
			<Description>TXT_KEY_TRAIT_EDUCATIONAL_SPIRIT</Description>
			<ShortDescription>TXT_KEY_TRAIT_EDUCATIONAL_SPIRIT_SHORT</ShortDescription>
		</Row>
		<Row>
			<Type>TRAIT_CHUTE_BUILDERS</Type>
			<Description>TXT_KEY_TRAIT_CHUTE_BUILDERS</Description>
			<ShortDescription>TXT_KEY_TRAIT_CHUTE_BUILDERS_SHORT</ShortDescription>
			<ImprovementMaintenanceModifier>-100</ImprovementMaintenanceModifier>
		</Row>
	</Traits>
	<Trait_ImprovementYieldChanges>
		<Row>
			<TraitType>TRAIT_MASK_MAKERS</TraitType>
			<ImprovementType>IMPROVEMENT_MANUFACTORY</ImprovementType>
			<YieldType>YIELD_PRODUCTION</YieldType>
			<Yield>1</Yield>
		</Row>
		<Row>
			<TraitType>TRAIT_MASK_MAKERS</TraitType>
			<ImprovementType>IMPROVEMENT_MANUFACTORY</ImprovementType>
			<YieldType>YIELD_GOLD</YieldType>
			<Yield>1</Yield>
		</Row>
		<Row>
			<TraitType>TRAIT_MASK_MAKERS</TraitType>
			<ImprovementType>IMPROVEMENT_CUSTOMS_HOUSE</ImprovementType>
			<YieldType>YIELD_PRODUCTION</YieldType>
			<Yield>1</Yield>
		</Row>
		<Row>
			<TraitType>TRAIT_MASK_MAKERS</TraitType>
			<ImprovementType>IMPROVEMENT_CUSTOMS_HOUSE</ImprovementType>
			<YieldType>YIELD_GOLD</YieldType>
			<Yield>1</Yield>
		</Row>
		<Row>
			<TraitType>TRAIT_EDUCATIONAL_SPIRIT</TraitType>
			<ImprovementType>IMPROVEMENT_FISHING_BOATS</ImprovementType>
			<YieldType>YIELD_FAITH</YieldType>
			<Yield>1</Yield>
		</Row>
		<Row>
			<TraitType>TRAIT_MASTER_CARVERS</TraitType>
			<ImprovementType>IMPROVEMENT_QUARRY</ImprovementType>
			<YieldType>YIELD_PRODUCTION</YieldType>
			<Yield>1</Yield>
		</Row>
		<Row>
			<TraitType>TRAIT_MASTER_CARVERS</TraitType>
			<ImprovementType>IMPROVEMENT_QUARRY</ImprovementType>
			<YieldType>YIELD_CULTURE</YieldType>
			<Yield>1</Yield>
		</Row>
	</Trait_ImprovementYieldChanges>
	<Trait_YieldChangesPerTradePartner>
		<Row>
			<TraitType>TRAIT_MASK_MAKERS</TraitType>
			<YieldType>YIELD_PRODUCTION</YieldType>
			<Yield>2</Yield>
		</Row>
		<Row>
			<TraitType>TRAIT_PREDICT_FUTURE</TraitType>
			<YieldType>YIELD_SCIENCE</YieldType>
			<Yield>2</Yield>
		</Row>
	</Trait_YieldChangesPerTradePartner>
	<Trait_YieldChangesIncomingTradeRoute>
		<Row>
			<TraitType>TRAIT_PREDICT_FUTURE</TraitType>
			<YieldType>YIELD_SCIENCE</YieldType>
			<Yield>5</Yield>
		</Row>
	</Trait_YieldChangesIncomingTradeRoute>
	<Trait_SpecialistYieldChanges>
		<Row>
			<TraitType>TRAIT_LOOK_PAST</TraitType>
			<SpecialistType>SPECIALIST_SCIENTIST</SpecialistType>
			<YieldType>YIELD_CULTURE</YieldType>
			<Yield>2</Yield>
		</Row>
		<Row>
			<TraitType>TRAIT_PREDICT_FUTURE</TraitType>
			<SpecialistType>SPECIALIST_SCIENTIST</SpecialistType>
			<YieldType>YIELD_SCIENCE</YieldType>
			<Yield>1</Yield>
		</Row>
		<Row>
			<TraitType>TRAIT_PREDICT_FUTURE</TraitType>
			<SpecialistType>SPECIALIST_SCIENTIST</SpecialistType>
			<YieldType>YIELD_FOOD</YieldType>
			<Yield>1</Yield>
		</Row>
	</Trait_SpecialistYieldChanges>
</GameData>