<GameData>
	<ArtDefine_UnitInfos>
		<Row>
			<Type>ART_DEF_UNIT_NUURAKH</Type>
			<DamageStates>1</DamageStates>
			<Formation>Vehicle</Formation>
		</Row>
	</ArtDefine_UnitInfos>
	<ArtDefine_UnitInfoMemberInfos>
		<Row>
			<UnitInfoType>ART_DEF_UNIT_NUURAKH</UnitInfoType>
			<UnitMemberInfoType>ART_DEF_UNIT_MEMBER_NUURAKH</UnitMemberInfoType>
			<NumMembers>3</NumMembers>
		</Row>
	</ArtDefine_UnitInfoMemberInfos>
	<ArtDefine_UnitMemberInfos>
		<Row>
			<Type>ART_DEF_UNIT_MEMBER_NUURAKH</Type>
			<Scale>0.08</Scale>
			<Model>Assets/Units/Mech/Mech.fxsxml</Model>
			<MaterialTypeTag>METAL</MaterialTypeTag>
			<MaterialTypeSoundOverrideTag>METALLRG</MaterialTypeSoundOverrideTag>
		</Row>
	</ArtDefine_UnitMemberInfos>
	<ArtDefine_UnitMemberCombats>
		<Row>
			<UnitMemberType>ART_DEF_UNIT_MEMBER_NUURAKH</UnitMemberType>
			<EnableActions>Idle Attack RunCharge AttackCity Bombard Death BombardDefend Run Fortify CombatReady Walk AttackCharge</EnableActions>
			<ShortMoveRadius>5.0</ShortMoveRadius>
			<ShortMoveRate>0.35</ShortMoveRate>
			<TargetHeight>12.0</TargetHeight>
			<HasShortRangedAttack>1</HasShortRangedAttack>
			<HasStationaryMelee>1</HasStationaryMelee>
			<ReformBeforeCombat>1</ReformBeforeCombat>
		</Row>
	</ArtDefine_UnitMemberCombats>
	<ArtDefine_UnitMemberCombatWeapons>
		<Row>
			<UnitMemberType>ART_DEF_UNIT_MEMBER_NUURAKH</UnitMemberType>
			<Index>0</Index>
			<SubIndex>0</SubIndex>
			<WeaponTypeTag>EXPLOSIVE</WeaponTypeTag>
			<WeaponTypeSoundOverrideTag>RAILGUN</WeaponTypeSoundOverrideTag>
		</Row>
	</ArtDefine_UnitMemberCombatWeapons>
	<!-- Not Yet Implemented -->
	<!--
	<ArtDefine_StrategicView>
		<Row>
			<StrategicViewType>ART_DEF_UNIT_NUURAKH</StrategicViewType>
			<TileType>Unit</TileType>
			<Asset>boxorSV.dds</Asset>
		</Row>
	</ArtDefine_StrategicView>
	-->
</GameData>