<?xml version="1.0" encoding="utf-8"?>
<GameData>
	<Leaders>
		<Row>
			<Type>LEADER_TOAMATAU</Type>
			<Description>TXT_KEY_LEADER_TOAMATAU</Description>
			<Civilopedia>TXT_KEY_LEADER_TOAMATAU_PEDIA</Civilopedia>
			<CivilopediaTag>TXT_KEY_CIVILOPEDIA_LEADERS_TOAMATAU</CivilopediaTag>
			<ArtDefineTag>ToaMatau_Scene.xml</ArtDefineTag>
			<VictoryCompetitiveness>5</VictoryCompetitiveness>
			<WonderCompetitiveness>4</WonderCompetitiveness>
			<MinorCivCompetitiveness>5</MinorCivCompetitiveness>
			<Boldness>8</Boldness>
			<DiploBalance>5</DiploBalance>
			<WarmongerHate>7</WarmongerHate>
			<DenounceWillingness>3</DenounceWillingness>
			<DoFWillingness>8</DoFWillingness>
			<Loyalty>6</Loyalty>
			<Neediness>5</Neediness>
			<Forgiveness>5</Forgiveness>
			<Chattiness>8</Chattiness>
			<Meanness>4</Meanness>
			<PortraitIndex>4</PortraitIndex>
			<IconAtlas>LEADER_ATLAS_METRUNUI</IconAtlas>
		</Row>
	</Leaders>
	<Leader_MajorCivApproachBiases>
		<Row>
			<LeaderType>LEADER_TOAMATAU</LeaderType>
			<MajorCivApproachType>MAJOR_CIV_APPROACH_WAR</MajorCivApproachType>
			<Bias>7</Bias>
		</Row>
		<Row>
			<LeaderType>LEADER_TOAMATAU</LeaderType>
			<MajorCivApproachType>MAJOR_CIV_APPROACH_HOSTILE</MajorCivApproachType>
			<Bias>3</Bias>
		</Row>
		<Row>
			<LeaderType>LEADER_TOAMATAU</LeaderType>
			<MajorCivApproachType>MAJOR_CIV_APPROACH_DECEPTIVE</MajorCivApproachType>
			<Bias>3</Bias>
		</Row>
		<Row>
			<LeaderType>LEADER_TOAMATAU</LeaderType>
			<MajorCivApproachType>MAJOR_CIV_APPROACH_GUARDED</MajorCivApproachType>
			<Bias>3</Bias>
		</Row>
		<Row>
			<LeaderType>LEADER_TOAMATAU</LeaderType>
			<MajorCivApproachType>MAJOR_CIV_APPROACH_AFRAID</MajorCivApproachType>
			<Bias>2</Bias>
		</Row>
		<Row>
			<LeaderType>LEADER_TOAMATAU</LeaderType>
			<MajorCivApproachType>MAJOR_CIV_APPROACH_FRIENDLY</MajorCivApproachType>
			<Bias>8</Bias>
		</Row>
		<Row>
			<LeaderType>LEADER_TOAMATAU</LeaderType>
			<MajorCivApproachType>MAJOR_CIV_APPROACH_NEUTRAL</MajorCivApproachType>
			<Bias>4</Bias>
		</Row>
	</Leader_MajorCivApproachBiases>
	<Leader_MinorCivApproachBiases>
		<Row>
			<LeaderType>LEADER_TOAMATAU</LeaderType>
			<MinorCivApproachType>MINOR_CIV_APPROACH_IGNORE</MinorCivApproachType>
			<Bias>4</Bias>
		</Row>
		<Row>
			<LeaderType>LEADER_TOAMATAU</LeaderType>
			<MinorCivApproachType>MINOR_CIV_APPROACH_FRIENDLY</MinorCivApproachType>
			<Bias>8</Bias>
		</Row>
		<Row>
			<LeaderType>LEADER_TOAMATAU</LeaderType>
			<MinorCivApproachType>MINOR_CIV_APPROACH_PROTECTIVE</MinorCivApproachType>
			<Bias>7</Bias>
		</Row>
		<Row>
			<LeaderType>LEADER_TOAMATAU</LeaderType>
			<MinorCivApproachType>MINOR_CIV_APPROACH_CONQUEST</MinorCivApproachType>
			<Bias>5</Bias>
		</Row>
		<Row>
			<LeaderType>LEADER_TOAMATAU</LeaderType>
			<MinorCivApproachType>MINOR_CIV_APPROACH_BULLY</MinorCivApproachType>
			<Bias>4</Bias>
		</Row>
	</Leader_MinorCivApproachBiases>
	<Leader_Flavors>
		<Row>
			<LeaderType>LEADER_TOAMATAU</LeaderType>
			<FlavorType>FLAVOR_OFFENSE</FlavorType>
			<Flavor>7</Flavor>
		</Row>
		<Row>
			<LeaderType>LEADER_TOAMATAU</LeaderType>
			<FlavorType>FLAVOR_DEFENSE</FlavorType>
			<Flavor>4</Flavor>
		</Row>
		<Row>
			<LeaderType>LEADER_TOAMATAU</LeaderType>
			<FlavorType>FLAVOR_CITY_DEFENSE</FlavorType>
			<Flavor>5</Flavor>
		</Row>
		<Row>
			<LeaderType>LEADER_TOAMATAU</LeaderType>
			<FlavorType>FLAVOR_MILITARY_TRAINING</FlavorType>
			<Flavor>8</Flavor>
		</Row>
		<Row>
			<LeaderType>LEADER_TOAMATAU</LeaderType>
			<FlavorType>FLAVOR_RECON</FlavorType>
			<Flavor>5</Flavor>
		</Row>
		<Row>
			<LeaderType>LEADER_TOAMATAU</LeaderType>
			<FlavorType>FLAVOR_RANGED</FlavorType>
			<Flavor>7</Flavor>
		</Row>
		<Row>
			<LeaderType>LEADER_TOAMATAU</LeaderType>
			<FlavorType>FLAVOR_MOBILE</FlavorType>
			<Flavor>7</Flavor>
		</Row>
		<Row>
			<LeaderType>LEADER_TOAMATAU</LeaderType>
			<FlavorType>FLAVOR_NAVAL</FlavorType>
			<Flavor>2</Flavor>
		</Row>
		<Row>
			<LeaderType>LEADER_TOAMATAU</LeaderType>
			<FlavorType>FLAVOR_NAVAL_RECON</FlavorType>
			<Flavor>3</Flavor>
		</Row>
		<Row>
			<LeaderType>LEADER_TOAMATAU</LeaderType>
			<FlavorType>FLAVOR_NAVAL_GROWTH</FlavorType>
			<Flavor>5</Flavor>
		</Row>
		<Row>
			<LeaderType>LEADER_TOAMATAU</LeaderType>
			<FlavorType>FLAVOR_NAVAL_TILE_IMPROVEMENT</FlavorType>
			<Flavor>5</Flavor>
		</Row>
		<Row>
			<LeaderType>LEADER_TOAMATAU</LeaderType>
			<FlavorType>FLAVOR_AIR</FlavorType>
			<Flavor>8</Flavor>
		</Row>
		<Row>
			<LeaderType>LEADER_TOAMATAU</LeaderType>
			<FlavorType>FLAVOR_EXPANSION</FlavorType>
			<Flavor>7</Flavor>
		</Row>
		<Row>
			<LeaderType>LEADER_TOAMATAU</LeaderType>
			<FlavorType>FLAVOR_GROWTH</FlavorType>
			<Flavor>6</Flavor>
		</Row>
		<Row>
			<LeaderType>LEADER_TOAMATAU</LeaderType>
			<FlavorType>FLAVOR_TILE_IMPROVEMENT</FlavorType>
			<Flavor>7</Flavor>
		</Row>
		<Row>
			<LeaderType>LEADER_TOAMATAU</LeaderType>
			<FlavorType>FLAVOR_INFRASTRUCTURE</FlavorType>
			<Flavor>7</Flavor>
		</Row>
		<Row>
			<LeaderType>LEADER_TOAMATAU</LeaderType>
			<FlavorType>FLAVOR_PRODUCTION</FlavorType>
			<Flavor>5</Flavor>
		</Row>
		<Row>
			<LeaderType>LEADER_TOAMATAU</LeaderType>
			<FlavorType>FLAVOR_GOLD</FlavorType>
			<Flavor>5</Flavor>
		</Row>
		<Row>
			<LeaderType>LEADER_TOAMATAU</LeaderType>
			<FlavorType>FLAVOR_SCIENCE</FlavorType>
			<Flavor>6</Flavor>
		</Row>
		<Row>
			<LeaderType>LEADER_TOAMATAU</LeaderType>
			<FlavorType>FLAVOR_CULTURE</FlavorType>
			<Flavor>3</Flavor>
		</Row>
		<Row>
			<LeaderType>LEADER_TOAMATAU</LeaderType>
			<FlavorType>FLAVOR_HAPPINESS</FlavorType>
			<Flavor>8</Flavor>
		</Row>
		<Row>
			<LeaderType>LEADER_TOAMATAU</LeaderType>
			<FlavorType>FLAVOR_GREAT_PEOPLE</FlavorType>
			<Flavor>4</Flavor>
		</Row>
		<Row>
			<LeaderType>LEADER_TOAMATAU</LeaderType>
			<FlavorType>FLAVOR_WONDER</FlavorType>
			<Flavor>4</Flavor>
		</Row>
		<Row>
			<LeaderType>LEADER_TOAMATAU</LeaderType>
			<FlavorType>FLAVOR_RELIGION</FlavorType>
			<Flavor>6</Flavor>
		</Row>
		<Row>
			<LeaderType>LEADER_TOAMATAU</LeaderType>
			<FlavorType>FLAVOR_DIPLOMACY</FlavorType>
			<Flavor>6</Flavor>
		</Row>
		<Row>
			<LeaderType>LEADER_TOAMATAU</LeaderType>
			<FlavorType>FLAVOR_SPACESHIP</FlavorType>
			<Flavor>3</Flavor>
		</Row>
		<Row>
			<LeaderType>LEADER_TOAMATAU</LeaderType>
			<FlavorType>FLAVOR_WATER_CONNECTION</FlavorType>
			<Flavor>3</Flavor>
		</Row>
		<Row>
			<LeaderType>LEADER_TOAMATAU</LeaderType>
			<FlavorType>FLAVOR_NUKE</FlavorType>
			<Flavor>3</Flavor>
		</Row>
		<Row>
			<LeaderType>LEADER_TOAMATAU</LeaderType>
			<FlavorType>FLAVOR_USE_NUKE</FlavorType>
			<Flavor>5</Flavor>
		</Row>
		<Row>
			<LeaderType>LEADER_TOAMATAU</LeaderType>
			<FlavorType>FLAVOR_ESPIONAGE</FlavorType>
			<Flavor>5</Flavor>
		</Row>
		<Row>
			<LeaderType>LEADER_TOAMATAU</LeaderType>
			<FlavorType>FLAVOR_ANTIAIR</FlavorType>
			<Flavor>5</Flavor>
		</Row>
		<Row>
			<LeaderType>LEADER_TOAMATAU</LeaderType>
			<FlavorType>FLAVOR_AIR_CARRIER</FlavorType>
			<Flavor>3</Flavor>
		</Row>
		<Row>
			<LeaderType>LEADER_TOAMATAU</LeaderType>
			<FlavorType>FLAVOR_I_LAND_TRADE_ROUTE</FlavorType>
			<Flavor>5</Flavor>
		</Row>
		<Row>
			<LeaderType>LEADER_TOAMATAU</LeaderType>
			<FlavorType>FLAVOR_I_SEA_TRADE_ROUTE</FlavorType>
			<Flavor>5</Flavor>
		</Row>
		<Row>
			<LeaderType>LEADER_TOAMATAU</LeaderType>
			<FlavorType>FLAVOR_ARCHAEOLOGY</FlavorType>
			<Flavor>5</Flavor>
		</Row>
		<Row>
			<LeaderType>LEADER_TOAMATAU</LeaderType>
			<FlavorType>FLAVOR_I_TRADE_ORIGIN</FlavorType>
			<Flavor>5</Flavor>
		</Row>
		<Row>
			<LeaderType>LEADER_TOAMATAU</LeaderType>
			<FlavorType>FLAVOR_I_TRADE_DESTINATION</FlavorType>
			<Flavor>5</Flavor>
		</Row>
		<Row>
			<LeaderType>LEADER_TOAMATAU</LeaderType>
			<FlavorType>FLAVOR_AIRLIFT</FlavorType>
			<Flavor>5</Flavor>
		</Row>
	</Leader_Flavors>
	<Leader_Traits>
		<Row>
			<LeaderType>LEADER_TOAMATAU</LeaderType>
			<TraitType>TRAIT_CHUTE_BUILDERS</TraitType>
		</Row>
	</Leader_Traits>
</GameData>