<?xml version="1.0" encoding="utf-8"?>
<!-- Created by ModBuddy on 3/21/2013 5:29:22 AM -->
<GameData>
	<Traits>
		<Row>
			<Type>NO_EMOTION</Type>
			<Description>TXT_KEY_TRAIT_NO_EMOTION</Description>
			<ShortDescription>TXT_KEY_TRAIT_NO_EMOTION_SHORT</ShortDescription>
		</Row>
	</Traits>
	<Trait_YieldModifiers>
		<Row>
			<TraitType>NO_EMOTION</TraitType>
			<YieldType>YIELD_SCIENCE</YieldType>
			<Yield>10</Yield>
		</Row>
		<Row>
			<TraitType>NO_EMOTION</TraitType>
			<YieldType>YIELD_FAITH</YieldType>
			<Yield>-120</Yield>
		</Row>
	</Trait_YieldModifiers>
	<Trait_FreePromotionUnitCombats>
		<Row>
			<TraitType>NO_EMOTION</TraitType>
			<UnitCombatType>UNITCOMBAT_MELEE</UnitCombatType>
			<PromotionType>PROMOTION_REPLACECT</PromotionType>
		</Row>
		<Row>
			<TraitType>NO_EMOTION</TraitType>
			<UnitCombatType>UNITCOMBAT_ARCHER</UnitCombatType>
			<PromotionType>PROMOTION_REPLACECT</PromotionType>
		</Row>
		<Row>
			<TraitType>NO_EMOTION</TraitType>
			<UnitCombatType>UNITCOMBAT_RECON</UnitCombatType>
			<PromotionType>PROMOTION_REPLACECT</PromotionType>
		</Row>
		<Row>
			<TraitType>NO_EMOTION</TraitType>
			<UnitCombatType>UNITCOMBAT_GUN</UnitCombatType>
			<PromotionType>PROMOTION_REPLACECT</PromotionType>
		</Row>
		<Row>
			<TraitType>NO_EMOTION</TraitType>
			<UnitCombatType>UNITCOMBAT_SIEGE</UnitCombatType>
			<PromotionType>PROMOTION_REPLACECT</PromotionType>
		</Row>
		<Row>
			<TraitType>NO_EMOTION</TraitType>
			<UnitCombatType>UNITCOMBAT_ARMOR</UnitCombatType>
			<PromotionType>PROMOTION_REPLACECT</PromotionType>
		</Row>
	</Trait_FreePromotionUnitCombats>
</GameData>