<?xml version="1.0" encoding="utf-8"?>
<!-- Created by ModBuddy on 3/21/2013 5:35:36 AM -->
<GameData>
	<Colors>
		<Row>
			<Type>COLOR_PLAYER_CYBERMEN_BACKGROUND</Type>
			<Red>0.1</Red>
			<Green>0.1</Green>
			<Blue>0.1</Blue>
			<Alpha>1</Alpha>
		</Row>
		<Row>
			<Type>COLOR_PLAYER_CYBERMEN_ICON</Type>
			<Red>0.32</Red>
			<Green>0.2</Green>
			<Blue>0.2</Blue>
			<Alpha>1</Alpha>
		</Row>
	</Colors>
	<PlayerColors>
		<Row>
			<Type>PLAYERCOLOR_CYBERMEN</Type>
			<PrimaryColor>COLOR_PLAYER_CYBERMEN_ICON</PrimaryColor>
			<SecondaryColor>COLOR_PLAYER_CYBERMEN_BACKGROUND</SecondaryColor>
			<TextColor>COLOR_PLAYER_DARK_RED_TEXT</TextColor>
		</Row>
	</PlayerColors>
</GameData>