<?xml version="1.0" encoding="utf-8"?>
<GameData>
	<Civilizations>
		<Row>
			<Type>CIVILIZATION_TAMETRU</Type>
			<Description>TXT_KEY_CIV_TAMETRU_DESC</Description>
			<ShortDescription>TXT_KEY_CIV_TAMETRU_SHORT_DESC</ShortDescription>
			<Adjective>TXT_KEY_CIV_TAMETRU_ADJECTIVE</Adjective>
			<Civilopedia>TXT_KEY_CIV_TAMETRU_PEDIA</Civilopedia>
			<CivilopediaTag>TXT_KEY_CIV5_TAMETRU</CivilopediaTag>
			<DefaultPlayerColor>PLAYERCOLOR_TAMETRU</DefaultPlayerColor>
			<ArtDefineTag>ART_DEF_CIVILIZATION_ENGLAND</ArtDefineTag>
			<ArtStyleType>ARTSTYLE_EUROPEAN</ArtStyleType>
			<ArtStyleSuffix>_EURO</ArtStyleSuffix>
			<ArtStylePrefix>EUROPEAN</ArtStylePrefix>
			<PortraitIndex>2</PortraitIndex>
			<IconAtlas>CIV_COLOR_ATLAS_METRUNUI</IconAtlas>
			<AlphaIconAtlas>CIV_ALPHA_ATLAS_METRUNUI</AlphaIconAtlas>
			<MapImage>MapMetruNui.dds</MapImage>
			<DawnOfManQuote>TXT_KEY_CIV5_DAWN_TAMETRU_TEXT</DawnOfManQuote>
			<DawnOfManImage>ToaVakamaDOM.dds</DawnOfManImage>
			<SoundtrackTag>METRUNUI</SoundtrackTag>
		</Row>
	</Civilizations>
	<Civilization_CityNames>
		<Row>
			<CivilizationType>CIVILIZATION_TAMETRU</CivilizationType>
			<CityName>TXT_KEY_CITY_NAME_TAMETRU</CityName>
		</Row>
		<Row>
			<CivilizationType>CIVILIZATION_TAMETRU</CivilizationType>
			<CityName>TXT_KEY_CITY_NAME_THE_FIRE_PITS</CityName>
		</Row>
		<Row>
			<CivilizationType>CIVILIZATION_TAMETRU</CivilizationType>
			<CityName>TXT_KEY_CITY_NAME_VAKAMAS_FOUNDRY</CityName>
		</Row>
		<Row>
			<CivilizationType>CIVILIZATION_TAMETRU</CivilizationType>
			<CityName>TXT_KEY_CITY_NAME_PROTODERMIS_REC_YARD</CityName>
		</Row>
		<Row>
			<CivilizationType>CIVILIZATION_TAMETRU</CivilizationType>
			<CityName>TXT_KEY_CITY_NAME_RECLAMATION_FURNACE</CityName>
		</Row>
		<Row>
			<CivilizationType>CIVILIZATION_TAMETRU</CivilizationType>
			<CityName>TXT_KEY_CITY_NAME_FOUNDRY_17</CityName>
		</Row>
		<Row>
			<CivilizationType>CIVILIZATION_TAMETRU</CivilizationType>
			<CityName>TXT_KEY_CITY_NAME_VAT_CONTROL</CityName>
		</Row>
		<Row>
			<CivilizationType>CIVILIZATION_TAMETRU</CivilizationType>
			<CityName>TXT_KEY_CITY_NAME_MOLTEN_LAKE</CityName>
		</Row>
	</Civilization_CityNames>
	<Civilization_Religions>
		<Row>
			<CivilizationType>CIVILIZATION_TAMETRU</CivilizationType>
			<ReligionType>RELIGION_HAU</ReligionType>
		</Row>
	</Civilization_Religions>
	<Civilization_SpyNames>
		<Row>
			<CivilizationType>CIVILIZATION_TAMETRU</CivilizationType>
			<SpyName>TXT_KEY_SPY_NAME_TAMETRU_0</SpyName>
		</Row>
		<Row>
			<CivilizationType>CIVILIZATION_TAMETRU</CivilizationType>
			<SpyName>TXT_KEY_SPY_NAME_TAMETRU_1</SpyName>
		</Row>
		<Row>
			<CivilizationType>CIVILIZATION_TAMETRU</CivilizationType>
			<SpyName>TXT_KEY_SPY_NAME_TAMETRU_2</SpyName>
		</Row>
		<Row>
			<CivilizationType>CIVILIZATION_TAMETRU</CivilizationType>
			<SpyName>TXT_KEY_SPY_NAME_TAMETRU_3</SpyName>
		</Row>
		<Row>
			<CivilizationType>CIVILIZATION_TAMETRU</CivilizationType>
			<SpyName>TXT_KEY_SPY_NAME_TAMETRU_4</SpyName>
		</Row>
		<Row>
			<CivilizationType>CIVILIZATION_TAMETRU</CivilizationType>
			<SpyName>TXT_KEY_SPY_NAME_TAMETRU_5</SpyName>
		</Row>
		<Row>
			<CivilizationType>CIVILIZATION_TAMETRU</CivilizationType>
			<SpyName>TXT_KEY_SPY_NAME_TAMETRU_6</SpyName>
		</Row>
		<Row>
			<CivilizationType>CIVILIZATION_TAMETRU</CivilizationType>
			<SpyName>TXT_KEY_SPY_NAME_TAMETRU_7</SpyName>
		</Row>
		<Row>
			<CivilizationType>CIVILIZATION_TAMETRU</CivilizationType>
			<SpyName>TXT_KEY_SPY_NAME_TAMETRU_8</SpyName>
		</Row>
		<Row>
			<CivilizationType>CIVILIZATION_TAMETRU</CivilizationType>
			<SpyName>TXT_KEY_SPY_NAME_TAMETRU_9</SpyName>
		</Row>
	</Civilization_SpyNames>
	<Civilization_FreeTechs>
		<Row>
			<CivilizationType>CIVILIZATION_TAMETRU</CivilizationType>
			<TechType>TECH_AGRICULTURE</TechType>
		</Row>
	</Civilization_FreeTechs>
	<Civilization_FreeUnits>
		<Row>
			<CivilizationType>CIVILIZATION_TAMETRU</CivilizationType>
			<UnitClassType>UNITCLASS_SETTLER</UnitClassType>
			<Count>1</Count>
			<UnitAIType>UNITAI_SETTLE</UnitAIType>
		</Row>
	</Civilization_FreeUnits>
	<Civilization_FreeBuildingClasses>
		<Row>
			<CivilizationType>CIVILIZATION_TAMETRU</CivilizationType>
			<BuildingClassType>BUILDINGCLASS_PALACE</BuildingClassType>
		</Row>
	</Civilization_FreeBuildingClasses>
	<Civilization_Leaders>
		<Row>
			<CivilizationType>CIVILIZATION_TAMETRU</CivilizationType>
			<LeaderheadType>LEADER_TOAVAKAMA</LeaderheadType>
		</Row>
	</Civilization_Leaders>
	<Civilization_Start_Region_Priority>
		<Row>
			<CivilizationType>CIVILIZATION_TAMETRU</CivilizationType>
			<RegionType>REGION_FOREST</RegionType>
		</Row>
	</Civilization_Start_Region_Priority>
	<Civilization_UnitClassOverrides>
		<Row>
			<CivilizationType>CIVILIZATION_TAMETRU</CivilizationType>
			<UnitClassType>UNITCLASS_CAVALRY</UnitClassType>
			<UnitType>UNIT_NUURAKH</UnitType>
		</Row>
	</Civilization_UnitClassOverrides>
	<Civilization_BuildingClassOverrides>
		<Row>
			<CivilizationType>CIVILIZATION_TAMETRU</CivilizationType>
			<BuildingClassType>BUILDINGCLASS_IRONWORKS</BuildingClassType>
			<BuildingType>BUILDING_GREAT_FURNACE</BuildingType>
		</Row>
	</Civilization_BuildingClassOverrides>
</GameData>
