<?xml version="1.0" encoding="utf-8"?>
<GameData>
	<Civilizations>
		<Row>
			<Type>CIVILIZATION_GAMETRU</Type>
			<Description>TXT_KEY_CIV_GAMETRU_DESC</Description>
			<ShortDescription>TXT_KEY_CIV_GAMETRU_SHORT_DESC</ShortDescription>
			<Adjective>TXT_KEY_CIV_GAMETRU_ADJECTIVE</Adjective>
			<Civilopedia>TXT_KEY_CIV_GAMETRU_PEDIA</Civilopedia>
			<CivilopediaTag>TXT_KEY_CIV5_GAMETRU</CivilopediaTag>
			<DefaultPlayerColor>PLAYERCOLOR_GAMETRU</DefaultPlayerColor>
			<ArtDefineTag>ART_DEF_CIVILIZATION_ENGLAND</ArtDefineTag>
			<ArtStyleType>ARTSTYLE_SOUTH_AMERICA</ArtStyleType>
			<ArtStyleSuffix>_AMER</ArtStyleSuffix>
			<ArtStylePrefix>AMERICAN</ArtStylePrefix>
			<PortraitIndex>3</PortraitIndex>
			<IconAtlas>CIV_COLOR_ATLAS_METRUNUI</IconAtlas>
			<AlphaIconAtlas>CIV_ALPHA_ATLAS_METRUNUI</AlphaIconAtlas>
			<MapImage>MapMetruNui.dds</MapImage>
			<DawnOfManQuote>TXT_KEY_CIV5_DAWN_GAMETRU_TEXT</DawnOfManQuote>
			<DawnOfManImage>ToaNokamaDOM.dds</DawnOfManImage>
			<SoundtrackTag>METRUNUI</SoundtrackTag>
		</Row>
	</Civilizations>
	<Civilization_BuildingClassOverrides>
		<Row>
			<CivilizationType>CIVILIZATION_GAMETRU</CivilizationType>
			<BuildingClassType>BUILDINGCLASS_GRAND_TEMPLE</BuildingClassType>
			<BuildingType>BUILDING_GREAT_TEMPLE</BuildingType>
		</Row>
		<Row>
			<CivilizationType>CIVILIZATION_GAMETRU</CivilizationType>
			<BuildingClassType>BUILDINGCLASS_OXFORD_UNIVERSITY</BuildingClassType>
			<BuildingType>BUILDING_SCHOOL_GA</BuildingType>
		</Row>
	</Civilization_BuildingClassOverrides>
	<Civilization_CityNames>
		<Row>
			<CivilizationType>CIVILIZATION_GAMETRU</CivilizationType>
			<CityName>TXT_KEY_CITY_NAME_GAMETRU</CityName>
		</Row>
		<Row>
			<CivilizationType>CIVILIZATION_GAMETRU</CivilizationType>
			<CityName>TXT_KEY_CITY_NAME_FOUNTAIN_OF_WISDOM</CityName>
		</Row>
		<Row>
			<CivilizationType>CIVILIZATION_GAMETRU</CivilizationType>
			<CityName>TXT_KEY_CITY_NAME_SILVER_SEA</CityName>
		</Row>
		<Row>
			<CivilizationType>CIVILIZATION_GAMETRU</CivilizationType>
			<CityName>TXT_KEY_CITY_NAME_PROTODERMIS_PURIFIER</CityName>
		</Row>
		<Row>
			<CivilizationType>CIVILIZATION_GAMETRU</CivilizationType>
			<CityName>TXT_KEY_CITY_NAME_KNOWLEDGE_CANAL</CityName>
		</Row>
		<Row>
			<CivilizationType>CIVILIZATION_GAMETRU</CivilizationType>
			<CityName>TXT_KEY_CITY_NAME_CANOE_YARD</CityName>
		</Row>
		<Row>
			<CivilizationType>CIVILIZATION_GAMETRU</CivilizationType>
			<CityName>TXT_KEY_CITY_NAME_TOA_SUVA</CityName>
		</Row>
	</Civilization_CityNames>
	<Civilization_Religions>
		<Row>
			<CivilizationType>CIVILIZATION_GAMETRU</CivilizationType>
			<ReligionType>RELIGION_CONFUCIANISM</ReligionType>
		</Row>
	</Civilization_Religions>
	<Civilization_SpyNames>
		<Row>
			<CivilizationType>CIVILIZATION_GAMETRU</CivilizationType>
			<SpyName>TXT_KEY_SPY_NAME_GAMETRU_0</SpyName>
		</Row>
		<Row>
			<CivilizationType>CIVILIZATION_GAMETRU</CivilizationType>
			<SpyName>TXT_KEY_SPY_NAME_GAMETRU_1</SpyName>
		</Row>
		<Row>
			<CivilizationType>CIVILIZATION_GAMETRU</CivilizationType>
			<SpyName>TXT_KEY_SPY_NAME_GAMETRU_2</SpyName>
		</Row>
		<Row>
			<CivilizationType>CIVILIZATION_GAMETRU</CivilizationType>
			<SpyName>TXT_KEY_SPY_NAME_GAMETRU_3</SpyName>
		</Row>
		<Row>
			<CivilizationType>CIVILIZATION_GAMETRU</CivilizationType>
			<SpyName>TXT_KEY_SPY_NAME_GAMETRU_4</SpyName>
		</Row>
		<Row>
			<CivilizationType>CIVILIZATION_GAMETRU</CivilizationType>
			<SpyName>TXT_KEY_SPY_NAME_GAMETRU_5</SpyName>
		</Row>
		<Row>
			<CivilizationType>CIVILIZATION_GAMETRU</CivilizationType>
			<SpyName>TXT_KEY_SPY_NAME_GAMETRU_6</SpyName>
		</Row>
		<Row>
			<CivilizationType>CIVILIZATION_GAMETRU</CivilizationType>
			<SpyName>TXT_KEY_SPY_NAME_GAMETRU_7</SpyName>
		</Row>
		<Row>
			<CivilizationType>CIVILIZATION_GAMETRU</CivilizationType>
			<SpyName>TXT_KEY_SPY_NAME_GAMETRU_8</SpyName>
		</Row>
		<Row>
			<CivilizationType>CIVILIZATION_GAMETRU</CivilizationType>
			<SpyName>TXT_KEY_SPY_NAME_GAMETRU_9</SpyName>
		</Row>
	</Civilization_SpyNames>
	<Civilization_FreeBuildingClasses>
		<Row>
			<CivilizationType>CIVILIZATION_GAMETRU</CivilizationType>
			<BuildingClassType>BUILDINGCLASS_PALACE</BuildingClassType>
		</Row>
		<Row>
			<CivilizationType>CIVILIZATION_GAMETRU</CivilizationType>
			<BuildingClassType>BUILDINGCLASS_GAMETRU_SCIENCE_BLD</BuildingClassType>
		</Row>
	</Civilization_FreeBuildingClasses>
	<Civilization_FreeTechs>
		<Row>
			<CivilizationType>CIVILIZATION_GAMETRU</CivilizationType>
			<TechType>TECH_AGRICULTURE</TechType>
		</Row>
	</Civilization_FreeTechs>
	<Civilization_FreeUnits>
		<Row>
			<CivilizationType>CIVILIZATION_GAMETRU</CivilizationType>
			<UnitClassType>UNITCLASS_SETTLER</UnitClassType>
			<Count>1</Count>
			<UnitAIType>UNITAI_SETTLE</UnitAIType>
		</Row>
	</Civilization_FreeUnits>
	<Civilization_Leaders>
		<Row>
			<CivilizationType>CIVILIZATION_GAMETRU</CivilizationType>
			<LeaderheadType>LEADER_TOANOKAMA</LeaderheadType>
		</Row>
	</Civilization_Leaders>
	<Civilization_Start_Along_Ocean>
		<Row>
			<CivilizationType>CIVILIZATION_GAMETRU</CivilizationType>
			<StartAlongOcean>true</StartAlongOcean>
		</Row>
	</Civilization_Start_Along_Ocean>
	<Civilization_Start_Region_Avoid>
		<Row>
			<CivilizationType>CIVILIZATION_GAMETRU</CivilizationType>
			<RegionType>REGION_DESERT</RegionType>
		</Row>
	</Civilization_Start_Region_Avoid>
</GameData>
