<?xml version="1.0" encoding="utf-8"?>
<!-- Created by ModBuddy on 8/10/2016 10:29:58 PM -->
<GameData>
	<Building_ResourceYieldChanges>
		<Row>
			<BuildingType>BUILDING_GREAT_ARCHIVES</BuildingType>
			<ResourceType>RESOURCE_AMBER</ResourceType>
			<YieldType>YIELD_SCIENCE</YieldType>
			<Yield>1</Yield>
		</Row>
		<Row>
			<BuildingType>BUILDING_GREAT_ARCHIVES</BuildingType>
			<ResourceType>RESOURCE_JADE</ResourceType>
			<YieldType>YIELD_SCIENCE</YieldType>
			<Yield>1</Yield>
		</Row>
		<Row>
			<BuildingType>BUILDING_GREAT_ARCHIVES</BuildingType>
			<ResourceType>RESOURCE_LAPIS</ResourceType>
			<YieldType>YIELD_SCIENCE</YieldType>
			<Yield>1</Yield>
		</Row>
		</Building_ResourceYieldChanges>
</GameData>