<?xml version="1.0" encoding="utf-8"?>
<!-- Created by ModBuddy on 7/26/2015 9:45:27 AM -->
<GameData>
	<BuildingClasses>
		<Row>
			<Type>BUILDINGCLASS_ELENTARI_CASTLE</Type>
			<DefaultBuilding>BUILDING_ELENTARI_CASTLE</DefaultBuilding>
			<Description>TXT_KEY_BUILDING_ELENTARI_CASTLE</Description>
			<MaxGlobalInstances>1</MaxGlobalInstances>
		</Row>
	</BuildingClasses>
	<Buildings>
		<Row>
			<Type>BUILDING_ELENTARI_CASTLE</Type>
			<BuildingClass>BUILDINGCLASS_ELENTARI_CASTLE</BuildingClass>
			<Cost>400</Cost>
			<PrereqTech>TECH_CHIVALRY</PrereqTech>
			<Help>TXT_KEY_WONDER_ELENTARI_CASTLE_HELP</Help>
			<Description>TXT_KEY_BUILDING_ELENTARI_CASTLE</Description>
			<Civilopedia>TXT_KEY_WONDER_ELENTARI_CASTLE_DESC</Civilopedia>
			<Quote>TXT_KEY_WONDER_ELENTARI_CASTLE_QUOTE</Quote>
			<MaxStartEra>ERA_RENAISSANCE</MaxStartEra>
			<NukeImmune>true</NukeImmune>
			<HurryCostModifier>-1</HurryCostModifier>
			<MinAreaSize>-1</MinAreaSize>
			<ConquestProb>100</ConquestProb>
			<FreeBuilding>BUILDINGCLASS_CASTLE</FreeBuilding>
			<UnitUpgradeCostMod>-25</UnitUpgradeCostMod>
			<IconAtlas>BUILDING_ATLAS_METRUNUI</IconAtlas>
			<PortraitIndex>15</PortraitIndex>
			<WonderSplashImage>ElentariCastle.dds</WonderSplashImage>
		</Row>
	</Buildings>
	<Building_Flavors>
		<Row>
			<BuildingType>BUILDING_ELENTARI_CASTLE</BuildingType>
			<FlavorType>FLAVOR_WONDER</FlavorType>
			<Flavor>100</Flavor>
		</Row>
		<Row>
			<BuildingType>BUILDING_ELENTARI_CASTLE</BuildingType>
			<FlavorType>FLAVOR_GOLD</FlavorType>
			<Flavor>50</Flavor>
		</Row>
		<Row>
			<BuildingType>BUILDING_ELENTARI_CASTLE</BuildingType>
			<FlavorType>FLAVOR_MILITARY_TRAINING</FlavorType>
			<Flavor>50</Flavor>
		</Row>
	</Building_Flavors>
	<Building_FreeUnits>
		<Row>
			<BuildingType>BUILDING_ELENTARI_CASTLE</BuildingType>
			<UnitType>UNIT_GREAT_GENERAL</UnitType>
			<NumUnits>1</NumUnits>
		</Row>
	</Building_FreeUnits>
	<Building_YieldChanges>
		<Row>
			<BuildingType>BUILDING_ELENTARI_CASTLE</BuildingType>
			<YieldType>YIELD_GOLD</YieldType>
			<Yield>6</Yield>
		</Row>
		<Row>
			<BuildingType>BUILDING_ELENTARI_CASTLE</BuildingType>
			<YieldType>YIELD_CULTURE</YieldType>
			<Yield>1</Yield>
		</Row>
	</Building_YieldChanges>

	<Language_en_US>
		<Row Tag="TXT_KEY_BUILDING_ELENTARI_CASTLE">
			<Text>Elentari Castle</Text>
		</Row>
		<Row Tag="TXT_KEY_WONDER_ELENTARI_CASTLE_HELP">
			<Text>Provides +6 [ICON_GOLD] Gold. Unit upgrade cost decreased by 25%. Provides a free castle in the city it is built. Spawns a great general upon completion. </Text>
		</Row>
		<Row Tag="TXT_KEY_WONDER_ELENTARI_CASTLE_DESC">
			<Text>Elentari Castle Civilopedia</Text>
		</Row>
		<Row Tag="TXT_KEY_WONDER_ELENTARI_CASTLE_QUOTE">
			<Text>[NEWLINE]"My name is Oluvaell Elentari. For five years I was stranded on an island with only one goal - survive. Now I will fulfill my father's dying wish - to use the list of names he left me and bring down those who are poisoning my city. To do this, I must become someone else. I must become..something else." [NEWLINE]- The Jade Archer</Text>
		</Row>
	</Language_en_US>
</GameData>