<?xml version="1.0" encoding="utf-8"?>
<!-- Created by ModBuddy on 7/26/2015 9:45:27 AM -->
<GameData>
	<BuildingClasses>
		<Row>
			<Type>BUILDINGCLASS_THE_WALL</Type>
			<DefaultBuilding>BUILDING_THE_WALL</DefaultBuilding>
			<Description>TXT_KEY_BUILDING_THE_WALL</Description>
			<MaxGlobalInstances>1</MaxGlobalInstances>
		</Row>
	</BuildingClasses>
	<Buildings>
		<Row>
			<Type>BUILDING_THE_WALL</Type>
			<BuildingClass>BUILDINGCLASS_THE_WALL</BuildingClass>
			<Cost>200</Cost>
			<PrereqTech>TECH_CALENDAR</PrereqTech>
			<Help>TXT_KEY_WONDER_THE_WALL_HELP</Help>
			<Description>TXT_KEY_BUILDING_THE_WALL</Description>
			<Civilopedia>TXT_KEY_WONDER_THE_WALL_DESC</Civilopedia>
			<Quote>TXT_KEY_WONDER_THE_WALL_QUOTE</Quote>
			<MaxStartEra>ERA_MEDIEVAL</MaxStartEra>
			<NukeImmune>true</NukeImmune>
			<HurryCostModifier>-1</HurryCostModifier>
			<MinAreaSize>-1</MinAreaSize>
			<ConquestProb>100</ConquestProb>
			<IconAtlas>BUILDING_ATLAS_METRUNUI</IconAtlas>
			<PortraitIndex>7</PortraitIndex>
			<SpecialistType>SPECIALIST_ENGINEER</SpecialistType>
			<GreatPeopleRateChange>2</GreatPeopleRateChange>
			<WonderSplashImage>WallWonder.dds</WonderSplashImage>
		</Row>
	</Buildings>
	<Building_Flavors>
		<Row>
			<BuildingType>BUILDING_THE_WALL</BuildingType>
			<FlavorType>FLAVOR_WONDER</FlavorType>
			<Flavor>100</Flavor>
		</Row>
	</Building_Flavors>
	<Building_FreeUnits>
		<Row>
			<BuildingType>BUILDING_THE_WALL</BuildingType>
			<UnitType>UNIT_VALRUM</UnitType>
			<NumUnits>1</NumUnits>
		</Row>
	</Building_FreeUnits>

	<UnitClasses>
		<Row>
			<Type>UNITCLASS_VALRUM</Type>
			<Description>TXT_KEY_UNIT_VALRUM</Description>
			<DefaultUnit>UNIT_VALRUM</DefaultUnit>
		</Row>
	</UnitClasses>
	<Units>
		<Row>
			<Class>UNITCLASS_VALRUM</Class>
			<Type>UNIT_VALRUM</Type>
			<PrereqTech/>
			<Cost>-1</Cost>
			<Moves>2</Moves>
			<Capture>UNITCLASS_WORKER</Capture>
			<CivilianAttackPriority>CIVILIAN_ATTACK_PRIORITY_LOW</CivilianAttackPriority>
			<Domain>DOMAIN_LAND</Domain>
			<DefaultUnitAI>UNITAI_WORKER</DefaultUnitAI>
			<Description>TXT_KEY_UNIT_VALRUM</Description>
			<Civilopedia>TXT_KEY_CIV5_VALRUM_TEXT</Civilopedia>
			<Strategy>TXT_KEY_UNIT_VALRUM_STRATEGY</Strategy>
			<Help>TXT_KEY_UNIT_HELP_VALRUM</Help>
			<WorkRate>100</WorkRate>
			<CombatLimit>0</CombatLimit>
			<UnitArtInfo>ART_DEF_UNIT__WORKER</UnitArtInfo>
			<UnitArtInfoEraVariation>true</UnitArtInfoEraVariation>
			<UnitFlagIconOffset>1</UnitFlagIconOffset>
			<PortraitIndex>1</PortraitIndex>
			<IconAtlas>UNIT_ATLAS_1</IconAtlas>
		</Row>
	</Units>
	<Unit_AITypes>
		<Row>
			<UnitType>UNIT_VALRUM</UnitType>
			<UnitAIType>UNITAI_WORKER</UnitAIType>
		</Row>
	</Unit_AITypes>
	<Unit_Builds>
		<Row>
			<UnitType>UNIT_VALRUM</UnitType>
			<BuildType>BUILD_WALL</BuildType>
		</Row>
	</Unit_Builds>

	<Improvements>
		<Row>
			<Type>IMPROVEMENT_WALL</Type>
			<Description>TXT_KEY_IMPROVEMENT_WALL</Description>
			<Civilopedia>TXT_KEY_CIV5_IMPROVEMENTS_WALL_TEXT</Civilopedia>
			<Help>TXT_KEY_CIV5_IMPROVEMENTS_WALL_HELP</Help>
			<ArtDefineTag>ART_DEF_TERRAIN_MOUNTAIN</ArtDefineTag>
			<PillageGold>0</PillageGold>
			<OutsideBorders>true</OutsideBorders>
			<IconAtlas>BUILDING_ATLAS_METRUNUI</IconAtlas>
			<PortraitIndex>7</PortraitIndex>
		</Row>
	</Improvements>
	<Improvement_ValidTerrains>
		<Row>
			<ImprovementType>IMPROVEMENT_WALL</ImprovementType>
			<TerrainType>TERRAIN_GRASS</TerrainType>
		</Row>
		<Row>
			<ImprovementType>IMPROVEMENT_WALL</ImprovementType>
			<TerrainType>TERRAIN_PLAINS</TerrainType>
		</Row>
		<Row>
			<ImprovementType>IMPROVEMENT_WALL</ImprovementType>
			<TerrainType>TERRAIN_TUNDRA</TerrainType>
		</Row>
		<Row>
			<ImprovementType>IMPROVEMENT_WALL</ImprovementType>
			<TerrainType>TERRAIN_DESERT</TerrainType>
		</Row>
		<Row>
			<ImprovementType>IMPROVEMENT_WALL</ImprovementType>
			<TerrainType>TERRAIN_SNOW</TerrainType>
		</Row>
	</Improvement_ValidTerrains>
	<Builds>
		<Row>
			<Type>BUILD_WALL</Type>
			<Time>800</Time>
			<ImprovementType>IMPROVEMENT_WALL</ImprovementType>
			<Description>TXT_KEY_BUILD_WALL</Description>
			<Help>TXT_KEY_BUILD_WALL_HELP</Help>
			<Recommendation>TXT_KEY_BUILD_WALL_REC</Recommendation>
			<EntityEvent>ENTITY_EVENT_BUILD</EntityEvent>
			<OrderPriority>1</OrderPriority>
			<CtrlDown>1</CtrlDown>
			<IconAtlas>BUILDING_ATLAS_METRUNUI</IconAtlas>
			<IconIndex>7</IconIndex>
		</Row>
	</Builds>
	<BuildFeatures>
		<Row>
			<BuildType>BUILD_WALL</BuildType>
			<FeatureType>FEATURE_JUNGLE</FeatureType>
			<PrereqTech>TECH_BRONZE_WORKING</PrereqTech>
			<Time>600</Time>
			<Remove>true</Remove>
		</Row>
		<Row>
			<BuildType>BUILD_WALL</BuildType>
			<FeatureType>FEATURE_FOREST</FeatureType>
			<PrereqTech>TECH_MINING</PrereqTech>
			<Time>400</Time>
			<Production>20</Production>
			<Remove>true</Remove>
		</Row>
	</BuildFeatures>

	<Language_en_US>
		<Row Tag="TXT_KEY_BUILDING_THE_WALL">
			<Text>The Sapphire Wall</Text>
		</Row>
		<Row Tag="TXT_KEY_WONDER_THE_WALL_HELP">
			<Text>Gives you Valrum's Spirit, whose devine presence allows you to build up to 8 Mountain tiles. Also provides +2 [ICON_GREAT_PEOPLE] Great Engineer points.</Text>
		</Row>
		<Row Tag="TXT_KEY_WONDER_THE_WALL_DESC">
			<Text>The Wall Civilopedia</Text>
		</Row>
		<Row Tag="TXT_KEY_WONDER_THE_WALL_QUOTE">
			<Text>[NEWLINE]"I am the sword in the darkness.  I am the watcher on the walls.  I am the shield that guards the realms of men."[NEWLINE]- Fushin Guard Oath</Text>
		</Row>

		<Row Tag="TXT_KEY_UNIT_VALRUM">
			<Text>Valrum's Spirit</Text>
		</Row>
		<Row Tag="TXT_KEY_CIV5_VALRUM_TEXT">
			<Text>Valrum's Spirit Civilopedia</Text>
		</Row>
		<Row Tag="TXT_KEY_UNIT_VALRUM_STRATEGY">
			<Text>Valrum's Spirit can be used to build 8 Mountain tiles.  Use these wisely to defend your territory.</Text>
		</Row>
		<Row Tag="TXT_KEY_UNIT_HELP_VALRUM">
			<Text>Valrum's Spirit</Text>
		</Row>

		<Row Tag="TXT_KEY_IMPROVEMENT_WALL">
			<Text>Wall</Text>
		</Row>
		<Row Tag="TXT_KEY_CIV5_IMPROVEMENTS_WALL_TEXT">
			<Text>A mountain of ice standing between you and possible invaders.</Text>
		</Row>
		<Row Tag="TXT_KEY_CIV5_IMPROVEMENTS_WALL_HELP">
			<Text>Place wisely for defense.</Text>
		</Row>
		<Row Tag="TXT_KEY_BUILD_WALL">
			<Text>Build a [LINK=IMPROVEMENT_WALL]Wall[\LINK]</Text>
		</Row>
		<Row Tag="TXT_KEY_BUILD_WALL_REC">
			<Text>Provides good defense if used well.</Text>
		</Row>
		<Row Tag="TXT_KEY_BUILD_WALL_HELP">
			<Text>Acts as a Mountain. Place well to ensure defense.</Text>
		</Row>
	</Language_en_US>
</GameData>