<?xml version="1.0" encoding="utf-8"?>
<!-- Created by ModBuddy on 7/26/2015 9:45:27 AM -->
<GameData>
	<BuildingClasses>
		<Row>
			<Type>BUILDINGCLASS_SPOOKY_PALACE</Type>
			<DefaultBuilding>BUILDING_SPOOKY_PALACE</DefaultBuilding>
			<Description>TXT_KEY_BUILDING_SPOOKY_PALACE</Description>
			<MaxGlobalInstances>1</MaxGlobalInstances>
		</Row>
	</BuildingClasses>
	<Buildings>
		<Row>
			<Type>BUILDING_SPOOKY_PALACE</Type>
			<BuildingClass>BUILDINGCLASS_SPOOKY_PALACE</BuildingClass>
			<Cost>400</Cost>
			<PrereqTech>TECH_STEEL</PrereqTech>
			<Help>TXT_KEY_WONDER_SPOOKY_PALACE_HELP</Help>
			<Description>TXT_KEY_BUILDING_SPOOKY_PALACE</Description>
			<Civilopedia>TXT_KEY_WONDER_SPOOKY_PALACE_DESC</Civilopedia>
			<Quote>TXT_KEY_WONDER_SPOOKY_PALACE_QUOTE</Quote>
			<MaxStartEra>ERA_RENAISSANCE</MaxStartEra>
			<NukeImmune>true</NukeImmune>
			<FreePromotion>PROMOTION_FRIENDSHIP</FreePromotion>
			<HurryCostModifier>-1</HurryCostModifier>
			<MinAreaSize>-1</MinAreaSize>
			<ConquestProb>100</ConquestProb>
			<IconAtlas>BUILDING_ATLAS_METRUNUI</IconAtlas>
			<PortraitIndex>13</PortraitIndex>
			<WonderSplashImage>SpookyPalace.dds</WonderSplashImage>
		</Row>
	</Buildings>
	<Building_Flavors>
		<Row>
			<BuildingType>BUILDING_SPOOKY_PALACE</BuildingType>
			<FlavorType>FLAVOR_WONDER</FlavorType>
			<Flavor>100</Flavor>
		</Row>
		<Row>
			<BuildingType>BUILDING_SPOOKY_PALACE</BuildingType>
			<FlavorType>FLAVOR_CULTURE</FlavorType>
			<Flavor>50</Flavor>
		</Row>
		<Row>
			<BuildingType>BUILDING_SPOOKY_PALACE</BuildingType>
			<FlavorType>FLAVOR_MILITARY_TRAINING</FlavorType>
			<Flavor>50</Flavor>
		</Row>
	</Building_Flavors>
	<Building_YieldChanges>
		<Row>
			<BuildingType>BUILDING_SPOOKY_PALACE</BuildingType>
			<YieldType>YIELD_CULTURE</YieldType>
			<Yield>3</Yield>
		</Row>
	</Building_YieldChanges>

	<Language_en_US>
		<Row Tag="TXT_KEY_BUILDING_SPOOKY_PALACE">
			<Text>Spooky Palace</Text>
		</Row>
		<Row Tag="TXT_KEY_WONDER_SPOOKY_PALACE_HELP">
			<Text>+3 [ICON_CULTURE] Culture, the palace provides. And give friendship bracelets, so that you might not die.</Text>
		</Row>
		<Row Tag="TXT_KEY_WONDER_SPOOKY_PALACE_DESC">
			<Text>Spooky Palace Civilopedia</Text>
		</Row>
		<Row Tag="TXT_KEY_WONDER_SPOOKY_PALACE_QUOTE">
			<Text>[NEWLINE]"Come forth you warriors thee. Come forth, and get this culture three." [NEWLINE]- Aijing</Text>
		</Row>
	</Language_en_US>
</GameData>