<?xml version="1.0" encoding="utf-8"?>
<!-- Created by ModBuddy on 7/26/2015 9:45:27 AM -->
<GameData>
	<BuildingClasses>
		<Row>
			<Type>BUILDINGCLASS_TEMPLE_SUN</Type>
			<DefaultBuilding>BUILDING_TEMPLE_SUN</DefaultBuilding>
			<Description>TXT_KEY_BUILDING_TEMPLE_SUN</Description>
			<MaxGlobalInstances>1</MaxGlobalInstances>
		</Row>
	</BuildingClasses>
	<Buildings>
		<Row>
			<Type>BUILDING_TEMPLE_SUN</Type>
			<BuildingClass>BUILDINGCLASS_TEMPLE_SUN</BuildingClass>
			<Cost>185</Cost>
			<PrereqTech>TECH_CALENDAR</PrereqTech>
			<Help>TXT_KEY_WONDER_TEMPLE_SUN_HELP</Help>
			<Description>TXT_KEY_BUILDING_TEMPLE_SUN</Description>
			<Civilopedia>TXT_KEY_WONDER_TEMPLE_SUN_DESC</Civilopedia>
			<Quote>TXT_KEY_WONDER_TEMPLE_SUN_QUOTE</Quote>
			<MaxStartEra>ERA_MEDIEVAL</MaxStartEra>
			<NearbyMountainRequired>true</NearbyMountainRequired>
			<GoldenAge>true</GoldenAge>
			<NukeImmune>true</NukeImmune>
			<HurryCostModifier>-1</HurryCostModifier>
			<MinAreaSize>-1</MinAreaSize>
			<ConquestProb>100</ConquestProb>
			<IconAtlas>BUILDING_ATLAS_METRUNUI</IconAtlas>
			<PortraitIndex>11</PortraitIndex>
			<WonderSplashImage>TempleSun.dds</WonderSplashImage>
		</Row>
	</Buildings>
	<Building_Flavors>
		<Row>
			<BuildingType>BUILDING_TEMPLE_SUN</BuildingType>
			<FlavorType>FLAVOR_WONDER</FlavorType>
			<Flavor>100</Flavor>
		</Row>
		<Row>
			<BuildingType>BUILDING_TEMPLE_SUN</BuildingType>
			<FlavorType>FLAVOR_RELIGION</FlavorType>
			<Flavor>100</Flavor>
		</Row>
	</Building_Flavors>
	<Building_YieldChanges>
		<Row>
			<BuildingType>BUILDING_TEMPLE_SUN</BuildingType>
			<YieldType>YIELD_FAITH</YieldType>
			<Yield>4</Yield>
		</Row>
	</Building_YieldChanges>

	<Language_en_US>
		<Row Tag="TXT_KEY_BUILDING_TEMPLE_SUN">
			<Text>The Temple of the Sun</Text>
		</Row>
		<Row Tag="TXT_KEY_WONDER_TEMPLE_SUN_HELP">
			<Text>Provides +4 [ICON_PEACE] faith. Starts a golden age. Must be built near a Mountain.</Text>
		</Row>
		<Row Tag="TXT_KEY_WONDER_TEMPLE_SUN_DESC">
			<Text>The Temple of the Sun Civilopedia</Text>
		</Row>
		<Row Tag="TXT_KEY_WONDER_TEMPLE_SUN_QUOTE">
			<Text>[NEWLINE]"Bring forth the sun unto my people, and let Pelor's light reign eternal." [NEWLINE]- Chief V'ar</Text>
		</Row>
	</Language_en_US>
</GameData>