<?xml version="1.0" encoding="utf-8"?>
<!-- Created by ModBuddy on 7/26/2015 9:45:27 AM -->
<GameData>
	<BuildingClasses>
		<Row>
			<Type>BUILDINGCLASS_TEMPLE_SEA</Type>
			<DefaultBuilding>BUILDING_TEMPLE_SEA</DefaultBuilding>
			<Description>TXT_KEY_BUILDING_TEMPLE_SEA</Description>
			<MaxGlobalInstances>1</MaxGlobalInstances>
		</Row>
	</BuildingClasses>
	<Buildings>
		<Row>
			<Type>BUILDING_TEMPLE_SEA</Type>
			<BuildingClass>BUILDINGCLASS_TEMPLE_SEA</BuildingClass>
			<Cost>185</Cost>
			<PrereqTech>TECH_SAILING</PrereqTech>
			<Help>TXT_KEY_WONDER_TEMPLE_SEA_HELP</Help>
			<Description>TXT_KEY_BUILDING_TEMPLE_SEA</Description>
			<Civilopedia>TXT_KEY_WONDER_TEMPLE_SEA_DESC</Civilopedia>
			<Quote>TXT_KEY_WONDER_TEMPLE_SEA_QUOTE</Quote>
			<MaxStartEra>ERA_MEDIEVAL</MaxStartEra>
			<Water>true</Water>
			<NukeImmune>true</NukeImmune>
			<HurryCostModifier>-1</HurryCostModifier>
			<MinAreaSize>-1</MinAreaSize>
			<ConquestProb>100</ConquestProb>
			<IconAtlas>BUILDING_ATLAS_METRUNUI</IconAtlas>
			<PortraitIndex>12</PortraitIndex>
			<WonderSplashImage>TempleSea.dds</WonderSplashImage>
		</Row>
	</Buildings>
	<Building_Flavors>
		<Row>
			<BuildingType>BUILDING_TEMPLE_SEA</BuildingType>
			<FlavorType>FLAVOR_WONDER</FlavorType>
			<Flavor>100</Flavor>
		</Row>
		<Row>
			<BuildingType>BUILDING_TEMPLE_SEA</BuildingType>
			<FlavorType>FLAVOR_RELIGION</FlavorType>
			<Flavor>100</Flavor>
		</Row>
	</Building_Flavors>
	<Building_YieldChanges>
		<Row>
			<BuildingType>BUILDING_TEMPLE_SEA</BuildingType>
			<YieldType>YIELD_FAITH</YieldType>
			<Yield>4</Yield>
		</Row>
	</Building_YieldChanges>
	<Building_UnitCombatProductionModifiers>
		<Row>
			<BuildingType>BUILDING_TEMPLE_SEA</BuildingType>
			<UnitCombatType>UNITCOMBAT_NAVALMELEE</UnitCombatType>
			<Modifier>25</Modifier>
		</Row>
		<Row>
			<BuildingType>BUILDING_TEMPLE_SEA</BuildingType>
			<UnitCombatType>UNITCOMBAT_NAVALRANGED</UnitCombatType>
			<Modifier>25</Modifier>
		</Row>
	</Building_UnitCombatProductionModifiers>
	<Language_en_US>
		<Row Tag="TXT_KEY_BUILDING_TEMPLE_SEA">
			<Text>The Temple of the Sea</Text>
		</Row>
		<Row Tag="TXT_KEY_WONDER_TEMPLE_SEA_HELP">
			<Text>Provides +4 [ICON_PEACE] faith. +25 [ICON_PRODUCTION] production to naval units. Must be built on a coastal city.</Text>
		</Row>
		<Row Tag="TXT_KEY_WONDER_TEMPLE_SEA_DESC">
			<Text>The Temple of the Sea Civilopedia</Text>
		</Row>
		<Row Tag="TXT_KEY_WONDER_TEMPLE_SEA_QUOTE">
			<Text>[NEWLINE]"Bring forth the wrath of the sea... And return the world to its rightful primordial state." [NEWLINE]- The Leviathan</Text>
		</Row>
	</Language_en_US>
</GameData>