<?xml version="1.0" encoding="utf-8"?>
<!-- Created by ModBuddy on 7/26/2015 9:45:27 AM -->
<GameData>
	<BuildingClasses>
		<Row>
			<Type>BUILDINGCLASS_TIME_ALTAR</Type>
			<DefaultBuilding>BUILDING_TIME_ALTAR</DefaultBuilding>
			<Description>TXT_KEY_BUILDING_TIME_ALTAR</Description>
			<MaxGlobalInstances>1</MaxGlobalInstances>
		</Row>
	</BuildingClasses>
	<Buildings>
		<Row>
			<Type>BUILDING_TIME_ALTAR</Type>
			<BuildingClass>BUILDINGCLASS_TIME_ALTAR</BuildingClass>
			<Cost>500</Cost>
			<PrereqTech>TECH_MACHINERY</PrereqTech>
			<Help>TXT_KEY_WONDER_TIME_ALTAR_HELP</Help>
			<Description>TXT_KEY_BUILDING_TIME_ALTAR</Description>
			<Civilopedia>TXT_KEY_WONDER_TIME_ALTAR_DESC</Civilopedia>
			<Quote>TXT_KEY_WONDER_TIME_ALTAR_QUOTE</Quote>
			<MaxStartEra>ERA_RENAISSANCE</MaxStartEra>
			<NukeImmune>true</NukeImmune>
			<HurryCostModifier>-1</HurryCostModifier>
			<MinAreaSize>-1</MinAreaSize>
			<ConquestProb>100</ConquestProb>
			<IconAtlas>BUILDING_ATLAS_METRUNUI</IconAtlas>
			<PortraitIndex>14</PortraitIndex>
			<WonderSplashImage>TimeAltar.dds</WonderSplashImage>
		</Row>
	</Buildings>
	<Building_Flavors>
		<Row>
			<BuildingType>BUILDING_TIME_ALTAR</BuildingType>
			<FlavorType>FLAVOR_WONDER</FlavorType>
			<Flavor>100</Flavor>
		</Row>
		<Row>
			<BuildingType>BUILDING_TIME_ALTAR</BuildingType>
			<FlavorType>FLAVOR_SCIENCE</FlavorType>
			<Flavor>50</Flavor>
		</Row>
		<Row>
			<BuildingType>BUILDING_TIME_ALTAR</BuildingType>
			<FlavorType>FLAVOR_PRODUCTION</FlavorType>
			<Flavor>50</Flavor>
		</Row>
		<Row>
			<BuildingType>BUILDING_TIME_ALTAR</BuildingType>
			<FlavorType>FLAVOR_FAITH</FlavorType>
			<Flavor>50</Flavor>
		</Row>
		<Row>
			<BuildingType>BUILDING_TIME_ALTAR</BuildingType>
			<FlavorType>FLAVOR_CULTURE</FlavorType>
			<Flavor>50</Flavor>
		</Row>
	</Building_Flavors>
	<Building_YieldChanges>
		<Row>
			<BuildingType>BUILDING_TIME_ALTAR</BuildingType>
			<YieldType>YIELD_CULTURE</YieldType>
			<Yield>3</Yield>
		</Row>
		<Row>
			<BuildingType>BUILDING_TIME_ALTAR</BuildingType>
			<YieldType>YIELD_FAITH</YieldType>
			<Yield>3</Yield>
		</Row>
		<Row>
			<BuildingType>BUILDING_TIME_ALTAR</BuildingType>
			<YieldType>YIELD_PRODUCTION</YieldType>
			<Yield>3</Yield>
		</Row>
		<Row>
			<BuildingType>BUILDING_TIME_ALTAR</BuildingType>
			<YieldType>YIELD_SCIENCE</YieldType>
			<Yield>3</Yield>
		</Row>
	</Building_YieldChanges>

	<Language_en_US>
		<Row Tag="TXT_KEY_BUILDING_TIME_ALTAR">
			<Text>The Altar of Time</Text>
		</Row>
		<Row Tag="TXT_KEY_WONDER_TIME_ALTAR_HELP">
			<Text>Provides +3 [ICON_CULTURE] Culture,  +3 [ICON_SCIENCE] Science,  +3 [ICON_PEACE] Faith, and +3 [ICON_PRODUCTION] Production.</Text>
		</Row>
		<Row Tag="TXT_KEY_WONDER_TIME_ALTAR_DESC">
			<Text>The Altar of Time Civilopedia</Text>
		</Row>
		<Row Tag="TXT_KEY_WONDER_TIME_ALTAR_QUOTE">
			<Text>[NEWLINE]"Some people live more in 20 years than others do in 80. It’s not the time that matters, it’s the person." [NEWLINE]- The Doctor... wait wrong timelord</Text>
		</Row>
	</Language_en_US>
</GameData>