<?xml version="1.0" encoding="utf-8"?>
<!-- Created by ModBuddy on 4/28/2012 2:58:16 PM -->
<GameData>
	<IconTextureAtlases>
		<Row>
			<Atlas>SHUALPHA</Atlas>
			<IconSize>32</IconSize>
			<Filename>SHUALPHA32.dds</Filename>
			<IconsPerRow>1</IconsPerRow>
			<IconsPerColumn>1</IconsPerColumn>
		</Row>
		<Row>
			<Atlas>SHU</Atlas>
			<IconSize>256</IconSize>
			<Filename>SHU256.dds</Filename>
			<IconsPerRow>8</IconsPerRow>
			<IconsPerColumn>8</IconsPerColumn>
		</Row>
		<Row>
			<Atlas>SHU</Atlas>
			<IconSize>128</IconSize>
			<Filename>SHU128.dds</Filename>
			<IconsPerRow>8</IconsPerRow>
			<IconsPerColumn>8</IconsPerColumn>
		</Row>
		<Row>
			<Atlas>SHU</Atlas>
			<IconSize>80</IconSize>
			<Filename>SHU80.dds</Filename>
			<IconsPerRow>8</IconsPerRow>
			<IconsPerColumn>8</IconsPerColumn>
		</Row>
		<Row>
			<Atlas>SHU</Atlas>
			<IconSize>64</IconSize>
			<Filename>SHU64.dds</Filename>
			<IconsPerRow>8</IconsPerRow>
			<IconsPerColumn>8</IconsPerColumn>
		</Row>
		<Row>
			<Atlas>SHU</Atlas>
			<IconSize>45</IconSize>
			<Filename>SHU45.dds</Filename>
			<IconsPerRow>8</IconsPerRow>
			<IconsPerColumn>8</IconsPerColumn>
		</Row>
		<Row>
			<Atlas>SHU</Atlas>
			<IconSize>32</IconSize>
			<Filename>SHU32.dds</Filename>
			<IconsPerRow>8</IconsPerRow>
			<IconsPerColumn>8</IconsPerColumn>
		</Row>
		<Row>
			<Atlas>CIV_PALADIN_FLAG</Atlas>
			<IconSize>32</IconSize>
			<Filename>Art/Icon_PALADIN_FLAG32.dds</Filename>
			<IconsPerRow>1</IconsPerRow>
			<IconsPerColumn>1</IconsPerColumn>
		</Row>
		<Row>
			<Atlas>CIV_ROGUE_FLAG</Atlas>
			<IconSize>32</IconSize>
			<Filename>Art/Icon_ROGUE_FLAG32.dds</Filename>
			<IconsPerRow>1</IconsPerRow>
			<IconsPerColumn>1</IconsPerColumn>
		</Row>
		<Row>
			<Atlas>CIV_BARD_FLAG</Atlas>
			<IconSize>32</IconSize>
			<Filename>Art/Icon_BARD_FLAG32.dds</Filename>
			<IconsPerRow>1</IconsPerRow>
			<IconsPerColumn>1</IconsPerColumn>
		</Row>
	</IconTextureAtlases>
</GameData>