<?xml version="1.0" encoding="utf-8"?>
<!-- Created by ModBuddy on 7/6/2012 12:51:14 PM -->
<GameData>
	<Buildings>
		<Row>
			<Type>BUILDING_MAZE</Type>
			<BuildingClass>BUILDINGCLASS_HEROIC_EPIC</BuildingClass>
			<Cost>125</Cost>
			<PrereqTech>TECH_IRON_WORKING</PrereqTech>
			<Help>+20 City Hitpoints. +20% [ICON_STRENGTH] Defense. +1 [ICON_CULTURE] Culture. All units receive the Morale promotion. All newly trained units receive a near capital combat bonus.</Help>
			<Description>The Watchtower</Description>
			<Civilopedia>The Watchtower constructed by the Knight of Shadows.</Civilopedia>
			<Strategy>The Watchtower is the unique replacement for the Heroic Epic. In addition to the bonuses for the Heroic Epic, Provides 20 more hitpoints and defense towards the city it is built.</Strategy>
			<ArtDefineTag>ART_DEF_BUILDING_WALLS</ArtDefineTag>
			<ExtraCityHitPoints>20</ExtraCityHitPoints>
			<MinAreaSize>-1</MinAreaSize>
			<AllowsRangeStrike>true</AllowsRangeStrike>
			<Defense>2000</Defense>
			<CityWall>false</CityWall>
			<FreePromotion>PROMOTION_MORALE</FreePromotion>
			<TrainedFreePromotion>PROMOTION_DEFEND_NEAR_CAPITAL</TrainedFreePromotion>
			<NumCityCostMod>30</NumCityCostMod>
			<HurryCostModifier>25</HurryCostModifier>
			<IconAtlas>SHU</IconAtlas>
			<NeverCapture>true</NeverCapture>
			<PortraitIndex>3</PortraitIndex>
		</Row>
	</Buildings>
	<Building_ClassesNeededInCity>
		<Row>
			<BuildingType>BUILDING_MAZE</BuildingType>
			<BuildingClassType>BUILDINGCLASS_BARRACKS</BuildingClassType>
		</Row>
	</Building_ClassesNeededInCity>
	<Building_PrereqBuildingClasses>
		<Row>
			<BuildingType>BUILDING_MAZE</BuildingType>
			<BuildingClassType>BUILDINGCLASS_BARRACKS</BuildingClassType>
      		<NumBuildingNeeded>-1</NumBuildingNeeded>
    	</Row>
  	</Building_PrereqBuildingClasses>
  	<Building_YieldChanges>
  		<Row>
  			<BuildingType>BUILDING_MAZE</BuildingType>
			<YieldType>YIELD_CULTURE</YieldType>
			<Yield>1</Yield>
		</Row>
	</Building_YieldChanges>
</GameData>