<?xml version="1.0" encoding="utf-8"?>
<!-- Created by ModBuddy on 7/8/2012 8:28:22 PM -->
<GameData>
	<UnitClasses>
		<Row>
			<Type>UNITCLASS_BARD</Type>
			<Description>Bard</Description>
			<DefaultUnit>UNIT_BARD</DefaultUnit>
		</Row>
	</UnitClasses>
	<Units>
		<Row>
			<Class>UNITCLASS_LONGSWORDSMAN</Class>
			<Type>UNIT_WHITEFEATHER</Type>
			<PrereqTech>TECH_STEEL</PrereqTech>
			<Combat>21</Combat>
			<Cost>125</Cost>
			<FaithCost>240</FaithCost>
			<RequiresFaithPurchaseEnabled>true</RequiresFaithPurchaseEnabled>
			<Moves>2</Moves>		
			<HurryCostModifier>20</HurryCostModifier>
			<CombatClass>UNITCOMBAT_MELEE</CombatClass>
			<Domain>DOMAIN_LAND</Domain>
			<DefaultUnitAI>UNITAI_ATTACK</DefaultUnitAI>
			<Description>TXT_KEY_UNIT_WHITEFEATHER</Description>
			<Civilopedia>TXT_KEY_CIVILOPEDIA_UNITS_WHITEFEATHER_TEXT</Civilopedia>
			<Strategy>TXT_KEY_UNIT_WHITEFEATHER_STRATEGY</Strategy>
			<Help>TXT_KEY_UNIT_HELP_WHITEFEATHER</Help>
			<MilitarySupport>true</MilitarySupport>
			<MilitaryProduction>true</MilitaryProduction>	
			<Pillage>true</Pillage>
			<ObsoleteTech>TECH_RIFLING</ObsoleteTech>
			<GoodyHutUpgradeUnitClass>UNITCLASS_RIFLEMAN</GoodyHutUpgradeUnitClass>
			<AdvancedStartCost>25</AdvancedStartCost>
			<XPValueAttack>3</XPValueAttack>
			<XPValueDefense>3</XPValueDefense>
			<Conscription>3</Conscription>
			<UnitArtInfo>ART_DEF_UNIT_U_ROMAN_LEGION</UnitArtInfo>
			<UnitFlagIconOffset>0</UnitFlagIconOffset>
			<UnitFlagAtlas>CIV_PALADIN_FLAG</UnitFlagAtlas>
			<IconAtlas>SHU</IconAtlas>
			<PortraitIndex>2</PortraitIndex>
		</Row>
		<Row>
			<Class>UNITCLASS_CROSSBOWMAN</Class>
			<Type>UNIT_ROGUE</Type>
			<PrereqTech>TECH_MACHINERY</PrereqTech>
			<Combat>12</Combat>
			<RangedCombat>18</RangedCombat>
			<Cost>125</Cost>
			<FaithCost>240</FaithCost>
			<RequiresFaithPurchaseEnabled>true</RequiresFaithPurchaseEnabled>
			<Moves>2</Moves>
			<Range>3</Range>		
			<HurryCostModifier>20</HurryCostModifier>
			<CombatClass>UNITCOMBAT_ARCHER</CombatClass>
			<Domain>DOMAIN_LAND</Domain>
			<DefaultUnitAI>UNITAI_RANGED</DefaultUnitAI>
			<Description>TXT_KEY_UNIT_ROGUE</Description>
			<Civilopedia>TXT_KEY_CIVILOPEDIA_UNITS_WHITEFEATHER_TEXT</Civilopedia>
			<Strategy>TXT_KEY_UNIT_WHITEFEATHER_STRATEGY</Strategy>
			<Help>TXT_KEY_UNIT_HELP_WHITEFEATHER</Help>
			<MilitarySupport>true</MilitarySupport>
			<MilitaryProduction>true</MilitaryProduction>	
			<Pillage>true</Pillage>
			<ObsoleteTech>TECH_DYNAMITE</ObsoleteTech>
			<GoodyHutUpgradeUnitClass>UNITCLASS_GATTLING_GUN</GoodyHutUpgradeUnitClass>
			<AdvancedStartCost>25</AdvancedStartCost>
			<XPValueAttack>3</XPValueAttack>
			<XPValueDefense>3</XPValueDefense>
			<Conscription>3</Conscription>
			<UnitArtInfo>ART_DEF_UNIT_U_ENGLISH_LONGBOWMAN</UnitArtInfo>
			<UnitFlagIconOffset>0</UnitFlagIconOffset>
			<UnitFlagAtlas>CIV_ROGUE_FLAG</UnitFlagAtlas>
			<IconAtlas>SHU</IconAtlas>
			<PortraitIndex>1</PortraitIndex>
		</Row>
		<Row>
			<Class>UNITCLASS_BARD</Class>
			<Type>UNIT_BARD</Type>
			<PrereqTech>TECH_EDUCATION</PrereqTech>
			<Combat>10</Combat>
			<RangedCombat>14</RangedCombat>
			<Range>2</Range>
			<Cost>125</Cost>
			<FaithCost>240</FaithCost>
			<RequiresFaithPurchaseEnabled>true</RequiresFaithPurchaseEnabled>
			<Moves>2</Moves>		
			<HurryCostModifier>20</HurryCostModifier>
			<CombatClass>UNITCOMBAT_RECON</CombatClass>
			<Domain>DOMAIN_LAND</Domain>
			<DefaultUnitAI>UNITAI_RANGED</DefaultUnitAI>
			<Description>TXT_KEY_UNIT_BARD</Description>
			<Civilopedia>TXT_KEY_CIVILOPEDIA_UNITS_WHITEFEATHER_TEXT</Civilopedia>
			<Strategy>TXT_KEY_UNIT_WHITEFEATHER_STRATEGY</Strategy>
			<Help>TXT_KEY_UNIT_HELP_WHITEFEATHER</Help>
			<MilitarySupport>true</MilitarySupport>
			<MilitaryProduction>true</MilitaryProduction>	
			<Pillage>true</Pillage>
			<AdvancedStartCost>-1</AdvancedStartCost>
			<XPValueAttack>3</XPValueAttack>
			<XPValueDefense>3</XPValueDefense>
			<Conscription>3</Conscription>
			<UnitArtInfo>ART_DEF_UNIT_MUSICIAN</UnitArtInfo>
			<UnitFlagIconOffset>0</UnitFlagIconOffset>
			<UnitFlagAtlas>CIV_BARD_FLAG</UnitFlagAtlas>
			<IconAtlas>SHU</IconAtlas>
			<PortraitIndex>2</PortraitIndex>
		</Row>
	</Units>
	<Unit_AITypes>
		<Row>
			<UnitType>UNIT_WHITEFEATHER</UnitType>
			<UnitAIType>UNITAI_ATTACK</UnitAIType>
		</Row>
		<Row>
			<UnitType>UNIT_WHITEFEATHER</UnitType>
			<UnitAIType>UNITAI_DEFENSE</UnitAIType>
		</Row>
		<Row>
			<UnitType>UNIT_WHITEFEATHER</UnitType>
			<UnitAIType>UNITAI_EXPLORE</UnitAIType>
		</Row>
		<Row>
			<UnitType>UNIT_ROGUE</UnitType>
			<UnitAIType>UNITAI_ATTACK</UnitAIType>
		</Row>
		<Row>
			<UnitType>UNIT_ROGUE</UnitType>
			<UnitAIType>UNITAI_DEFENSE</UnitAIType>
		</Row>
		<Row>
			<UnitType>UNIT_ROGUE</UnitType>
			<UnitAIType>UNITAI_EXPLORE</UnitAIType>
		</Row>
		<Row>
			<UnitType>UNIT_ROGUE</UnitType>
			<UnitAIType>UNITAI_RANGED</UnitAIType>
		</Row>
		<Row>
			<UnitType>UNIT_BARD</UnitType>
			<UnitAIType>UNITAI_DEFENSE</UnitAIType>
		</Row>
		<Row>
			<UnitType>UNIT_BARD</UnitType>
			<UnitAIType>UNITAI_EXPLORE</UnitAIType>
		</Row>
		<Row>
			<UnitType>UNIT_BARD</UnitType>
			<UnitAIType>UNITAI_RANGED</UnitAIType>
		</Row>
	</Unit_AITypes>
	<Unit_FreePromotions>
		<Row>
			<UnitType>UNIT_WHITEFEATHER</UnitType>
			<PromotionType>PROMOTION_MEDIC</PromotionType>
		</Row>
		<Row>
			<UnitType>UNIT_WHITEFEATHER</UnitType>
			<PromotionType>PROMOTION_GOLDENKILLER</PromotionType>
		</Row>
		<Row>
			<UnitType>UNIT_WHITEFEATHER</UnitType>
			<PromotionType>PROMOTION_FORMATION_1</PromotionType>
		</Row>
		<Row>
			<UnitType>UNIT_ROGUE</UnitType>
			<PromotionType>PROMOTION_INVISIBLE_SUBMARINE</PromotionType>
		</Row>
		<Row>
			<UnitType>UNIT_ROGUE</UnitType>
			<PromotionType>PROMOTION_CAN_MOVE_AFTER_ATTACKING</PromotionType>
		</Row>
		<Row>
			<UnitType>UNIT_ROGUE</UnitType>
			<PromotionType>PROMOTION_FLANK_ATTACK_BONUS</PromotionType>
		</Row>
		<Row>
			<UnitType>UNIT_ROGUE</UnitType>
			<PromotionType>PROMOTION_NO_DEFENSIVE_BONUSES</PromotionType>
		</Row>
		<Row>
			<UnitType>UNIT_ROGUE</UnitType>
			<PromotionType>PROMOTION_NO_CAPTURE</PromotionType>
		</Row>
		<Row>
			<UnitType>UNIT_BARD</UnitType>
			<PromotionType>PROMOTION_MEDIC</PromotionType>
		</Row>
		<Row>
			<UnitType>UNIT_BARD</UnitType>
			<PromotionType>PROMOTION_MEDIC_II</PromotionType>
		</Row>
		<Row>
			<UnitType>UNIT_BARD</UnitType>
			<PromotionType>PROMOTION_GREAT_GENERAL</PromotionType>
		</Row>
		<Row>
			<UnitType>UNIT_BARD</UnitType>
			<PromotionType>PROMOTION_RANGED_SUPPORT_FIRE</PromotionType>
		</Row>
		<Row>
			<UnitType>UNIT_BARD</UnitType>
			<PromotionType>PROMOTION_ONLY_DEFENSIVE</PromotionType>
		</Row>
	</Unit_FreePromotions>
	<Unit_ClassUpgrades>
		<Row>
			<UnitType>UNIT_WHITEFEATHER</UnitType>
			<UnitClassType>UNITCLASS_MUSKETMAN</UnitClassType>
		</Row>
		<Row>
			<UnitType>UNIT_ROGUE</UnitType>
			<UnitClassType>UNITCLASS_GATTLING_GUN</UnitClassType>
		</Row>
	</Unit_ClassUpgrades>
	<Unit_ResourceQuantityRequirements>
		<Row>
			<UnitType>UNIT_WHITEFEATHER</UnitType>
			<ResourceType>RESOURCE_IRON</ResourceType>
			<Cost>1</Cost>
		</Row>
	</Unit_ResourceQuantityRequirements>
</GameData>