﻿<?xml version="1.0" encoding="utf-8"?>
<GameData>
	<Language_en_US>
		<Row Tag="TXT_KEY_LEADER_LIUBEI_FIRSTGREETING_1">
			<Text>...</Text>
		</Row>
		<Row Tag="TXT_KEY_LEADER_LIUBEI_FIRSTGREETING_2">
			<Text>Hmm...</Text>
		</Row>
		<Row Tag="TXT_KEY_LEADER_LIUBEI_FIRSTGREETING_3">
			<Text>Hmm... your posture and maneurism suggests that you strain your eyes frequently looking at something. Video games, maybe?</Text>
		</Row> 
		<Row Tag="TXT_KEY_LEADER_LIUBEI_DEFEATED_1">
			<Text>I-I can do this all day..</Text>
		</Row>
		<Row Tag="TXT_KEY_LEADER_LIUBEI_DEFEATED_2">
			<Text>...Is that the best you got?</Text>
		</Row>
		<Row Tag="TXT_KEY_LEADER_LIUBEI_DEFEATED_3">
			<Text>Mystra....</Text>
		</Row>
		<Row Tag="TXT_KEY_LEADER_LIUBEI_ATTACKED_1">
			<Text>You have failed this city.</Text>
		</Row>
		<Row Tag="TXT_KEY_LEADER_LIUBEI_ATTACKED_2">
			<Text>You have failed this city.</Text>
		</Row>
		<Row Tag="TXT_KEY_LEADER_LIUBEI_ATTACKED_3">
			<Text>You have failed this city.</Text>
		</Row>
		<Row Tag="TXT_KEY_LEADER_LIUBEI_DECLAREWAR_1">
			<Text>You have failed this city.</Text>
		</Row>
		<Row Tag="TXT_KEY_LEADER_LIUBEI_DECLAREWAR_2">
			<Text>You have failed this city.</Text>
		</Row>
		<Row Tag="TXT_KEY_LEADER_LIUBEI_DECLAREWAR_3">
			<Text>You have failed this city.</Text>
		</Row>
		<Row Tag="TXT_KEY_LEADER_LIUBEI_DEMANDTRIBUTE_ANGRY">
			<Text>Give me rent.</Text>
		</Row>
		<Row Tag="TXT_KEY_LEADER_LIUBEI_DEMANDTRIBUTE_HAPPY">
			<Text>Uh.. care to donate to the Resistance treasury?</Text>
		</Row>
		<Row Tag="TXT_KEY_LEADER_LIUBEI_DEMANDTRIBUTE_NEUTRAL">
			<Text>Bend the knee or DIE! But no actually, can I have some money lol</Text>
		</Row>
		<Row Tag="TXT_KEY_LEADER_LIUBEI_LOSEWAR_1">
			<Text>A tactical retreat. Kate will remember this...</Text>
		</Row>
		<Row Tag="TXT_KEY_LEADER_LIUBEI_TRADE_NEEDMORE_ANGRY_1">
			<Text>This is a scam.</Text>
		</Row>
		<Row Tag="TXT_KEY_LEADER_LIUBEI_TRADE_NEEDMORE_ANGRY_2">
			<Text>This is a scam.</Text>
		</Row>
		<Row Tag="TXT_KEY_LEADER_LIUBEI_TRADE_NEEDMORE_ANGRY_3">
			<Text>This is still a scam.</Text>
		</Row>
		<Row Tag="TXT_KEY_LEADER_LIUBEI_TRADE_NEEDMORE_HAPPY_1">
			<Text>Dude... what is this homie discount?</Text>
		</Row>
		<Row Tag="TXT_KEY_LEADER_LIUBEI_TRADE_NEEDMORE_HAPPY_2">
			<Text>Can you not gremlin me rn?</Text>
		</Row>
		<Row Tag="TXT_KEY_LEADER_LIUBEI_TRADE_NEEDMORE_HAPPY_3">
			<Text>Yeah, no thanks.</Text>
		</Row>
		<Row Tag="TXT_KEY_LEADER_LIUBEI_TRADE_NEEDMORE_NEUTRAL_1">
			<Text>What is this, a charity?</Text>
		</Row>
		<Row Tag="TXT_KEY_LEADER_LIUBEI_TRADE_NEEDMORE_NEUTRAL_2">
			<Text>Yeah, no thanks.</Text>
		</Row>
		<Row Tag="TXT_KEY_LEADER_LIUBEI_TRADE_NEEDMORE_NEUTRAL_3">
			<Text>This is a scam.</Text>
		</Row>
		<Row Tag="TXT_KEY_LEADER_LIUBEI_TRADE_NEEDMORE_NEUTRAL_4">
			<Text>Bro.</Text>
		</Row>
		<Row Tag="TXT_KEY_LEADER_LIUBEI_TRADE_NO_ANGRY">
			<Text>Fuck off and quit tryna scam me.</Text>
		</Row>
		<Row Tag="TXT_KEY_LEADER_LIUBEI_TRADE_NO_HAPPY">
			<Text>That's pretty good... but no thanks.</Text>
		</Row>
		<Row Tag="TXT_KEY_LEADER_LIUBEI_TRADE_NO_NEUTRAL">
			<Text>Yeah, no.</Text>
		</Row>
		<Row Tag="TXT_KEY_LEADER_LIUBEI_TRADE_YES_ANGRY">
			<Text>Fine. </Text>
		</Row>
		<Row Tag="TXT_KEY_LEADER_LIUBEI_TRADE_YES_HAPPY">
			<Text>Thanks. I appreciate it.</Text>
		</Row>
		<Row Tag="TXT_KEY_LEADER_LIUBEI_TRADE_YES_NEUTRAL">
			<Text>Cool. Thanks.</Text>
		</Row>
		<Row Tag="TXT_KEY_LEADER_LIUBEI_TRADEREQUEST_ANGRY">
			<Text>Accept this trade...or else.</Text>
		</Row>
		<Row Tag="TXT_KEY_LEADER_LIUBEI_TRADEREQUEST_HAPPY">
			<Text>You wanna accept this deal?</Text>
		</Row>
		<Row Tag="TXT_KEY_LEADER_LIUBEI_TRADEREQUEST_NEUTRAL">
			<Text>Wanna trade?</Text>
		</Row>
		<Row Tag="TXT_KEY_LEADER_LIUBEI_TRIBUTE_NO_ANGRY">
			<Text>*Laughs in your face*</Text>
		</Row>
		<Row Tag="TXT_KEY_LEADER_LIUBEI_TRIBUTE_NO_HAPPY">
			<Text>Yeah, no. I need this money.</Text>
		</Row>
		<Row Tag="TXT_KEY_LEADER_LIUBEI_TRIBUTE_NO_NEUTRAL">
			<Text>No thank you.</Text>
		</Row>
		<Row Tag="TXT_KEY_LEADER_LIUBEI_TRIBUTE_YES_ANGRY">
			<Text>Take my money and kindly fuck off.</Text>
		</Row>
		<Row Tag="TXT_KEY_LEADER_LIUBEI_TRIBUTE_YES_HAPPY">
			<Text>...Sure man.</Text>
		</Row>
		<Row Tag="TXT_KEY_LEADER_LIUBEI_TRIBUTE_YES_NEUTRAL">
			<Text>:(</Text>
		</Row>
		<Row Tag="TXT_KEY_LEADER_LIUBEI_WARBLUFF_1">
			<Text>I am vengeance.</Text>
		</Row>
		<Row Tag="TXT_KEY_LEADER_LIUBEI_WARBLUFF_2">
			<Text>You have failed this city.</Text>
		</Row>
		<Row Tag="TXT_KEY_LEADER_LIUBEI_WARBLUFF_3">
			<Text>...Hey, you. ... Bitch.</Text>
		</Row>
		<Row Tag="TXT_KEY_LEADER_LIUBEI_WARBLUFF_4">
			<Text>1v1 me, bitch.</Text>
		</Row>
		<Row Tag="TXT_KEY_LEADER_LIUBEI_WARBLUFF_5">
			<Text>1v1 me, bitch.</Text>
		</Row>
		<Row Tag="TXT_KEY_LEADER_LIUBEI_WARBLUFF_6">
			<Text>...Hey, you. ... Bitch.</Text>
		</Row>
		<Row Tag="TXT_KEY_LEADER_LIUBEI_WINWAR_1">
			<Text>GGEZ git fukd</Text>
		</Row>
		<Row Tag="TXT_KEY_LEADER_LIUBEI_GREETING_POLITE_HELLO_1">
			<Text>Hey, what's up?</Text>
		</Row>
		<Row Tag="TXT_KEY_LEADER_LIUBEI_GREETING_NEUTRAL_HELLO_1">
			<Text>Hey.</Text>
		</Row>
		<Row Tag="TXT_KEY_LEADER_LIUBEI_GREETING_HOSTILE_HELLO_1">
			<Text>Are you here to fuck off?</Text>
		</Row>
		<Row Tag="TXT_KEY_LEADER_LIUBEI_HOSTILE_AGGRESSIVE_MILITARY_WARNING_1">
			<Text>If you want to square up, you should know daddy didn't raise no bitch.</Text>
		</Row>
		<Row Tag="TXT_KEY_LEADER_LIUBEI_EXPANSION_SERIOUS_WARNING_1">
			<Text>Can you get the fuck off my lawn?</Text>
		</Row>
		<Row Tag="TXT_KEY_LEADER_LIUBEI_RESPONSE_REQUEST_1">
			<Text>Suit up. *cue music*</Text>
		</Row>
		<Row Tag="TXT_KEY_LEADER_LIUBEI_LUXURY_TRADE_1">
			<Text>Can I borrow this rq?</Text>
		</Row>
		<Row Tag="TXT_KEY_LEADER_LIUBEI_OPEN_BORDERS_EXCHANGE_1">
			<Text>Can I pass through rq? No invasion pinkie promise</Text>
		</Row>
	</Language_en_US>
</GameData>