<?xml version="1.0" encoding="utf-8"?>
<!-- Created by ModBuddy on 4/27/2012 8:42:47 PM -->
<GameData>
		<Civilizations>
			<Row>
				<Type>CIVILIZATION_SHU</Type>
				<Description>The Veruntil Resistance</Description>
				<ShortDescription>The Resistance</ShortDescription>
				<Adjective>Resistance</Adjective>
				<Civilopedia>TXT_KEY_CIV5_SHU_PEDIA</Civilopedia>
				<CivilopediaTag>TXT_KEY_CIV5_SHU</CivilopediaTag>
				<DefaultPlayerColor>PLAYERCOLOR_SHU</DefaultPlayerColor>
				<ArtDefineTag>ART_DEF_CIVILIZATION_ASIA</ArtDefineTag>
				<ArtStyleType>ARTSTYLE_ASIAN</ArtStyleType>
				<ArtStyleSuffix>_ASIA</ArtStyleSuffix>
				<ArtStylePrefix>ASIAN </ArtStylePrefix>
				<PortraitIndex>0</PortraitIndex>
				<IconAtlas>SHU</IconAtlas>
				<AlphaIconAtlas>SHUALPHA</AlphaIconAtlas>
				<MapImage>mapSHU512.dds</MapImage>
				<DawnOfManQuote>TXT_KEY_CIV_SHU_DAWN</DawnOfManQuote>
				<DawnOfManImage>DOM_Liubei.dds</DawnOfManImage>
				<SoundtrackTag>China</SoundtrackTag>
			</Row>
		</Civilizations>
		<Civilization_CityNames>
			<Row>
				<CivilizationType>CIVILIZATION_SHU</CivilizationType>
				<CityName>Gilgalad</CityName>
			</Row>
			<Row>
				<CivilizationType>CIVILIZATION_SHU</CivilizationType>
				<CityName>Crebain</CityName>
			</Row>
			<Row>
				<CivilizationType>CIVILIZATION_SHU</CivilizationType>
				<CityName>Lovakin</CityName>
			</Row>
			<Row>
				<CivilizationType>CIVILIZATION_SHU</CivilizationType>
				<CityName>Biir Ansrivarr</CityName>
			</Row>
			<Row>
				<CivilizationType>CIVILIZATION_SHU</CivilizationType>
				<CityName>Kelemvor</CityName>
			</Row>
			<Row>
				<CivilizationType>CIVILIZATION_SHU</CivilizationType>
				<CityName>Ruthalik</CityName>
			</Row>
			<Row>
				<CivilizationType>CIVILIZATION_SHU</CivilizationType>
				<CityName>Mythrodir</CityName>
			</Row>
			<Row>
				<CivilizationType>CIVILIZATION_SHU</CivilizationType>
				<CityName>Stonehearth</CityName>
			</Row>
			<Row>
				<CivilizationType>CIVILIZATION_SHU</CivilizationType>
				<CityName>'Tek-chy'tel</CityName>
			</Row>
			<Row>
				<CivilizationType>CIVILIZATION_SHU</CivilizationType>
				<CityName>Trebarkska</CityName>
			</Row>
			<Row>
				<CivilizationType>CIVILIZATION_SHU</CivilizationType>
				<CityName>Nikshivaliir</CityName>
			</Row>
			<Row>
				<CivilizationType>CIVILIZATION_SHU</CivilizationType>
				<CityName>The Isle of Ju'ul</CityName>
			</Row>
			<Row>
				<CivilizationType>CIVILIZATION_SHU</CivilizationType>
				<CityName>Athens</CityName>
			</Row>
			<Row>
				<CivilizationType>CIVILIZATION_SHU</CivilizationType>
				<CityName>Mount Olympus</CityName>
			</Row>
			<Row>
				<CivilizationType>CIVILIZATION_SHU</CivilizationType>
				<CityName>Dong Yang</CityName>
			</Row>
			<Row>
				<CivilizationType>CIVILIZATION_SHU</CivilizationType>
				<CityName>Tang Yi</CityName>
			</Row>
			<Row>
				<CivilizationType>CIVILIZATION_SHU</CivilizationType>
				<CityName>Ling</CityName>
			</Row>
			<Row>
				<CivilizationType>CIVILIZATION_SHU</CivilizationType>
				<CityName>Gao Yu</CityName>
			</Row>
			<Row>
				<CivilizationType>CIVILIZATION_SHU</CivilizationType>
				<CityName>Hai Ling</CityName>
			</Row>
			<Row>
				<CivilizationType>CIVILIZATION_SHU</CivilizationType>
				<CityName>Yan Du</CityName>
			</Row>
			<Row>
				<CivilizationType>CIVILIZATION_SHU</CivilizationType>
				<CityName>She Yang</CityName>
			</Row>
			<Row>
				<CivilizationType>CIVILIZATION_SHU</CivilizationType>
				<CityName>Hai Xi</CityName>
			</Row>
			<Row>
				<CivilizationType>CIVILIZATION_SHU</CivilizationType>
				<CityName>Qu Yang</CityName>
			</Row>
			<Row>
				<CivilizationType>CIVILIZATION_SHU</CivilizationType>
				<CityName>Huai Pu</CityName>
			</Row>
			<Row>
				<CivilizationType>CIVILIZATION_SHU</CivilizationType>
				<CityName>Huai Yin</CityName>
			</Row>
			<Row>
				<CivilizationType>CIVILIZATION_SHU</CivilizationType>
				<CityName>Ping An</CityName>
			</Row>
			<Row>
				<CivilizationType>CIVILIZATION_SHU</CivilizationType>
				<CityName>Tan</CityName>
			</Row>
			<Row>
				<CivilizationType>CIVILIZATION_SHU</CivilizationType>
				<CityName>Xiang Gong</CityName>
			</Row>
			<Row>
				<CivilizationType>CIVILIZATION_SHU</CivilizationType>
				<CityName>Lan Ling</CityName>
			</Row>
			<Row>
				<CivilizationType>CIVILIZATION_SHU</CivilizationType>
				<CityName>Chang Lu</CityName>
			</Row>
			<Row>
				<CivilizationType>CIVILIZATION_SHU</CivilizationType>
				<CityName>Qi</CityName>
			</Row>
		</Civilization_CityNames>
		<Civilization_Leaders>
			<Row>
				<CivilizationType>CIVILIZATION_SHU</CivilizationType>
				<LeaderheadType>LEADER_LIUBEI</LeaderheadType>
			</Row>
		</Civilization_Leaders>
		<Civilization_FreeBuildingClasses>
			<Row>
				<CivilizationType>CIVILIZATION_SHU</CivilizationType>
				<BuildingClassType>BUILDINGCLASS_PALACE</BuildingClassType>
			</Row>
		</Civilization_FreeBuildingClasses>
		<Civilization_FreeTechs>
			<Row>
				<CivilizationType>CIVILIZATION_SHU</CivilizationType>
				<TechType>TECH_AGRICULTURE</TechType>
			</Row>
		</Civilization_FreeTechs>
		<Civilization_FreeUnits>
			<Row>
				<CivilizationType>CIVILIZATION_SHU</CivilizationType>
				<UnitClassType>UNITCLASS_SETTLER</UnitClassType>
				<Count>1</Count>
				<UnitAIType>UNITAI_SETTLE</UnitAIType>
			</Row>
		</Civilization_FreeUnits>
	<Civilization_UnitClassOverrides>
		<Row>
			<CivilizationType>CIVILIZATION_SHU</CivilizationType>
			<UnitClassType>UNITCLASS_LONGSWORDSMAN</UnitClassType>
			<UnitType>UNIT_WHITEFEATHER</UnitType>
		</Row>
		<Row>
			<CivilizationType>CIVILIZATION_SHU</CivilizationType>
			<UnitClassType>UNITCLASS_CROSSBOWMAN</UnitClassType>
			<UnitType>UNIT_ROGUE</UnitType>
		</Row>
		<!--
		<Row>
			<CivilizationType>CIVILIZATION_SHU</CivilizationType>
			<UnitClassType>UNITCLASS_GREAT_MUSICIAN</UnitClassType>
			<UnitType>UNIT_BARD</UnitType>
		</Row>
	-->
	</Civilization_UnitClassOverrides>
	<Civilization_BuildingClassOverrides>
		<Row>
			<CivilizationType>CIVILIZATION_SHU</CivilizationType>
			<BuildingClassType>BUILDINGCLASS_HEROIC_EPIC</BuildingClassType>
			<BuildingType>BUILDING_MAZE</BuildingType>
		</Row>		
	</Civilization_BuildingClassOverrides>
		<Civilization_Start_Region_Priority>
			<Row>
				<CivilizationType>CIVILIZATION_SHU</CivilizationType>
				<RegionType>REGION_FOREST</RegionType>
			</Row>
		</Civilization_Start_Region_Priority>
	<Civilization_Start_Along_Ocean>
		<Row>
			<CivilizationType>CIVILIZATION_SHU</CivilizationType>
			<StartAlongOcean>true</StartAlongOcean>
		</Row>
	</Civilization_Start_Along_Ocean>
	<Civilization_Start_Region_Avoid>
		<Row>
			<CivilizationType>CIVILIZATION_SHU</CivilizationType>
			<RegionType>REGION_DESERT</RegionType>
		</Row>
	</Civilization_Start_Region_Avoid>
	<Civilization_Religions>
		<Row>
			<CivilizationType>CIVILIZATION_SHU</CivilizationType>
			<ReligionType>RELIGION_NW_MYSTRA</ReligionType>
		</Row>
		<Row>
			<CivilizationType>CIVILIZATION_SHU</CivilizationType>
			<ReligionType>RELIGION_BUDDHISM</ReligionType>
		</Row>
	</Civilization_Religions>
	<Civilization_SpyNames>
		<Row>
			<CivilizationType>CIVILIZATION_SHU</CivilizationType>
			<SpyName>The Knight of Shadows</SpyName>
		</Row>
		<Row>
			<CivilizationType>CIVILIZATION_SHU</CivilizationType>
			<SpyName>Lana Larr</SpyName>
		</Row>
		<Row>
			<CivilizationType>CIVILIZATION_SHU</CivilizationType>
			<SpyName>Ramiel Silva</SpyName>
		</Row>
		<Row>
			<CivilizationType>CIVILIZATION_SHU</CivilizationType>
			<SpyName>Nu</SpyName>
		</Row>
		<Row>
			<CivilizationType>CIVILIZATION_SHU</CivilizationType>
			<SpyName>Juke</SpyName>
		</Row>
		<Row>
			<CivilizationType>CIVILIZATION_SHU</CivilizationType>
			<SpyName>Blindsense</SpyName>
		</Row>
		<Row>
			<CivilizationType>CIVILIZATION_SHU</CivilizationType>
			<SpyName>Silver Sparrow</SpyName>
		</Row>
		<Row>
			<CivilizationType>CIVILIZATION_SHU</CivilizationType>
			<SpyName>Ryan Alexander</SpyName>
		</Row>
		<Row>
			<CivilizationType>CIVILIZATION_SHU</CivilizationType>
			<SpyName>Ilidint Uldir</SpyName>
		</Row>
		<Row>
			<CivilizationType>CIVILIZATION_SHU</CivilizationType>
			<SpyName>Moxaura Itus</SpyName>
		</Row>
	</Civilization_SpyNames>
			<Audio_Sounds>
		<Row>
			<SoundID>SND_LEADER_MUSIC_LIUBEI_PEACE</SoundID>
			<Filename>Shupeace</Filename>
			<LoadType>DynamicResident</LoadType>
		</Row>
		<Row>
			<SoundID>SND_LEADER_MUSIC_LIUBEI_WAR</SoundID>
			<Filename>Shuwar</Filename>
			<LoadType>DynamicResident</LoadType>
		</Row>
	</Audio_Sounds>
	<Audio_2DSounds>
		<Row>
			<ScriptID>AS2D_LEADER_MUSIC_LIUBEI_PEACE</ScriptID>
			<SoundID>SND_LEADER_MUSIC_LIUBEI_PEACE</SoundID>
			<SoundType>GAME_MUSIC</SoundType>
			<MinVolume>30</MinVolume>
			<MaxVolume>30</MaxVolume>
			<IsMusic>true</IsMusic>
		</Row>
		<Row>
			<ScriptID>AS2D_LEADER_MUSIC_LIUBEI_WAR</ScriptID>
			<SoundID>SND_LEADER_MUSIC_LIUBEI_WAR</SoundID>
			<SoundType>GAME_MUSIC</SoundType>
			<MinVolume>30</MinVolume>
			<MaxVolume>30</MaxVolume>
			<IsMusic>true</IsMusic>
		</Row>
	</Audio_2DSounds>
 </GameData>