<?xml version="1.0" encoding="utf-8"?>
<!-- Created by ModBuddy on 4/27/2012 9:54:53 PM -->
<GameData>
		<Language_en_US>
			<Row Tag="TXT_KEY_CIV_SHU_DAWN">
				<Text> Katherine Machen... You have come a long way from being a Crebain City street rat. You first became a sparrow for the Knight of Shadows. Then, you forged an identity of yourself as the archer Anarky, working alongside the Jade archer. Still, you are no stranger to loss. You have fallen down time and time again, but each time, you have the strength to get back up. [NEWLINE][NEWLINE]Anarky, the people of Veruntil - no, the world - suffer at the hands of tyrants. There is just one more thing you must do before you can finally settle down with the woman you love. Can you live up to your namesake and free the people of this world from the clutches of evil? Can you build a civilization that will stand the test of time? </Text>
			</Row>
			<Row Tag="TXT_KEY_CIV5_SHU_TITLE">
				<Text>The Resistance</Text>
			</Row>
			<Row Tag="TXT_KEY_CIV5_SHU_HEADING_1">
				<Text>Overview</Text>
			</Row>
			<Row Tag="TXT_KEY_CIV5_SHU_TEXT_1">
				<Text>
					Kate Machen is the leader of the Resistance, a movement that seeks to liberate Veruntil from the control of the dictator Xander and his ally Malphus. The Resistance started out as the Black Lotus Gang, founded by Kate, Lana, Ramiel, and Donny.
				</Text>
			</Row>
			<Row Tag="TXT_KEY_CIVILOPEDIA_LEADERS_LIUBEI_HEADING_1">
				<Text>Overview</Text>
			</Row>
			<Row Tag="TXT_KEY_CIVILOPEDIA_LEADERS_LIUBEI_TEXT_1">
				<Text>
					Kate Machen is an only child. Her house burned down from a tragic accident when she was just two years old, and incident that left young Kate orphaned and homeless. When she was ten, she ran away from the orphanage and began a career as a pickpocket in Crebain City. Eventually, she was found by the vigilante known as the Knight of Shadows, who gave her a home and trained her. The Knight saw her potential as an archer, and sent her to train with his friend, the Jade Archer. There, she honed her skills, and met a woman she loved. [NEWLINE][NEWLINE]Unfortunately, tragedy struck, and Kate was left alone again. Still, she pressed forward, and became an adventurer with the desire to help people all over Veruntil. She became a founding member of The Resistance, and even fell in love again - this time with the Goddess Mystra. Now, The Resistance is stronger than ever, and seeks to bring hope to the people of Veruntil.
				</Text>
			</Row>
			<Row Tag="TXT_KEY_CIVILOPEDIA_LEADERS_LIUBEI_LIVED">
				<Text>161 - 223 AD</Text>
			</Row>
			<Row Tag="TXT_KEY_CIVILOPEDIA_LEADERS_LIUBEI_NAME">
				<Text>Kate Machen</Text>
			</Row>
			<Row Tag="TXT_KEY_CIVILOPEDIA_LEADERS_LIUBEI_SUBTITLE">
				<Text>Resistance Leader</Text>
			</Row>
			<Row Tag="TXT_KEY_CIVILOPEDIA_LEADERS_LIUBEI_TITLES_1">
				<Text></Text>
			</Row>
			<Row Tag="TXT_KEY_LEADER_LIUBEI">
				<Text>Kate Machen</Text>
			</Row>
			<!--UU & UB-->
			<Row Tag="TXT_KEY_BUILDING_MAZE">
				<Text>The Watchtower</Text>
			</Row>
			<Row Tag="TXT_KEY_BUILDING_MAZE_STRATEGY">
				<Text>The Watchtower is the unique replacement for the Heroic Epic. In addition to the bonuses for the Heroic Epic, Provides 20 more hitpoints and defense towards the city it is built.</Text>
			</Row>
			<Row Tag="TXT_KEY_BUILDING_MAZE_HELP">
				<Text>The Watchtower is the unique replacement for the Heroic Epic. Provides 20 more hitpoints and defense towards the city it is built.
				</Text>
			</Row>
			<Row Tag="TXT_KEY_UNIT_WHITEFEATHER">
				<Text>Paladin</Text>
			</Row>
			<Row Tag="TXT_KEY_UNIT_ROGUE">
				<Text>Rogue</Text>
			</Row>
			<Row Tag="TXT_KEY_UNIT_BARD">
				<Text>Bard</Text>
			</Row>
			<Row Tag="TXT_KEY_CIV5_WHITEFEATHER_TEXT">
				<Text>The Resistance is home to many adventurers looking to fight for a worthy cause. Some of the most common combat classes soldiers choose are the Rogue, the Paladin, and the Bard.</Text>
			</Row>
			<Row Tag="TXT_KEY_UNIT_WHITEFEATHER_STRATEGY">
				<Text>Adventurers have various abilities, depending on their class. Rogues have the ability to go invisible, and can move after attacking. Their ability "Sneak Attack" also give them a 50% combat bonus when flanking. Rogues cannot take cities. [NEWLINE][NEWLINE]Paladins serve as secondary healers with Medic Ability. They come with Drill I, and their proficiency with spears also grants them a bonus against mounted units. [NEWLINE][NEWLINE]Bards serve as support units. They have Medic II for mass healing, and also grant a combat bonus to nearby units. In addition to this, they will provide ranged support fire when fortified.</Text>
			</Row>
			<Row Tag="TXT_KEY_TRAIT_SHU">
				<Text>Conquered cities do not go into [ICON_RESISTANCE] Resistance and produce less [ICON_HAPPINESS_4] Unhappiness than usual.</Text>
			</Row>
			<Row Tag="TXT_KEY_TRAIT_SHU_SHORT">
				<Text>Cherry Bomb</Text>
			</Row>
			<Row Tag="TXT_KEY_UNIT_HELP_WHITEFEATHER">
				<Text>Replacement for the Longswordsman. Comes with Drill I, Medic I, and Formation I.</Text>
			</Row>
			<Row Tag="TXT_KEY_UNIT_HELP_ROGUE">
				<Text>Replacement for the Crossbowman. Has 3 range, Sneak Attack, and Cunning Action.</Text>
			</Row>
			<Row Tag="TXT_KEY_CITY_CAPTURED_NO_RESISTANCE">
				<Text>City captured without resistance.</Text>
			</Row>
			
		</Language_en_US>
</GameData>