<?xml version="1.0" encoding="utf-8"?>
<!-- Created by ModBuddy on 3/23/2013 3:14:24 AM -->
<GameData>
	<IconTextureAtlases>
		<Row>
			<Atlas>CIV_COLOR_ATLAS_CYBER</Atlas>
			<IconSize>256</IconSize>
			<Filename>CYBER256.dds</Filename>
			<IconsPerRow>4</IconsPerRow>
			<IconsPerColumn>1</IconsPerColumn>
		</Row>
		<Row>
			<Atlas>CIV_COLOR_ATLAS_CYBER</Atlas>
			<IconSize>214</IconSize>
			<Filename>CYBER214.dds</Filename>
			<IconsPerRow>4</IconsPerRow>
			<IconsPerColumn>1</IconsPerColumn>
		</Row>
		<Row>
			<Atlas>CIV_COLOR_ATLAS_CYBER</Atlas>
			<IconSize>128</IconSize>
			<Filename>CYBER128.dds</Filename>
			<IconsPerRow>4</IconsPerRow>
			<IconsPerColumn>1</IconsPerColumn>
		</Row>
		<Row>
			<Atlas>CIV_COLOR_ATLAS_CYBER</Atlas>
			<IconSize>80</IconSize>
			<Filename>CYBER80.dds</Filename>
			<IconsPerRow>4</IconsPerRow>
			<IconsPerColumn>1</IconsPerColumn>
		</Row>
		<Row>
			<Atlas>CIV_COLOR_ATLAS_CYBER</Atlas>
			<IconSize>64</IconSize>
			<Filename>CYBER64.dds</Filename>
			<IconsPerRow>4</IconsPerRow>
			<IconsPerColumn>1</IconsPerColumn>
		</Row>
		<Row>
			<Atlas>CIV_COLOR_ATLAS_CYBER</Atlas>
			<IconSize>45</IconSize>
			<Filename>CYBER45.dds</Filename>
			<IconsPerRow>4</IconsPerRow>
			<IconsPerColumn>1</IconsPerColumn>
		</Row>
		<Row>
			<Atlas>CIV_COLOR_ATLAS_CYBER</Atlas>
			<IconSize>32</IconSize>
			<Filename>CYBER32.dds</Filename>
			<IconsPerRow>4</IconsPerRow>
			<IconsPerColumn>1</IconsPerColumn>
		</Row>
		<Row>
			<Atlas>CIV_BLACKCLOAK_FLAG</Atlas>
			<IconSize>32</IconSize>
			<Filename>Art/Icon_BLACKCLOAK_FLAG32.dds</Filename>
			<IconsPerRow>1</IconsPerRow>
			<IconsPerColumn>1</IconsPerColumn>
		</Row>
	</IconTextureAtlases>
</GameData>