<?xml version="1.0" encoding="utf-8"?>
<!-- Created by ModBuddy on 5/28/2016 7:32:48 PM -->
<GameData>
	<Diplomacy_Responses>
		<Row LeaderType="LEADER_ARCEUS">
			<ResponseType>RESPONSE_FIRST_GREETING</ResponseType>
			<Response>TXT_KEY_LEADER_ARCEUS_FIRSTGREETING%</Response>
			<Bias>500</Bias>
		</Row>
		<Row LeaderType="LEADER_ARCEUS">
			<ResponseType>RESPONSE_DEFEATED</ResponseType>
			<Response>TXT_KEY_LEADER_ARCEUS_DEFEATED%</Response>
			<Bias>500</Bias>
		</Row>
		<Row LeaderType="LEADER_ARCEUS">
			<ResponseType>RESPONSE_SHARE_INTRIGUE_DECEPTION</ResponseType>
			<Response>TXT_KEY_LEADER_ARCEUS_SHARE_INTRIGUE_DECEPTION%</Response>
			<Bias>500</Bias>
		</Row>
		<Row LeaderType="LEADER_ARCEUS">
			<ResponseType>RESPONSE_SHARE_INTRIGUE_ARMY_SNEAK_ATTACK_KNOWN_CITY</ResponseType>
			<Response>TXT_KEY_LEADER_ARCEUS_SHARE_INTRIGUE_ARMY_SNEAK_ATTACK_KNOWN_CITY%</Response>
			<Bias>500</Bias>
		</Row>
		<Row LeaderType="LEADER_ARCEUS">
			<ResponseType>RESPONSE_SHARE_INTRIGUE_ARMY_SNEAK_ATTACK_UNKNOWN_CITY</ResponseType>
			<Response>TXT_KEY_LEADER_ARCEUS_SHARE_INTRIGUE_ARMY_SNEAK_ATTACK_UNKNOWN_CITY%</Response>
			<Bias>500</Bias>
		</Row>
		<Row LeaderType="LEADER_ARCEUS">
			<ResponseType>RESPONSE_SHARE_INTRIGUE_AMPHIBIOUS_SNEAK_ATTACK_KNOWN_CITY</ResponseType>
			<Response>TXT_KEY_LEADER_ARCEUS_SHARE_INTRIGUE_AMPHIBIOUS_SNEAK_ATTACK_KNOWN_CITY%</Response>
			<Bias>500</Bias>
		</Row>
		<Row LeaderType="LEADER_ARCEUS">
			<ResponseType>RESPONSE_SHARE_INTRIGUE_AMPHIBIOUS_SNEAK_ATTACK_UNKNOWN_CITY</ResponseType>
			<Response>TXT_KEY_LEADER_ARCEUS_SHARE_INTRIGUE_ARMY_AMPHIBIOUS_ATTACK_UNKNOWN_CITY%</Response>
			<Bias>500</Bias>
		</Row>
		<Row LeaderType="LEADER_ARCEUS">
			<ResponseType>RESPONSE_LUXURY_TRADE</ResponseType>
			<Response>TXT_KEY_LEADER_ARCEUS_LUXURY_TRADE%</Response>
			<Bias>500</Bias>
		</Row>
		<Row LeaderType="LEADER_ARCEUS">
			<ResponseType>RESPONSE_ATTACKED_EXCITED</ResponseType>
			<Response>TXT_KEY_LEADER_ARCEUS_ATTACKED_EXCITED%</Response>
			<Bias>500</Bias>
		</Row>
		<Row LeaderType="LEADER_ARCEUS">
			<ResponseType>RESPONSE_ATTACKED_HOSTILE</ResponseType>
			<Response>TXT_KEY_LEADER_ARCEUS_ATTACKED_HOSTILE%</Response>
			<Bias>500</Bias>
		</Row>
		<Row LeaderType="LEADER_ARCEUS">
			<ResponseType>RESPONSE_DOW_GENERIC</ResponseType>
			<Response>TXT_KEY_LEADER_ARCEUS_DOW_GENERIC%</Response>
			<Bias>500</Bias>
		</Row>
		<Row LeaderType="LEADER_ARCEUS">
			<ResponseType>RESPONSE_ATTACKED_BETRAYED</ResponseType>
			<Response>TXT_KEY_LEADER_ARCEUS_ATTACKED_BETRAYED%</Response>
			<Bias>500</Bias>
		</Row>
		<Row LeaderType="LEADER_ARCEUS">
			<ResponseType>RESPONSE_DOW_BETRAYAL</ResponseType>
			<Response>TXT_KEY_LEADER_ARCEUS_DOW_BETRAYAL%</Response>
			<Bias>500</Bias>
		</Row>
		<Row LeaderType="LEADER_ARCEUS">
			<ResponseType>RESPONSE_RESPONSE_TO_BEING_DENOUNCED</ResponseType>
			<Response>TXT_KEY_LEADER_ARCEUS_RESPONSE_TO_BEING_DENOUNCED%</Response>
			<Bias>500</Bias>
		</Row>
		<Row LeaderType="LEADER_ARCEUS">
			<ResponseType>RESPONSE_DOF_NOT_HONORED</ResponseType>
			<Response>TXT_KEY_LEADER_ARCEUS_DOF_NOT_HONOREDL%</Response>
			<Bias>500</Bias>
		</Row>
		<Row LeaderType="LEADER_ARCEUS">
			<ResponseType>RESPONSE_AI_DOF_BACKSTAB</ResponseType>
			<Response>TXT_KEY_LEADER_ARCEUS_AI_DOF_BACKSTAB%</Response>
			<Bias>500</Bias>
		</Row>
		<Row LeaderType="LEADER_ARCEUS">
			<ResponseType>RESPONSE_GREETING_AT_WAR_WANTS_PEACE</ResponseType>
			<Response>TXT_KEY_LEADER_ARCEUS_GREETING_AT_WAR_WANTS_PEACE%</Response>
			<Bias>500</Bias>
		</Row>
		<Row LeaderType="LEADER_ARCEUS">
			<ResponseType>RESPONSE_WORK_WITH_US</ResponseType>
			<Response>TXT_KEY_LEADER_ARCEUS_WORK_WITH_US%</Response>
			<Bias>500</Bias>
		</Row>
		<Row LeaderType="LEADER_ARCEUS">
			<ResponseType>RESPONSE_WORK_WITH_US_YES</ResponseType>
			<Response>TXT_KEY_LEADER_ARCEUS_WORK_WITH_US_YES%</Response>
			<Bias>500</Bias>
		</Row>
		<Row LeaderType="LEADER_ARCEUS">
			<ResponseType>RESPONSE_COOP_WAR_REQUEST</ResponseType>
			<Response>TXT_KEY_LEADER_ARCEUS_COOP_WAR_REQUEST%</Response>
			<Bias>500</Bias>
		</Row>
		<Row LeaderType="LEADER_ARCEUS">
			<ResponseType>RESPONSE_RENEW_DEAL</ResponseType>
			<Response>TXT_KEY_LEADER_ARCEUS_RENEW_DEAL%</Response>
			<Bias>500</Bias>
		</Row>
		<Row LeaderType="LEADER_ARCEUS">
			<ResponseType>RESPONSE_WANT_MORE_RENEW_DEAL</ResponseType>
			<Response>TXT_KEY_LEADER_ARCEUS_WANT_MORE_RENEW_DEAL%</Response>
			<Bias>500</Bias>
		</Row>
		<Row LeaderType="LEADER_ARCEUS">
			<ResponseType>RESPONSE_WE_BULLIED_YOUR_MINOR</ResponseType>
			<Response>TXT_KEY_LEADER_ARCEUS_WE_BULLIED_YOUR_MINOR%</Response>
			<Bias>500</Bias>
		</Row>
		<Row LeaderType="LEADER_ARCEUS">
			<ResponseType>RESPONSE_MINOR_CIV_COMPETITION</ResponseType>
			<Response>TXT_KEY_LEADER_ARCEUS_MINOR_CIV_COMPETITION%</Response>
			<Bias>500</Bias>
		</Row>
		<Row LeaderType="LEADER_ARCEUS">
			<ResponseType>RESPONSE_CONFRONT_YOU_KILLED_MY_SPY</ResponseType>
			<Response>TXT_KEY_LEADER_ARCEUS_CONFRONT_YOU_KILLED_MY_SPY%</Response>
			<Bias>500</Bias>
		</Row>
		<Row LeaderType="LEADER_ARCEUS">
			<ResponseType>RESPONSE_KILLED_MY_SPY</ResponseType>
			<Response>TXT_KEY_LEADER_ARCEUS_KILLED_MY_SPY%</Response>
			<Bias>500</Bias>
		</Row>
		<Row LeaderType="LEADER_ARCEUS">
			<ResponseType>RESPONSE_HUMAN_KILLED_MY_SPY_FORGIVEN</ResponseType>
			<Response>TXT_KEY_LEADER_ARCEUS_HUMAN_KILLED_MY_SPY_FORGIVEN%</Response>
			<Bias>500</Bias>
		</Row>
		<Row LeaderType="LEADER_ARCEUS">
			<ResponseType>RESPONSE_HUMAN_KILLED_MY_SPY_UNFORGIVEN</ResponseType>
			<Response>TXT_KEY_LEADER_ARCEUS_HUMAN_KILLED_MY_SPY_UNFORGIVEN%</Response>
			<Bias>500</Bias>
		</Row>
		<Row LeaderType="LEADER_ARCEUS">
			<ResponseType>RESPONSE_TOO_SOON_FOR_DOF</ResponseType>
			<Response>TXT_KEY_LEADER_ARCEUS_TOO_SOON_FOR_DOF%</Response>
			<Bias>500</Bias>
		</Row>
		<Row LeaderType="LEADER_ARCEUS">
			<ResponseType>RESPONSE_STOP_SPYING_YES</ResponseType>
			<Response>TXT_KEY_LEADER_ARCEUS_STOP_SPYING_YES%</Response>
			<Bias>500</Bias>
		</Row>
		<Row LeaderType="LEADER_ARCEUS">
			<ResponseType>RESPONSE_STOP_SPYING_NO</ResponseType>
			<Response>TXT_KEY_LEADER_ARCEUS_STOP_SPYING_NO%</Response>
			<Bias>500</Bias>
		</Row>
		<Row LeaderType="LEADER_ARCEUS">
			<ResponseType>RESPONSE_STOP_CONVERSIONS</ResponseType>
			<Response>TXT_KEY_LEADER_ARCEUS_STOP_CONVERSIONS%</Response>
			<Bias>500</Bias>
		</Row>
		<Row LeaderType="LEADER_ARCEUS">
			<ResponseType>RESPONSE_HUMAN_STOP_CONVERSIONS_GOOD</ResponseType>
			<Response>TXT_KEY_LEADER_ARCEUS_HUMAN_STOP_CONVERSIONS_GOOD%</Response>
			<Bias>500</Bias>
		</Row>
		<Row LeaderType="LEADER_ARCEUS">
			<ResponseType>RESPONSE_HUMAN_STOP_CONVERSIONS_BAD</ResponseType>
			<Response>TXT_KEY_LEADER_ARCEUS_HUMAN_STOP_CONVERSIONS_BAD%</Response>
			<Bias>500</Bias>
		</Row>
		<Row LeaderType="LEADER_ARCEUS">
			<ResponseType>RESPONSE_GREETING_POLITE_HELLO</ResponseType>
			<Response>TXT_KEY_LEADER_ARCEUS_GREETING_POLITE_HELLO%</Response>
			<Bias>500</Bias>
		</Row>
		<Row LeaderType="LEADER_ARCEUS">
			<ResponseType>RESPONSE_GREETING_FRIENDLY_STRONG_MILITARY</ResponseType>
			<Response>TXT_KEY_LEADER_ARCEUS_GREETING_FRIENDLY_STRONG_MILITARY%</Response>
			<Bias>500</Bias>
		</Row>
		<Row LeaderType="LEADER_ARCEUS">
			<ResponseType>RESPONSE_GREETING_FRIENDLY_STRONG_ECONOMY</ResponseType>
			<Response>TXT_KEY_LEADER_ARCEUS_GREETING_FRIENDLY_STRONG_ECONOMY%</Response>
			<Bias>500</Bias>
		</Row>
		<Row LeaderType="LEADER_ARCEUS">
			<ResponseType>RESPONSE_GREETING_HOSTILE_HELLO</ResponseType>
			<Response>TXT_KEY_LEADER_ARCEUS_GREETING_HOSTILE_HELLO%</Response>
			<Bias>500</Bias>
		</Row>
		<Row LeaderType="LEADER_ARCEUS">
			<ResponseType>RESPONSE_HUMAN_DENOUNCE_SO_AI_DOF</ResponseType>
			<Response>TXT_KEY_LEADER_ARCEUS_HUMAN_DENOUNCE_SO_AI_DOF%</Response>
			<Bias>500</Bias>
		</Row>
		<Row LeaderType="LEADER_ARCEUS">
			<ResponseType>RESPONSE_HUMAN_DOFED_FRIEND</ResponseType>
			<Response>TXT_KEY_LEADER_ARCEUS_HUMAN_DOFED_FRIEND%</Response>
			<Bias>500</Bias>
		</Row>
		<Row LeaderType="LEADER_ARCEUS">
			<ResponseType>RESPONSE_HUMAN_DOFED_ENEMY</ResponseType>
			<Response>TXT_KEY_LEADER_ARCEUS_HUMAN_DOFED_ENEMY%</Response>
			<Bias>500</Bias>
		</Row>
		<Row LeaderType="LEADER_ARCEUS">
			<ResponseType>RESPONSE_HUMAN_DENOUNCED_ENEMY</ResponseType>
			<Response>TXT_KEY_LEADER_ARCEUS_HUMAN_DENOUNCED_ENEMY%</Response>
			<Bias>500</Bias>
		</Row>
		<Row LeaderType="LEADER_ARCEUS">
			<ResponseType>RESPONSE_SAME_POLICIES_FREEDOM</ResponseType>
			<Response>TXT_KEY_LEADER_ARCEUS_SAME_POLICIES_FREEDOM%</Response>
			<Bias>500</Bias>
		</Row>
		<Row LeaderType="LEADER_ARCEUS">
			<ResponseType>RESPONSE_SAME_POLICIES_ORDER</ResponseType>
			<Response>TXT_KEY_LEADER_ARCEUS_SAME_POLICIES_ORDER%</Response>
			<Bias>500</Bias>
		</Row>
		<Row LeaderType="LEADER_ARCEUS">
			<ResponseType>RESPONSE_SAME_POLICIES_AUTOCRACY</ResponseType>
			<Response>TXT_KEY_LEADER_ARCEUS_SAME_POLICIES_AUTOCRACY%</Response>
			<Bias>500</Bias>
		</Row>
		<Row LeaderType="LEADER_ARCEUS">
			<ResponseType>RESPONSE_INFLUENTIAL_ON_HUMAN</ResponseType>
			<Response>TXT_KEY_LEADER_ARCEUS_INFLUENTIAL_ON_HUMAN%</Response>
			<Bias>500</Bias>
		</Row>
		<Row LeaderType="LEADER_ARCEUS">
			<ResponseType>RESPONSE_WE_LIKE_HUMAN_PROPOSAL</ResponseType>
			<Response>TXT_KEY_LEADER_ARCEUS_WE_LIKE_HUMAN_PROPOSAL%</Response>
			<Bias>500</Bias>
		</Row>
		<Row LeaderType="LEADER_ARCEUS">
			<ResponseType>RESPONSE_WE_DISLIKE_HUMAN_PROPOSAL</ResponseType>
			<Response>TXT_KEY_LEADER_ARCEUS_WE_DISLIKE_HUMAN_PROPOSAL%</Response>
			<Bias>500</Bias>
		</Row>
		<Row LeaderType="LEADER_ARCEUS">
			<ResponseType>RESPONSE_HUMAN_SUPPORTED_OUR_PROPOSAL</ResponseType>
			<Response>TXT_KEY_LEADER_ARCEUS_HUMAN_SUPPORTED_OUR_PROPOSAL%</Response>
			<Bias>500</Bias>
		</Row>
		<Row LeaderType="LEADER_ARCEUS">
			<ResponseType>RESPONSE_HUMAN_FOILED_OUR_PROPOSAL</ResponseType>
			<Response>TXT_KEY_LEADER_ARCEUS_HUMAN_FOILED_OUR_PROPOSAL%</Response>
			<Bias>500</Bias>
		</Row>
		<Row LeaderType="LEADER_ARCEUS">
			<ResponseType>RESPONSE_HUMAN_SUPPORTED_OUR_HOSTING</ResponseType>
			<Response>TXT_KEY_LEADER_ARCEUS_HUMAN_SUPPORTED_OUR_HOSTING%</Response>
			<Bias>500</Bias>
		</Row>
		<Row LeaderType="LEADER_ARCEUS">
			<ResponseType>RESPONSE_DEC_FRIENDSHIP</ResponseType>
			<Response>TXT_KEY_LEADER_ARCEUS_DEC_FRIENDSHIP%</Response>
			<Bias>500</Bias>
		</Row>
		<Row LeaderType="LEADER_ARCEUS">
			<ResponseType>RESPONSE_INFLUENTIAL_ON_AI</ResponseType>
			<Response>TXT_KEY_LEADER_ARCEUS_INFLUENTIAL_ON_AI%</Response>
			<Bias>500</Bias>
		</Row>
		<Row LeaderType="LEADER_ARCEUS">
			<ResponseType>RESPONSE_EMBASSY_EXCHANGE</ResponseType>
			<Response>TXT_KEY_LEADER_ARCEUS_EMBASSY_EXCHANGE%</Response>
			<Bias>500</Bias>
		</Row>
		<Row LeaderType="LEADER_ARCEUS">
			<ResponseType>RESPONSE_TRADE_ACCEPT_GENEROUS</ResponseType>
			<Response>TXT_KEY_LEADER_ARCEUS_TRADE_ACCEPT_GENEROUS%</Response>
			<Bias>500</Bias>
		</Row>
		<Row LeaderType="LEADER_ARCEUS">
			<ResponseType>RESPONSE_TRADE_ACCEPT_ACCEPTABLE</ResponseType>
			<Response>TXT_KEY_LEADER_ARCEUS_TRADE_ACCEPT_ACCEPTABLE%</Response>
			<Bias>500</Bias>
		</Row>
		<Row LeaderType="LEADER_ARCEUS">
			<ResponseType>RESPONSE_TRADE_REJECT_UNACCEPTABLE</ResponseType>
			<Response>TXT_KEY_LEADER_ARCEUS_TRADE_REJECT_UNACCEPTABLE%</Response>
			<Bias>500</Bias>
		</Row>
		<Row LeaderType="LEADER_ARCEUS">
			<ResponseType>RESPONSE_TRADE_REJECT_INSULTING</ResponseType>
			<Response>TXT_KEY_LEADER_ARCEUS_TRADE_REJECT_INSULTING%</Response>
			<Bias>500</Bias>
		</Row>
		<Row LeaderType="LEADER_ARCEUS">
			<ResponseType>RESPONSE_TRADE_AI_MAKES_OFFER</ResponseType>
			<Response>TXT_KEY_LEADER_ARCEUS_TRADE_AI_MAKES_OFFER%</Response>
			<Bias>500</Bias>
		</Row>
		<Row LeaderType="LEADER_ARCEUS">
			<ResponseType>RESPONSE_ATTACKED_HOSTILE</ResponseType>
			<Response>TXT_KEY_LEADER_ARCEUS_ATTACKED_HOSTILE%</Response>
			<Bias>500</Bias>
		</Row>
		<Row LeaderType="LEADER_ARCEUS">
			<ResponseType>RESPONSE_ATTACKED_STRONG_HOSTILE</ResponseType>
			<Response>TXT_KEY_LEADER_ARCEUS_ATTACKED_STRONG_HOSTILE%</Response>
			<Bias>500</Bias>
		</Row>
		<Row LeaderType="LEADER_ARCEUS">
			<ResponseType>RESPONSE_ATTACKED_WEAK_HOSTILE</ResponseType>
			<Response>TXT_KEY_LEADER_ARCEUS_ATTACKED_WEAK_HOSTILE%</Response>
			<Bias>500</Bias>
		</Row>
		<Row LeaderType="LEADER_ARCEUS">
			<ResponseType>RESPONSE_ATTACKED_EXCITED</ResponseType>
			<Response>TXT_KEY_LEADER_ARCEUS_ATTACKED_EXCITED%</Response>
			<Bias>500</Bias>
		</Row>
		<Row LeaderType="LEADER_ARCEUS">
			<ResponseType>RESPONSE_ATTACKED_STRONG_EXCITED</ResponseType>
			<Response>TXT_KEY_LEADER_ARCEUS_ATTACKED_STRONG_EXCITED%</Response>
			<Bias>500</Bias>
		</Row>
		<Row LeaderType="LEADER_ARCEUS">
			<ResponseType>RESPONSE_ATTACKED_WEAK_EXCITED</ResponseType>
			<Response>TXT_KEY_LEADER_ARCEUS_ATTACKED_WEAK_EXCITED%</Response>
			<Bias>500</Bias>
		</Row>
		<Row LeaderType="LEADER_ARCEUS">
			<ResponseType>RESPONSE_ATTACKED_SAD</ResponseType>
			<Response>TXT_KEY_LEADER_ARCEUS_ATTACKED_SAD%</Response>
			<Bias>500</Bias>
		</Row>
		<Row LeaderType="LEADER_ARCEUS">
			<ResponseType>RESPONSE_ATTACKED_BETRAYED</ResponseType>
			<Response>TXT_KEY_LEADER_ARCEUS_ATTACKED_BETRAYED%</Response>
			<Bias>500</Bias>
		</Row>
		<Row LeaderType="LEADER_ARCEUS">
			<ResponseType>RESPONSE_RESEARCH_AGREEMENT_OFFER</ResponseType>
			<Response>TXT_KEY_LEADER_ARCEUS_RESEARCH_AGREEMENT_OFFER%</Response>
			<Bias>500</Bias>
		</Row>
		<Row LeaderType="LEADER_ARCEUS">
			<ResponseType>RESPONSE_PEACE_MADE_BY_HUMAN_GRACIOUS</ResponseType>
			<Response>TXT_KEY_LEADER_ARCEUS_PEACE_MADE_BY_HUMAN_GRACIOUS%</Response>
			<Bias>500</Bias>
		</Row>
		<Row LeaderType="LEADER_ARCEUS">
			<ResponseType>RESPONSE_LETS_HEAR_IT</ResponseType>
			<Response>TXT_KEY_LEADER_ARCEUS_LETS_HEAR_IT%</Response>
			<Bias>500</Bias>
		</Row>
		<Row LeaderType="LEADER_ARCEUS">
			<ResponseType>RESPONSE_WARNED_ABOUT_INTRIGUE</ResponseType>
			<Response>TXT_KEY_LEADER_ARCEUS_WARNED_ABOUT_INTRIGUE%</Response>
			<Bias>500</Bias>
		</Row>
		<Row LeaderType="LEADER_ARCEUS">
			<ResponseType>RESPONSE_SO_BE_IT</ResponseType>
			<Response>TXT_KEY_LEADER_ARCEUS_SO_BE_IT%</Response>
			<Bias>500</Bias>
		</Row>
		<Row LeaderType="LEADER_ARCEUS">
			<ResponseType>RESPONSE_RETURNED_CIVILIAN</ResponseType>
			<Response>TXT_KEY_LEADER_ARCEUS_RETURNED_CIVILIAN%</Response>
			<Bias>500</Bias>
		</Row>
		<Row LeaderType="LEADER_ARCEUS">
			<ResponseType>RESPONSE_DONT_SETTLE_YES</ResponseType>
			<Response>TXT_KEY_LEADER_ARCEUS_DONT_SETTLE_YES%</Response>
			<Bias>500</Bias>
		</Row>
		<Row LeaderType="LEADER_ARCEUS">
			<ResponseType>RESPONSE_DONT_SETTLE_NO</ResponseType>
			<Response>TXT_KEY_LEADER_ARCEUS_DONT_SETTLE_NO%</Response>
			<Bias>500</Bias>
		</Row>
	</Diplomacy_Responses>
	<Language_en_US>
		<Row Tag="TXT_KEY_LEADER_ARCEUS_FIRSTGREETING_1">
			<Text>Hello. Who might you be?</Text>
		</Row>
		<Row Tag="TXT_KEY_LEADER_ARCEUS_FIRSTGREETING_2">
			<Text>Hello. I am Queen Titania. First of her Name, The Dreamer, Queen of the Fey and the Eladrin, and Protector of the Realm.</Text>
		</Row>
		<Row Tag="TXT_KEY_LEADER_ARCEUS_DEFEATED_1">
			<Text>No... not like this. Not again.</Text>
		</Row>
		<Row Tag="TXT_KEY_LEADER_ARCEUS_DEFEATED_2">
			<Text>No... how can this be?</Text>
		</Row>
		<Row Tag="TXT_KEY_LEADER_ARCEUS_SHARE_INTRIGUE_DECEPTION_1">
			<Text>I have concluded that {1_PlayerName} is plotting against you. Use this information to act accordingly, if you wish.</Text>
		</Row>
		<Row Tag="TXT_KEY_LEADER_ARCEUS_SHARE_INTRIGUE_ARMY_SNEAK_ATTACK_KNOWN_CITY_1">
			<Text>I have concluded that {1_PlayerName} is planning to launch an attack on {2_CityName}. Use this information accordingly, if you wish.</Text>
		</Row>
		<Row Tag="TXT_KEY_LEADER_ARCEUS_SHARE_INTRIGUE_ARMY_SNEAK_ATTACK_UNKNOWN_CITY_1">
			<Text>I have concluded that {1_PlayerName} is planning to launch an attack on one of your cities. Use this information accordingly, if you wish.</Text>
		</Row>
		<Row Tag="TXT_KEY_LEADER_ARCEUS_SHARE_INTRIGUE_AMPHIBIOUS_SNEAK_ATTACK_KNOWN_CITY_1">
			<Text>I have concluded that {1_PlayerName} is planning to launch a naval attack on {2_CityName}. Use this information accordingly, if you wish.</Text>
		</Row>
		<Row Tag="TXT_KEY_LEADER_ARCEUS_SHARE_INTRIGUE_AMPHIBIOUS_SNEAK_ATTACK_UNKNOWN_CITY_1">
			<Text>I have concluded that {1_PlayerName} is planning to launch a naval attack on one of your cities. Use this information accordingly, if you wish.</Text>
		</Row>
		<Row Tag="TXT_KEY_LEADER_ARCEUS_LUXURY_TRADE_1">
			<Text>I would like to procure that item from you. At a reasonable bid of course.</Text>
		</Row>
		<Row Tag="TXT_KEY_LEADER_ARCEUS_DOW_GENERIC_1">
			<Text>To protect the realm, I will do what I must.</Text>
		</Row>
		<Row Tag="TXT_KEY_LEADER_ARCEUS_DOW_LAND_1">
			<Text>For the good of people, I need this land.</Text>
		</Row>
		<Row Tag="TXT_KEY_LEADER_ARCEUS_WORLD_CONQUEST_1">
			<Text>Xernunnos, protect and guide us...</Text>
		</Row>
		<Row Tag="TXT_KEY_LEADER_ARCEUS_OPPORTUNITY_1">
			<Text>I saw your defeat in a dream.</Text>
		</Row>
		<Row Tag="TXT_KEY_LEADER_ARCEUS_DESPERATE_1">
			<Text>...</Text>
		</Row>
		<Row Tag="TXT_KEY_LEADER_ARCEUS_DOW_BETRAYAL_1">
			<Text>Did you really think I would allow your actions to go unpunished?</Text>
		</Row>
		<Row Tag="TXT_KEY_LEADER_ARCEUS_RESPONSE_TO_BEING_DENOUNCED_1">
			<Text>Is that all? Have some honor and fight!</Text>
		</Row>
		<Row Tag="TXT_KEY_LEADER_ARCEUS_DOF_NOT_HONORED_1">
			<Text>You are untrustworthy and unworthy of my alliance. [NEWLINE][NEWLINE]([COLOR_WARNING_TEXT]They have publicly denounced us! NOTE: You are not at war.[ENDCOLOR])</Text>
		</Row>
		<Row Tag="TXT_KEY_LEADER_ARCEUS_AI_DOF_BACKSTAB_1">
			<Text>Despite you being an ally of mine, I could not look the other way with your actions.[NEWLINE][NEWLINE]([COLOR_WARNING_TEXT]They have publicly denounced us! NOTE: You are not at war.[ENDCOLOR])</Text>
		</Row>
		<Row Tag="TXT_KEY_LEADER_ARCEUS_GREETING_AT_WAR_WANTS_PEACE_1">
			<Text>I am willing to show mercy to you if you submit.</Text>
		</Row>
		<Row Tag="TXT_KEY_LEADER_ARCEUS_GREETING_AT_WAR_WANTS_PEACE_2">
			<Text>Both you and me know this debacle has lasted long enough.</Text>
		</Row>
		<Row Tag="TXT_KEY_LEADER_ARCEUS_DEC_FRIENDSHIP_1">
			<Text>You have proven yourself, an alliance between us shall benefit us both.</Text>
		</Row>
		<Row Tag="TXT_KEY_LEADER_ARCEUS_WORK_WITH_US_1">
			<Text>I do believe working together will get us farther than we could ourselves.</Text>
		</Row>
		<Row Tag="TXT_KEY_LEADER_ARCEUS_WORK_WITH_US_2">
			<Text>Work with me. We can prosper together.</Text>
		</Row>
		<Row Tag="TXT_KEY_LEADER_ARCEUS_WORK_WITH_US_YES_1">
			<Text>A wise choice.</Text>
		</Row>
		<Row Tag="TXT_KEY_LEADER_ARCEUS_WORK_WITH_US_YES_2">
			<Text>Excellent.</Text>
		</Row>
		<Row Tag="TXT_KEY_LEADER_ARCEUS_COOP_WAR_REQUEST_1">
			<Text>{1_PlayerName:textkey} must be defeated for the good of the realm. Will you lend me a hand?</Text>
		</Row>
		<Row Tag="TXT_KEY_LEADER_ARCEUS_RENEW_DEAL_1">
			<Text>I would like to renew this deal.</Text>
		</Row>
		<Row Tag="TXT_KEY_LEADER_ARCEUS_WANT_MORE_RENEW_DEAL_1">
			<Text>I require more.</Text>
		</Row>
		<Row Tag="TXT_KEY_LEADER_ARCEUS_WE_BULLIED_YOUR_MINOR_1">
			<Text>Apologies. My people needed the resources.</Text>
		</Row>
		<Row Tag="TXT_KEY_LEADER_ARCEUS_MINOR_CIV_COMPETITION_1">
			<Text>The loyalty of {1_MinorCivName:textkey} is mine and mine alone.</Text>
		</Row>
		<Row Tag="TXT_KEY_LEADER_ARCEUS_CONFRONT_YOU_KILLED_MY_SPY_1">
			<Text>I require your technology to protect my peopke.</Text>
		</Row>
		<Row Tag="TXT_KEY_LEADER_ARCEUS_KILLED_MY_SPY_1">
			<Text>I do believe that you will let this transgression slide.</Text>
		</Row>
		<Row Tag="TXT_KEY_LEADER_ARCEUS_RESPONSE_HUMAN_KILLED_MY_SPY_UNFORGIVEN_1">
			<Text>Very well. Your reaction was a normal one.</Text>
		</Row>
		<Row Tag="TXT_KEY_LEADER_ARCEUS_RESPONSE_HUMAN_KILLED_MY_SPY_FORGIVEN_1">
			<Text>Of course.</Text>
		</Row>
		<Row Tag="TXT_KEY_LEADER_ARCEUS_TOO_SOON_FOR_DOF_1">
			<Text>I'm sure you will make a good ally, however you must first prove yourself.</Text>
		</Row>
		<Row Tag="TXT_KEY_LEADER_ARCEUS_STOP_SPYING_YES_1">
			<Text>Very well. I shall pull my intelligence agents out of your nation.</Text>
		</Row>
		<Row Tag="TXT_KEY_LEADER_ARCEUS_STOP_SPYING_NO_1">
			<Text>My people require your knowledge.</Text>
		</Row>
		<Row Tag="TXT_KEY_LEADER_ARCEUS_STOP_CONVERSIONS_1">
			<Text>Apologies.</Text>
		</Row>
		<Row Tag="TXT_KEY_LEADER_ARCEUS_HUMAN_STOP_CONVERSIONS_GOOD_1">
			<Text>A wise choice.</Text>
		</Row>
		<Row Tag="TXT_KEY_LEADER_ARCEUS_HUMAN_STOP_CONVERSIONS_BAD_1">
			<Text>I will never forget this...</Text>
		</Row>
		<Row Tag="TXT_KEY_LEADER_ARCEUS_GREETING_POLITE_HELLO_1">
			<Text>I welcome you.</Text>
		</Row>
		<Row Tag="TXT_KEY_LEADER_ARCEUS_GREETING_POLITE_HELLO_2">
			<Text>Hello. Welcome to my home.</Text>
		</Row>
		<Row Tag="TXT_KEY_LEADER_ARCEUS_GREETING_FRIENDLY_STRONG_MILITARY_1">
			<Text>Your army is quite sizable, I must say.</Text>
		</Row>
		<Row Tag="TXT_KEY_LEADER_ARCEUS_GREETING_FRIENDLY_STRONG_ECONOMY_1">
			<Text>You seem to have quite a favor for gold. Though I recommend you don't attach yourself too fondly to such an earthly posession....</Text>
		</Row>
		<Row Tag="TXT_KEY_LEADER_ARCEUS_GREETING_HOSTILE_HELLO_1">
			<Text>You are not welcome here.</Text>
		</Row>
		<Row Tag="TXT_KEY_LEADER_ARCEUS_GREETING_HOSTILE_HELLO_2">
			<Text>Leave at once.</Text>
		</Row>
		<Row Tag="TXT_KEY_LEADER_ARCEUS_HUMAN_DENOUNCE_SO_AI_DOF_1">
			<Text>{1_CivName} is in their right mind for not trusting you.</Text>
		</Row>
		<Row Tag="TXT_KEY_LEADER_ARCEUS_HUMAN_DENOUNCE_SO_AI_DOF_2">
			<Text>{1_CivName} agrees with me that you are a threat to the world.</Text>
		</Row>
		<Row Tag="TXT_KEY_LEADER_ARCEUS_HUMAN_DOFED_FRIEND_1">
			<Text>You ally with trusted {1_CivName}. I can respect that.</Text>
		</Row>
		<Row Tag="TXT_KEY_LEADER_ARCEUS_HUMAN_DOFED_ENEMY_1">
			<Text>{1_CivName} is an enemy of mine. It would be wise to disregard yourself from them.</Text>
		</Row>
		<Row Tag="TXT_KEY_LEADER_ARCEUS_HUMAN_DENOUNCED_ENEMY_1">
			<Text>You are correct about {1_CivName}, they cannot be trusted.</Text>
		</Row>
		<Row Tag="TXT_KEY_LEADER_ARCEUS_SAME_POLICIES_ORDER_1">
			<Text>Ah, you chose the path of order as well. Very well, may the world unite as one under order!</Text>
		</Row>
		<Row Tag="TXT_KEY_LEADER_ARCEUS_SAME_POLICIES_FREEDOM_1">
			<Text>You chose freedom as well. May the people of the world be forever free!</Text>
		</Row>
		<Row Tag="TXT_KEY_LEADER_ARCEUS_SAME_POLICIES_AUTOCRACY_1">
			<Text>To protect the world, I learned that you must rule it. May the world bow down to us!</Text>
		</Row>
		<Row Tag="TXT_KEY_LEADER_ARCEUS_INFLUENTIAL_ON_HUMAN_1">
			<Text>Your people now attempt to emulate my culture, how cute.</Text>
		</Row>
		<Row Tag="TXT_KEY_LEADER_ARCEUS_WE_LIKE_HUMAN_PROPOSAL_1">
			<Text>Your diplomaic proposal suits our wants nicely.</Text>
		</Row>
		<Row Tag="TXT_KEY_LEADER_ARCEUS_WE_DISLIKE_HUMAN_PROPOSAL_1">
			<Text>If you are trying to destablize my empire, it won't work.</Text>
		</Row>
		<Row Tag="TXT_KEY_LEADER_ARCEUS_HUMAN_SUPPORTED_OUR_PROPOSAL_1">
			<Text>I thank you for helping our proposal pass.</Text>
		</Row>
		<Row Tag="TXT_KEY_LEADER_ARCEUS_FOILED_OUR_PROPOSAL_1">
			<Text>It would be much easier to just assimilate your entire empire into ours.</Text>
		</Row>
		<Row Tag="TXT_KEY_LEADER_ARCEUS_SUPPORTED_OUR_HOSTING_1">
			<Text>Thank you for your support.</Text>
		</Row>
		<Row Tag="TXT_KEY_LEADER_ARCEUS_INFLUENTIAL_ON_AI_1">
			<Text>Your culture, is stronger than mine. Quite odd but adoption is the only option I assume.</Text>
		</Row>
		<Row Tag="TXT_KEY_LEADER_ARCEUS_EMBASSY_EXCHANGE_1">
			<Text>I would like to establish embassies between our nations.</Text>
		</Row>
		<Row Tag="TXT_KEY_LEADER_ARCEUS_TRADE_ACCEPT_GENEROUS_1">
			<Text>I will take your generous gift.</Text>
		</Row>
		<Row Tag="TXT_KEY_LEADER_ARCEUS_TRADE_ACCEPT_ACCEPTABLE_1">
			<Text>I find this deal acceptable.</Text>
		</Row>
		<Row Tag="TXT_KEY_LEADER_ARCEUS_TRADE_REJECT_UNACCEPTABLE_1">
			<Text>I require more resources.</Text>
		</Row>
		<Row Tag="TXT_KEY_LEADER_ARCEUS_TRADE_REJECT_INSULTING_1">
			<Text>Is this some form of joke?</Text>
		</Row>
		<Row Tag="TXT_KEY_LEADER_ARCEUS_TRADE_AI_MAKES_OFFER_1">
			<Text>Does this deal interest you?</Text>
		</Row>
		<Row Tag="TXT_KEY_LEADER_ARCEUS_ATTACKED_HOSTILE_1">
			<Text>This will be your last mistake.</Text>
		</Row>
		<Row Tag="TXT_KEY_LEADER_ARCEUS_ATTACKED_STRONG_HOSTILE_1">
			<Text>I will crush you for the good of my people!</Text>
		</Row>
		<Row Tag="TXT_KEY_LEADER_ARCEUS_ATTACKED_WEAK_HOSTILE_1">
			<Text>You will perish under even a small army.</Text>
		</Row>
		<Row Tag="TXT_KEY_LEADER_ARCEUS_ATTACKED_EXCITED_1">
			<Text>You were a mistake that I allowed to manifest. You owe your life to me, and your death.</Text>
		</Row>
		<Row Tag="TXT_KEY_LEADER_ARCEUS_ATTACKED_WEAK_EXCITED_1">
			<Text>I will fight to my last breath if I must.</Text>
		</Row>
		<Row Tag="TXT_KEY_LEADER_ARCEUS_ATTACKED_STRONG_EXCITED_1">
			<Text>This will be painlessly quick. I promise.</Text>
		</Row>
		<Row Tag="TXT_KEY_LEADER_ARCEUS_ATTACKED_SAD_1">
			<Text>You have broken my trust. For that, you will die.</Text>
		</Row>
		<Row Tag="TXT_KEY_LEADER_ARCEUS_ATTACKED_BETRAYED_1">
			<Text>I will remember that.</Text>
		</Row>
		<Row Tag="TXT_KEY_LEADER_ARCEUS_RESEARCH_AGREEMENT_OFFER_1">
			<Text>Science is of great importance in this world.</Text>
		</Row>
		<Row Tag="TXT_KEY_LEADER_ARCEUS_PEACE_MADE_BY_HUMAN_GRACIOUS_1">
			<Text>A wise choice.</Text>
		</Row>
		<Row Tag="TXT_KEY_LEADER_ARCEUS_LETS_HEAR_IT_1">
			<Text>Yes?</Text>
		</Row>
		<Row Tag="TXT_KEY_LEADER_ARCEUS_RESPONSE_WARNED_ABOUT_INTRIGUE_1">
			<Text>Your intelligence is of great help.</Text>
		</Row>
		<Row Tag="TXT_KEY_LEADER_ARCEUS_SO_BE_IT_1">
			<Text>Very well.</Text>
		</Row>
		<Row Tag="TXT_KEY_LEADER_ARCEUS_RETURNED_CIVILIAN_1">
			<Text>I am glad to see my subjects back, you have my favor.</Text>
		</Row>
		<Row Tag="TXT_KEY_LEADER_ARCEUS_DONT_SETTLE_YES_1">
			<Text>Very well, I can respect your boundries.</Text>
		</Row>
		<Row Tag="TXT_KEY_LEADER_ARCEUS_DONT_SETTLE_NO_1">
			<Text>My people require this land.</Text>
		</Row>
	</Language_en_US>
</GameData>