<?xml version="1.0" encoding="utf-8"?>
<!-- Created by ModBuddy on 12/8/2012 9:49:05 AM -->
<GameData>

	<IconFontTextures>
		<Row>
			<IconFontTexture>ICON_FONT_TEXTURE_ARCEISM</IconFontTexture>
			<IconFontTextureFile>ArceismFontIcons</IconFontTextureFile>
		</Row>
	</IconFontTextures>
	<IconFontMapping>
		<Row>
			<IconName>ICON_RELIGION_ARCEISM</IconName>
			<IconMapping>1</IconMapping>
			<IconFontTexture>ICON_FONT_TEXTURE_ARCEISM</IconFontTexture>
		</Row>
	</IconFontMapping>
	<IconTextureAtlases>
		<Row>
			<Atlas>RELIGION_ATLAS_WHITE_ARCEISM</Atlas>
			<IconSize>128</IconSize>
			<Filename>Arceism128.dds</Filename>
			<IconsPerRow>1</IconsPerRow>
			<IconsPerColumn>1</IconsPerColumn>
		</Row>
		<Row>
			<Atlas>RELIGION_ATLAS_WHITE_ARCEISM</Atlas>
			<IconSize>80</IconSize>
			<Filename>Arceism80.dds</Filename>
			<IconsPerRow>1</IconsPerRow>
			<IconsPerColumn>1</IconsPerColumn>
		</Row>
		<Row>
			<Atlas>RELIGION_ATLAS_WHITE_ARCEISM</Atlas>
			<IconSize>64</IconSize>
			<Filename>Arceism64.dds</Filename>
			<IconsPerRow>1</IconsPerRow>
			<IconsPerColumn>1</IconsPerColumn>
		</Row>
		<Row>
			<Atlas>RELIGION_ATLAS_WHITE_ARCEISM</Atlas>
			<IconSize>48</IconSize>
			<Filename>Arceism48.dds</Filename>
			<IconsPerRow>1</IconsPerRow>
			<IconsPerColumn>1</IconsPerColumn>
		</Row>
		<Row>
			<Atlas>RELIGION_ATLAS_WHITE_ARCEISM</Atlas>
			<IconSize>32</IconSize>
			<Filename>Arceism32.dds</Filename>
			<IconsPerRow>1</IconsPerRow>
			<IconsPerColumn>1</IconsPerColumn>
		</Row>
		<Row>
			<Atlas>RELIGION_ATLAS_WHITE_ARCEISM</Atlas>
			<IconSize>24</IconSize>
			<Filename>Arceism24.dds</Filename>
			<IconsPerRow>1</IconsPerRow>
			<IconsPerColumn>1</IconsPerColumn>
		</Row>
		<Row>
			<Atlas>RELIGION_ATLAS_WHITE_ARCEISM</Atlas>
			<IconSize>16</IconSize>
			<Filename>Arceism16.dds</Filename>
			<IconsPerRow>1</IconsPerRow>
			<IconsPerColumn>1</IconsPerColumn>
		</Row>
	</IconTextureAtlases>
	<Religions>
		<Row>
			<Type>RELIGION_ARCEISM</Type>
			<Description>TXT_KEY_RELIGION_ARCEISM</Description>
			<Civilopedia>TXT_KEY_RELIGION_ARCEISM_PEDIA</Civilopedia>
			<PortraitIndex>0</PortraitIndex>
			<IconAtlas>RELIGION_ATLAS_WHITE_ARCEISM</IconAtlas>
			<IconString>[ICON_RELIGION_ARCEISM]</IconString>
		</Row>
	</Religions>

	<LocalizedText>
		<Row Language="en_US" Tag="TXT_KEY_RELIGION_ARCEISM">
			<Text>The Circle of Dreams</Text>
		</Row>
		<Row Language="en_US" Tag="TXT_KEY_RELIGION_ARCEISM_PEDIA">
			<Text>
				The Circle of Dreams is the magic circle chosen by Queen Titania and many druids of the Faewild. The Crown of Dreams draws power from the slumbering Xernunnos to protect the people of the Faewild, and to aid in its prosperity.
			</Text>
		</Row>
	</LocalizedText>
</GameData>