<?xml version="1.0" encoding="utf-8"?>
<!-- Created by ModBuddy on 5/27/2016 10:23:19 PM -->
<GameData>
	<Buildings>
		<Row>
			<Type>BUILDING_JEWEL_OF_LIFE_PEDESTAL</Type>
			<Description>TXT_KEY_BUILDING_JEWEL_OF_LIFE_PEDESTAL_DESC</Description>
			<Civilopedia>TXT_KEY_BUILDINGS_JEWEL_OF_LIFE_PEDESTAL_PEDIA</Civilopedia>
			<Strategy>TXT_KEY_BUILDINGS_JEWEL_OF_LIFE_PEDESTAL_STRATEGY</Strategy>
			<Help>TXT_KEY_BUILDING_JEWEL_OF_LIFE_PEDESTAL_HELP</Help>
			<MutuallyExclusiveGroup>-1</MutuallyExclusiveGroup>
			<NukeImmune>1</NukeImmune>
			<HolyCity>1</HolyCity>
			<NumCityCostMod>150</NumCityCostMod>
			<HurryCostModifier>25</HurryCostModifier>
			<MinAreaSize>-1</MinAreaSize>
			<ConquestProb>100</ConquestProb>
			<Happiness>0</Happiness>
			<ReligiousPressureModifier>100</ReligiousPressureModifier>
			<BuildingClass>BUILDINGCLASS_GRAND_TEMPLE</BuildingClass>
			<PortraitIndex>3</PortraitIndex>
			<IconAtlas>JewelOfLifeIcon</IconAtlas>
		</Row>
	</Buildings>

	<Civilization_BuildingClassOverrides>
		<Row>
			<CivilizationType>CIVILIZATION_POKEMON_EMPIRE</CivilizationType>
			<BuildingClassType>BUILDINGCLASS_GRAND_TEMPLE</BuildingClassType>
			<BuildingType>BUILDING_JEWEL_OF_LIFE_PEDESTAL</BuildingType>
		</Row>
	</Civilization_BuildingClassOverrides>

	<Building_Flavors>
		<Row>
			<BuildingType>BUILDING_JEWEL_OF_LIFE_PEDESTAL</BuildingType>
			<FlavorType>FLAVOR_RELIGION</FlavorType>
			<Flavor>85</Flavor>
		</Row>
	</Building_Flavors>
	
	<Building_YieldChanges>
		<Row>
			<BuildingType>BUILDING_JEWEL_OF_LIFE_PEDESTAL</BuildingType>
			<YieldType>YIELD_FAITH</YieldType>
			<Yield>10</Yield>
		</Row>
		<Row>
			<BuildingType>BUILDING_JEWEL_OF_LIFE_PEDESTAL</BuildingType>
			<YieldType>YIELD_CULTURE</YieldType>
			<Yield>10</Yield>
		</Row>
		<Row>
			<BuildingType>BUILDING_JEWEL_OF_LIFE_PEDESTAL</BuildingType>
			<YieldType>YIELD_FOOD</YieldType>
			<Yield>4</Yield>
		</Row>
	</Building_YieldChanges>
	<Building_TerrainYieldChanges>
		<Row>
			<BuildingType>BUILDING_JEWEL_OF_LIFE_PEDESTAL</BuildingType>
			<TerrainType>TERRAIN_FOREST</TerrainType>
			<YieldType>YIELD_CULTURE</YieldType>
			<Yield>2</Yield>
		</Row>
	</Building_TerrainYieldChanges>
	<Language_en_US>
		<Row Tag="TXT_KEY_BUILDING_JEWEL_OF_LIFE_PEDESTAL_DESC">
			<Text>Yggdrasil</Text>
		</Row>
		<Row Tag="TXT_KEY_BUILDINGS_JEWEL_OF_LIFE_PEDESTAL_PEDIA">
			<Text>Yggdrasil is the World Tree created by the God Xernunnos. It is an ancient tree with deep and unknown magical properties. You may harness its power once Theology is researched. </Text>
		</Row>
		<Row Tag="TXT_KEY_BUILDINGS_JEWEL_OF_LIFE_PEDESTAL_STRATEGY">
			<Text>Build this early before you build many cities to produce it cheaper, the faith + culture bonus is pretty powerful once you build it, however since you may only contruct one, it's usefulness is limited later on. Make sure it does not fall to enemy control or they will be enjoying happiness and faith along with a large population.</Text>
		</Row>
		<Row Tag="TXT_KEY_BUILDING_JEWEL_OF_LIFE_PEDESTAL_HELP">
			<Text>Provides 10 faith, 10 culture, 4 food along with bonuses of the grand temple it replaces. +2 Culture from worked forest tiles. Must be contructed in a holy city.</Text>
		</Row>
	</Language_en_US>
</GameData>
