<?xml version="1.0" encoding="utf-8"?>
<!-- Created by ModBuddy on 5/28/2016 3:41:32 PM -->
<GameData>
	<Leaders>
		<Row>
			<Type>LEADER_ARCEUS</Type>
			<Description>TXT_KEY_LEADER_ARCEUS</Description>
			<Civilopedia>TXT_KEY_LEADER_ARCEUS_PEDIA</Civilopedia>
			<CivilopediaTag>TXT_KEY_CIVILOPEDIA_LEADERS_ARCEUS</CivilopediaTag>
			<ArtDefineTag>ArceusScene.xml</ArtDefineTag>
			<VictoryCompetitiveness>2</VictoryCompetitiveness>
			<WonderCompetitiveness>10</WonderCompetitiveness>
			<MinorCivCompetitiveness>8</MinorCivCompetitiveness>
			<Boldness>3</Boldness>
			<DiploBalance>8</DiploBalance>
			<WarmongerHate>8</WarmongerHate>
			<DenounceWillingness>5</DenounceWillingness>
			<DoFWillingness>5</DoFWillingness>
			<Loyalty>8</Loyalty>
			<Neediness>0</Neediness>
			<Forgiveness>5</Forgiveness>
			<Chattiness>6</Chattiness>
			<Meanness>2</Meanness>
			<PortraitIndex>1</PortraitIndex>
			<IconAtlas>ArceusIcon</IconAtlas>
		</Row>
	</Leaders>
	<Leader_MajorCivApproachBiases>
		<Row>
			<LeaderType>LEADER_ARCEUS</LeaderType>
			<MajorCivApproachType>MAJOR_CIV_APPROACH_WAR</MajorCivApproachType>
			<Bias>5</Bias>
		</Row>
		<Row>
			<LeaderType>LEADER_ARCEUS</LeaderType>
			<MajorCivApproachType>MAJOR_CIV_APPROACH_HOSTILE</MajorCivApproachType>
			<Bias>6</Bias>
		</Row>
		<Row>
			<LeaderType>LEADER_ARCEUS</LeaderType>
			<MajorCivApproachType>MAJOR_CIV_APPROACH_DECEPTIVE</MajorCivApproachType>
			<Bias>5</Bias>
		</Row>
		<Row>
			<LeaderType>LEADER_ARCEUS</LeaderType>
			<MajorCivApproachType>MAJOR_CIV_APPROACH_GUARDED</MajorCivApproachType>
			<Bias>5</Bias>
		</Row>
		<Row>
			<LeaderType>LEADER_ARCEUS</LeaderType>
			<MajorCivApproachType>MAJOR_CIV_APPROACH_AFRAID</MajorCivApproachType>
			<Bias>0</Bias>
		</Row>
		<Row>
			<LeaderType>LEADER_ARCEUS</LeaderType>
			<MajorCivApproachType>MAJOR_CIV_APPROACH_FRIENDLY</MajorCivApproachType>
			<Bias>5</Bias>
		</Row>
		<Row>
			<LeaderType>LEADER_ARCEUS</LeaderType>
			<MajorCivApproachType>MAJOR_CIV_APPROACH_NEUTRAL</MajorCivApproachType>
			<Bias>8</Bias>
		</Row>
	</Leader_MajorCivApproachBiases>
	<Leader_MinorCivApproachBiases>
		<Row>
			<LeaderType>LEADER_ARCEUS</LeaderType>
			<MinorCivApproachType>MINOR_CIV_APPROACH_IGNORE</MinorCivApproachType>
			<Bias>5</Bias>
		</Row>
		<Row>
			<LeaderType>LEADER_ARCEUS</LeaderType>
			<MinorCivApproachType>MINOR_CIV_APPROACH_FRIENDLY</MinorCivApproachType>
			<Bias>7</Bias>
		</Row>
		<Row>
			<LeaderType>LEADER_ARCEUS</LeaderType>
			<MinorCivApproachType>MINOR_CIV_APPROACH_PROTECTIVE</MinorCivApproachType>
			<Bias>4</Bias>
		</Row>
		<Row>
			<LeaderType>LEADER_ARCEUS</LeaderType>
			<MinorCivApproachType>MINOR_CIV_APPROACH_CONQUEST</MinorCivApproachType>
			<Bias>5</Bias>
		</Row>
	</Leader_MinorCivApproachBiases>
	<Leader_Flavors>
		<Row>
			<LeaderType>LEADER_ARCEUS</LeaderType>
			<FlavorType>FLAVOR_OFFENSE</FlavorType>
			<Flavor>6</Flavor>
		</Row>
		<Row>
			<LeaderType>LEADER_ARCEUS</LeaderType>
			<FlavorType>FLAVOR_DEFENSE</FlavorType>
			<Flavor>7</Flavor>
		</Row>
		<Row>
			<LeaderType>LEADER_ARCEUS</LeaderType>
			<FlavorType>FLAVOR_CITY_DEFENSE</FlavorType>
			<Flavor>5</Flavor>
		</Row>
		<Row>
			<LeaderType>LEADER_ARCEUS</LeaderType>
			<FlavorType>FLAVOR_MILITARY_TRAINING</FlavorType>
			<Flavor>6</Flavor>
		</Row>
		<Row>
			<LeaderType>LEADER_ARCEUS</LeaderType>
			<FlavorType>FLAVOR_RECON</FlavorType>
			<Flavor>5</Flavor>
		</Row>
		<Row>
			<LeaderType>LEADER_ARCEUS</LeaderType>
			<FlavorType>FLAVOR_RANGED</FlavorType>
			<Flavor>5</Flavor>
		</Row>
		<Row>
			<LeaderType>LEADER_ARCEUS</LeaderType>
			<FlavorType>FLAVOR_MOBILE</FlavorType>
			<Flavor>5</Flavor>
		</Row>
		<Row>
			<LeaderType>LEADER_ARCEUS</LeaderType>
			<FlavorType>FLAVOR_NAVAL</FlavorType>
			<Flavor>5</Flavor>
		</Row>
		<Row>
			<LeaderType>LEADER_ARCEUS</LeaderType>
			<FlavorType>FLAVOR_NAVAL_RECON</FlavorType>
			<Flavor>5</Flavor>
		</Row>
		<Row>
			<LeaderType>LEADER_ARCEUS</LeaderType>
			<FlavorType>FLAVOR_NAVAL_GROWTH</FlavorType>
			<Flavor>5</Flavor>
		</Row>
		<Row>
			<LeaderType>LEADER_ARCEUS</LeaderType>
			<FlavorType>FLAVOR_NAVAL_TILE_IMPROVEMENT</FlavorType>
			<Flavor>5</Flavor>
		</Row>
		<Row>
			<LeaderType>LEADER_ARCEUS</LeaderType>
			<FlavorType>FLAVOR_AIR</FlavorType>
			<Flavor>7</Flavor>
		</Row>
		<Row>
			<LeaderType>LEADER_ARCEUS</LeaderType>
			<FlavorType>FLAVOR_EXPANSION</FlavorType>
			<Flavor>7</Flavor>
		</Row>
		<Row>
			<LeaderType>LEADER_ARCEUS</LeaderType>
			<FlavorType>FLAVOR_GROWTH</FlavorType>
			<Flavor>7</Flavor>
		</Row>
		<Row>
			<LeaderType>LEADER_ARCEUS</LeaderType>
			<FlavorType>FLAVOR_TILE_IMPROVEMENT</FlavorType>
			<Flavor>7</Flavor>
		</Row>
		<Row>
			<LeaderType>LEADER_ARCEUS</LeaderType>
			<FlavorType>FLAVOR_INFRASTRUCTURE</FlavorType>
			<Flavor>3</Flavor>
		</Row>
		<Row>
			<LeaderType>LEADER_ARCEUS</LeaderType>
			<FlavorType>FLAVOR_PRODUCTION</FlavorType>
			<Flavor>5</Flavor>
		</Row>
		<Row>
			<LeaderType>LEADER_ARCEUS</LeaderType>
			<FlavorType>FLAVOR_GOLD</FlavorType>
			<Flavor>5</Flavor>
		</Row>
		<Row>
			<LeaderType>LEADER_ARCEUS</LeaderType>
			<FlavorType>FLAVOR_SCIENCE</FlavorType>
			<Flavor>6</Flavor>
		</Row>
		<Row>
			<LeaderType>LEADER_ARCEUS</LeaderType>
			<FlavorType>FLAVOR_CULTURE</FlavorType>
			<Flavor>10</Flavor>
		</Row>
		<Row>
			<LeaderType>LEADER_ARCEUS</LeaderType>
			<FlavorType>FLAVOR_HAPPINESS</FlavorType>
			<Flavor>9</Flavor>
		</Row>
		<Row>
			<LeaderType>LEADER_ARCEUS</LeaderType>
			<FlavorType>FLAVOR_GREAT_PEOPLE</FlavorType>
			<Flavor>6</Flavor>
		</Row>
		<Row>
			<LeaderType>LEADER_ARCEUS</LeaderType>
			<FlavorType>FLAVOR_WONDER</FlavorType>
			<Flavor>10</Flavor>
		</Row>
		<Row>
			<LeaderType>LEADER_ARCEUS</LeaderType>
			<FlavorType>FLAVOR_RELIGION</FlavorType>
			<Flavor>12</Flavor>
		</Row>
		<Row>
			<LeaderType>LEADER_ARCEUS</LeaderType>
			<FlavorType>FLAVOR_DIPLOMACY</FlavorType>
			<Flavor>5</Flavor>
		</Row>
		<Row>
			<LeaderType>LEADER_ARCEUS</LeaderType>
			<FlavorType>FLAVOR_SPACESHIP</FlavorType>
			<Flavor>5</Flavor>
		</Row>
		<Row>
			<LeaderType>LEADER_ARCEUS</LeaderType>
			<FlavorType>FLAVOR_WATER_CONNECTION</FlavorType>
			<Flavor>5</Flavor>
		</Row>
		<Row>
			<LeaderType>LEADER_ARCEUS</LeaderType>
			<FlavorType>FLAVOR_NUKE</FlavorType>
			<Flavor>8</Flavor>
		</Row>
		<Row>
			<LeaderType>LEADER_ARCEUS</LeaderType>
			<FlavorType>FLAVOR_USE_NUKE</FlavorType>
			<Flavor>8</Flavor>
		</Row>
		<Row>
			<LeaderType>LEADER_ARCEUS</LeaderType>
			<FlavorType>FLAVOR_ESPIONAGE</FlavorType>
			<Flavor>4</Flavor>
		</Row>
		<Row>
			<LeaderType>LEADER_ARCEUS</LeaderType>
			<FlavorType>FLAVOR_ANTIAIR</FlavorType>
			<Flavor>5</Flavor>
		</Row>
		<Row>
			<LeaderType>LEADER_ARCEUS</LeaderType>
			<FlavorType>FLAVOR_AIR_CARRIER</FlavorType>
			<Flavor>4</Flavor>
		</Row>
		<Row>
			<LeaderType>LEADER_ARCEUS</LeaderType>
			<FlavorType>FLAVOR_ARCHAEOLOGY</FlavorType>
			<Flavor>4</Flavor>
		</Row>
		<Row>
			<LeaderType>LEADER_ARCEUS</LeaderType>
			<FlavorType>FLAVOR_I_LAND_TRADE_ROUTE</FlavorType>
			<Flavor>6</Flavor>
		</Row>
		<Row>
			<LeaderType>LEADER_ARCEUS</LeaderType>
			<FlavorType>FLAVOR_I_SEA_TRADE_ROUTE</FlavorType>
			<Flavor>5</Flavor>
		</Row>
		<Row>
			<LeaderType>LEADER_ARCEUS</LeaderType>
			<FlavorType>FLAVOR_I_TRADE_ORIGIN</FlavorType>
			<Flavor>5</Flavor>
		</Row>
		<Row>
			<LeaderType>LEADER_ARCEUS</LeaderType>
			<FlavorType>FLAVOR_I_TRADE_DESTINATION</FlavorType>
			<Flavor>8</Flavor>
		</Row>
		<Row>
			<LeaderType>LEADER_ARCEUS</LeaderType>
			<FlavorType>FLAVOR_AIRLIFT</FlavorType>
			<Flavor>8</Flavor>
		</Row>
	</Leader_Flavors>
	
	<Leader_Traits>
		<Row>
			<LeaderType>LEADER_ARCEUS</LeaderType>
			<TraitType>TRAIT_THE_ORIGINAL_ONE</TraitType>
		</Row>
	</Leader_Traits>
	
	-<Language_en_US>
		-<Row Tag="TXT_KEY_LEADER_ARCEUS">
			<Text>Titania puer Nympharum</Text>
		</Row>
		-<Row Tag="TXT_KEY_LEADER_ARCEUS_PEDIA">
			<Text>Titania is the Queen of the Faewild. She has ruled over the Fey for centuries, and has protected them with the Crown of Dreams.</Text>
		</Row>
		-<Row Tag="TXT_KEY_LEADER_ARCEUS_PEDIA_HEADING_1">
			<Text>History</Text>
		</Row>
		-<Row Tag="TXT_KEY_LEADER_ARCEUS_PEDIA_TEXT_1">
			<Text>Queen Titania saw many centuries of peaceful rule. Eventually, she fell in love with an Eladrin named Oberon, and the two had a daughter. However, Oberon grew increasingly obsessed with prophecies and power, and performed an unholy ritual, transforming him into the Archfiend Emperor Yin. Still, Queen Titania protected the Faewild to the best of her ability, guarding it until her last breath.</Text>
		</Row>
		-<Row Tag="TXT_KEY_LEADER_ARCEUS_PEDIA_HEADING_2">
			<Text>AI Personality</Text>
		</Row>
		-<Row Tag="TXT_KEY_LEADER_ARCEUS_PEDIA_TEXT_2">
			<Text>Titania is fairly friendly, and will try to keep to herself. However, Queen Titania has seen her fair share of war, and will not hesitate to do what she must to protect her people. </Text>
		</Row>
		-<Row Tag="TXT_KEY_CIVILOPEDIA_LEADERS_ARCEUS_LIVED">
			<Text>???</Text>
		</Row>
		-<Row Tag="TXT_KEY_CIVILOPEDIA_LEADERS_ARCEUS_NAME">
			<Text>Titania puer Nympharum</Text>
		</Row>
		-<Row Tag="TXT_KEY_CIVILOPEDIA_LEADERS_ARCEUS_SUBTITLE">
			<Text>The Queen of the Faewild</Text>
		</Row>
		-<Row Tag="TXT_KEY_CIVILOPEDIA_LEADERS_ARCEUS_TITLES_1">
			<Text>First of her Name, The Dreamer, Queen of the Fey and the Eladrin, Protector of the Realm</Text>
		</Row>
	</Language_en_US>
</GameData>