<?xml version="1.0" encoding="utf-8"?>
<!-- Created by ModBuddy on 6/9/2016 11:11:54 PM -->
<GameData>
	
		<Language_en_US>
			<Row Tag="TXT_KEY_PROMOTION_MASTER_OF_ILLUSION">
				<Text>Master of Illusions</Text>
			</Row>
			<Row Tag="TXT_KEY_PROMOTION_MASTER_OF_ILLUSION_HELP">
				<Text>Cannot be seen by enemies until they are within striking range. In addition they may move after attacking.</Text>
			</Row>
		</Language_en_US>
	
		<UnitPromotions>
			<Row>
				<Type>PROMOTION_MASTER_OF_ILLUSION</Type>
				<Description>TXT_KEY_PROMOTION_MASTER_OF_ILLUSION</Description>
				<Help>TXT_KEY_PROMOTION_MASTER_OF_ILLUSION_HELP</Help>
				<Sound>AS2D_IF_LEVELUP</Sound>
				<Invisible>INVISIBLE_SUBMARINE</Invisible>
				<CanMoveAfterAttacking>true</CanMoveAfterAttacking>
				<CannotBeChosen>true</CannotBeChosen>
				<PortraitIndex>35</PortraitIndex>
				<IconAtlas>ABILITY_ATLAS</IconAtlas>
				<PediaType>PEDIA_ATTRIBUTES</PediaType>
				<PediaEntry>TXT_KEY_PROMOTION_MASTER_OF_ILLUSION</PediaEntry>
			</Row>
		</UnitPromotions>
	
		<UnitPromotions_UnitCombats>
			<Row>
				<PromotionType>PROMOTION_MASTER_OF_ILLUSION</PromotionType>
				<UnitCombatType>UNITCOMBAT_MELEE</UnitCombatType>
			</Row>
			<Row>
				<PromotionType>PROMOTION_MASTER_OF_ILLUSION</PromotionType>
				<UnitCombatType>UNITCOMBAT_GUN</UnitCombatType>
			</Row>
		</UnitPromotions_UnitCombats>

</GameData>