<?xml version="1.0" encoding="utf-8"?>
<!-- Created by ModBuddy on 5/27/2016 8:24:31 PM -->
<GameData>
	<Traits>
		<Row>
			<Type>TRAIT_THE_ORIGINAL_ONE</Type>
			<Description>TXT_KEY_TRAIT_THE_ORIGINAL_ONE</Description>
			<ShortDescription>TXT_KEY_TRAIT_THE_ORIGINAL_ONE_SHORT</ShortDescription>
			<FreeBuilding>BUILDING_SHRINE</FreeBuilding>
		</Row>
	</Traits>
	<Trait_YieldModifiers>
		<Row>
			<TraitType>TRAIT_THE_ORIGINAL_ONE</TraitType>
			<YieldType>YIELD_SCIENCE</YieldType>
			<Yield>-20</Yield>
		</Row>
		<!--
		<Row>
			<TraitType>TRAIT_THE_ORIGINAL_ONE</TraitType>
			<YieldType>YIELD_CULTURE</YieldType>
			<Yield>20</Yield>
		</Row>
	-->
	</Trait_YieldModifiers>
	<Language_en_US>
	<Row Tag="TXT_KEY_TRAIT_THE_ORIGINAL_ONE">
		<Text>-20% Science Output. Gain a free shrine in every city.</Text>
	</Row>
	<Row Tag="TXT_KEY_TRAIT_THE_ORIGINAL_ONE_SHORT">
		<Text>The Crown of Dreams</Text>
	</Row>
	</Language_en_US>
</GameData>