<?xml version="1.0" encoding="utf-8"?>
<!-- Created by ModBuddy on 6/8/2016 7:14:41 PM -->
<GameData>
		<Civilizations>
			<Row>
				<Type>CIVILIZATION_POKEMON_EMPIRE</Type>
				<Description>TXT_KEY_CIV_POKEMON_EMPIRE_DESC</Description>
				<ShortDescription>TXT_KEY_CIV_POKEMON_EMPIRE_SHORT_DESC</ShortDescription>
				<Adjective>TXT_KEY_CIV_POKEMON_EMPIRE_ADJECTIVE</Adjective>
				<CivilopediaTag>TXT_KEY_CIV5_POKEMON_EMPIRE</CivilopediaTag>
				<DefaultPlayerColor>PLAYERCOLOR_POKEMON_EMPIRE</DefaultPlayerColor>
				<ArtStyleType>ARTSTYLE_EUROPEAN</ArtStyleType>
				<ArtStylePrefix>EUROPEAN</ArtStylePrefix>
				<ArtStyleSuffix>_EURO</ArtStyleSuffix>
				<IconAtlas>PokemonIcon</IconAtlas>
				<PortraitIndex>0</PortraitIndex>
				<AlphaIconAtlas>PokemonAlphaAtlas</AlphaIconAtlas>
				<MapImage>PokemonMap.dds</MapImage>
				<DawnOfManImage>PokemonDoM.dds</DawnOfManImage>
				<DawnOfManQuote>TXT_KEY_CIV5_DAWN_POKEMON_EMPIRE_TEXT</DawnOfManQuote>
				<DawnOfManAudio></DawnOfManAudio>
				<SoundtrackTag>Japan</SoundtrackTag>
			</Row>
		</Civilizations>
	
		<Civilization_Leaders>
			<Row>
				<CivilizationType>CIVILIZATION_POKEMON_EMPIRE</CivilizationType>
				<LeaderheadType>LEADER_ARCEUS</LeaderheadType>
			</Row>
		</Civilization_Leaders>
	
		<Audio_Sounds>
			<Row>
				<SoundID>SND_LEADER_MUSIC_ARCEUS_PEACE</SoundID>
				<Filename>ArceusPeace</Filename>
				<LoadType>DynamicResident</LoadType>
			</Row>
			<Row>
				<SoundID>SND_LEADER_MUSIC_ARCEUS_WAR</SoundID>
				<Filename>ArceusWar</Filename>
				<LoadType>DynamicResident</LoadType>
			</Row>
		</Audio_Sounds>
	
		<Audio_2DSounds>
			<Row>
				<ScriptID>AS2D_LEADER_MUSIC_ARCEUS_PEACE</ScriptID>
				<SoundID>SND_LEADER_MUSIC_ARCEUS_PEACE</SoundID>
				<SoundType>GAME_MUSIC</SoundType>
				<MinVolume>100</MinVolume>
				<MaxVolume>100</MaxVolume>
				<IsMusic>true</IsMusic>
			</Row>
			<Row>
				<ScriptID>AS2D_LEADER_MUSIC_ARCEUS_WAR</ScriptID>
				<SoundID>SND_LEADER_MUSIC_ARCEUS_WAR</SoundID>
				<SoundType>GAME_MUSIC</SoundType>
				<MinVolume>80</MinVolume>
				<MaxVolume>80</MaxVolume>
				<IsMusic>true</IsMusic>
			</Row>
		</Audio_2DSounds>
	
		<Civilization_Religions>
			<Row>
				<CivilizationType>CIVILIZATION_POKEMON_EMPIRE</CivilizationType>
				<ReligionType>RELIGION_ARCEISM</ReligionType>
			</Row>
		</Civilization_Religions>
	
		<Civilization_FreeBuildingClasses>
			<Row>
				<CivilizationType>CIVILIZATION_POKEMON_EMPIRE</CivilizationType>
				<BuildingClassType>BUILDINGCLASS_PALACE</BuildingClassType>
			</Row>
		</Civilization_FreeBuildingClasses>
	
		<Civilization_FreeUnits>
			<Row>
				<CivilizationType>CIVILIZATION_POKEMON_EMPIRE</CivilizationType>
				<UnitClassType>UNITCLASS_SETTLER</UnitClassType>
				<UnitAIType>UNITAI_SETTLE</UnitAIType>
				<Count>1</Count>
			</Row>
		</Civilization_FreeUnits>
	
		<Civilization_FreeTechs>
			<Row>
				<CivilizationType>CIVILIZATION_POKEMON_EMPIRE</CivilizationType>
				<TechType>TECH_AGRICULTURE</TechType>
			</Row>
		</Civilization_FreeTechs>
	
	    <Civilization_Start_Region_Priority>
		    <Row>
			    <CivilizationType>CIVILIZATION_POKEMON_EMPIRE</CivilizationType>
			    <RegionType>REGION_FOREST</RegionType>
		    </Row>
	    </Civilization_Start_Region_Priority>
	
		<Civilization_CityNames>
			<Row>
				<CivilizationType>CIVILIZATION_POKEMON_EMPIRE</CivilizationType>
				<CityName>TXT_KEY_CITY_NAME_POKEMON_EMPIRE_0</CityName>
			</Row>
			<Row>
				<CivilizationType>CIVILIZATION_POKEMON_EMPIRE</CivilizationType>
				<CityName>TXT_KEY_CITY_NAME_POKEMON_EMPIRE_1</CityName>
			</Row>
			<Row>
				<CivilizationType>CIVILIZATION_POKEMON_EMPIRE</CivilizationType>
				<CityName>TXT_KEY_CITY_NAME_POKEMON_EMPIRE_2</CityName>
			</Row>
			<Row>
				<CivilizationType>CIVILIZATION_POKEMON_EMPIRE</CivilizationType>
				<CityName>TXT_KEY_CITY_NAME_POKEMON_EMPIRE_3</CityName>
			</Row>
			<Row>
				<CivilizationType>CIVILIZATION_POKEMON_EMPIRE</CivilizationType>
				<CityName>TXT_KEY_CITY_NAME_POKEMON_EMPIRE_4</CityName>
			</Row>
			<Row>
				<CivilizationType>CIVILIZATION_POKEMON_EMPIRE</CivilizationType>
				<CityName>TXT_KEY_CITY_NAME_POKEMON_EMPIRE_5</CityName>
			</Row>
			<Row>
				<CivilizationType>CIVILIZATION_POKEMON_EMPIRE</CivilizationType>
				<CityName>TXT_KEY_CITY_NAME_POKEMON_EMPIRE_6</CityName>
			</Row>
			<Row>
				<CivilizationType>CIVILIZATION_POKEMON_EMPIRE</CivilizationType>
				<CityName>TXT_KEY_CITY_NAME_POKEMON_EMPIRE_7</CityName>
			</Row>
			<Row>
				<CivilizationType>CIVILIZATION_POKEMON_EMPIRE</CivilizationType>
				<CityName>TXT_KEY_CITY_NAME_POKEMON_EMPIRE_8</CityName>
			</Row>
			<Row>
				<CivilizationType>CIVILIZATION_POKEMON_EMPIRE</CivilizationType>
				<CityName>TXT_KEY_CITY_NAME_POKEMON_EMPIRE_9</CityName>
			</Row>
			<Row>
				<CivilizationType>CIVILIZATION_POKEMON_EMPIRE</CivilizationType>
				<CityName>TXT_KEY_CITY_NAME_POKEMON_EMPIRE_10</CityName>
			</Row>
			<Row>
				<CivilizationType>CIVILIZATION_POKEMON_EMPIRE</CivilizationType>
				<CityName>TXT_KEY_CITY_NAME_POKEMON_EMPIRE_11</CityName>
			</Row>
			<Row>
				<CivilizationType>CIVILIZATION_POKEMON_EMPIRE</CivilizationType>
				<CityName>TXT_KEY_CITY_NAME_POKEMON_EMPIRE_12</CityName>
			</Row>
			<Row>
				<CivilizationType>CIVILIZATION_POKEMON_EMPIRE</CivilizationType>
				<CityName>TXT_KEY_CITY_NAME_POKEMON_EMPIRE_13</CityName>
			</Row>
			<Row>
				<CivilizationType>CIVILIZATION_POKEMON_EMPIRE</CivilizationType>
				<CityName>TXT_KEY_CITY_NAME_POKEMON_EMPIRE_14</CityName>
			</Row>
			<Row>
				<CivilizationType>CIVILIZATION_POKEMON_EMPIRE</CivilizationType>
				<CityName>TXT_KEY_CITY_NAME_POKEMON_EMPIRE_15</CityName>
			</Row>
			<Row>
				<CivilizationType>CIVILIZATION_POKEMON_EMPIRE</CivilizationType>
				<CityName>TXT_KEY_CITY_NAME_POKEMON_EMPIRE_16</CityName>
			</Row>
			<Row>
				<CivilizationType>CIVILIZATION_POKEMON_EMPIRE</CivilizationType>
				<CityName>TXT_KEY_CITY_NAME_POKEMON_EMPIRE_17</CityName>
			</Row>
		</Civilization_CityNames>
	
		<Civilization_SpyNames>
			<Row>
				<CivilizationType>CIVILIZATION_POKEMON_EMPIRE</CivilizationType>
				<SpyName>TXT_KEY_SPY_NAME_POKEMON_EMPIRE_0</SpyName>
			</Row>
			<Row>
				<CivilizationType>CIVILIZATION_POKEMON_EMPIRE</CivilizationType>
				<SpyName>TXT_KEY_SPY_NAME_POKEMON_EMPIRE_1</SpyName>
			</Row>
			<Row>
				<CivilizationType>CIVILIZATION_POKEMON_EMPIRE</CivilizationType>
				<SpyName>TXT_KEY_SPY_NAME_POKEMON_EMPIRE_2</SpyName>
			</Row>
			<Row>
				<CivilizationType>CIVILIZATION_POKEMON_EMPIRE</CivilizationType>
				<SpyName>TXT_KEY_SPY_NAME_POKEMON_EMPIRE_3</SpyName>
			</Row>
			<Row>
				<CivilizationType>CIVILIZATION_POKEMON_EMPIRE</CivilizationType>
				<SpyName>TXT_KEY_SPY_NAME_POKEMON_EMPIRE_4</SpyName>
			</Row>
			<Row>
				<CivilizationType>CIVILIZATION_POKEMON_EMPIRE</CivilizationType>
				<SpyName>TXT_KEY_SPY_NAME_POKEMON_EMPIRE_5</SpyName>
			</Row>
			<Row>
				<CivilizationType>CIVILIZATION_POKEMON_EMPIRE</CivilizationType>
				<SpyName>TXT_KEY_SPY_NAME_POKEMON_EMPIRE_6</SpyName>
			</Row>
			<Row>
				<CivilizationType>CIVILIZATION_POKEMON_EMPIRE</CivilizationType>
				<SpyName>TXT_KEY_SPY_NAME_POKEMON_EMPIRE_7</SpyName>
			</Row>
			<Row>
				<CivilizationType>CIVILIZATION_POKEMON_EMPIRE</CivilizationType>
				<SpyName>TXT_KEY_SPY_NAME_POKEMON_EMPIRE_8</SpyName>
			</Row>
			<Row>
				<CivilizationType>CIVILIZATION_POKEMON_EMPIRE</CivilizationType>
				<SpyName>TXT_KEY_SPY_NAME_POKEMON_EMPIRE_9</SpyName>
			</Row>
		</Civilization_SpyNames>
	
		<Colors>
			<Row>
				<Type>COLOR_PLAYER_POKEMON_EMPIRE_ICON</Type>
				<Red>0.933</Red>
				<Green>0.443</Green>
				<Blue>0.063</Blue>
				<Alpha>1.0</Alpha>
			</Row>
			<Row>
				<Type>COLOR_PLAYER_POKEMON_EMPIRE_BACKGROUND</Type>
				<Red>0.262</Red>
				<Green>0.961</Green>
				<Blue>0.702</Blue>
				<Alpha>1.0</Alpha>
			</Row>
		</Colors>
	
		<PlayerColors>
			<Row>
				<Type>PLAYERCOLOR_POKEMON_EMPIRE</Type>
				<PrimaryColor>COLOR_PLAYER_POKEMON_EMPIRE_ICON</PrimaryColor>
				<SecondaryColor>COLOR_PLAYER_POKEMON_EMPIRE_BACKGROUND</SecondaryColor>
				<TextColor>COLOR_PLAYER_WHITE_TEXT</TextColor>
			</Row>
		</PlayerColors>
	
		<Language_en_US>
			-<Row Tag="TXT_KEY_CIV_POKEMON_EMPIRE_DESC">
				<Text>The Faewild</Text>
			</Row>
			-<Row Tag="TXT_KEY_CIV5_POKEMON_EMPIRE_HEADING_1">
				<Text>History</Text>
			</Row>
			-<Row Tag="TXT_KEY_CIV5_POKEMON_EMPIRE_TEXT_1">
				<Text>The Faewild is an ancient civilization comprised mostly of interconnected floating islands. Though its people are generally kind, they will not hesitate to protect their home with powerful magic. </Text>
			</Row>
			-<Row Tag="TXT_KEY_CIV5_POKEMON_EMPIRE_TITLE">
				<Text>Faewild</Text>
			</Row>
			-<Row Tag="TXT_KEY_CIV_POKEMON_EMPIRE_SHORT_DESC">
				<Text>The Faewild</Text>
			</Row>
			+<Row Tag="TXT_KEY_CIV_POKEMON_EMPIRE_ADJECTIVE">
				<Text>Fey</Text>
			</Row>
			-<Row Tag="TXT_KEY_CIV5_DAWN_POKEMON_EMPIRE_TEXT">
				<Text>Your grace - the realm once again needs your help. Once, you protected your realm with the Crown of Dreams. In another time, you were coldly betrayed by the man you once loved. Now, you have a second chance. Will you restore the Faewild to its former glory? Can you build a civilization that will stand your test of time?</Text>
			</Row>
			
			-<Row Tag="TXT_KEY_CITY_NAME_POKEMON_EMPIRE_0">
				<Text>The World Tree</Text>
			</Row>
			-<Row Tag="TXT_KEY_CITY_NAME_POKEMON_EMPIRE_1">
				<Text>Winding Woods</Text>
			</Row>
			-<Row Tag="TXT_KEY_CITY_NAME_POKEMON_EMPIRE_2">
				<Text>Hippogriff Cliff</Text>
			</Row>
			-<Row Tag="TXT_KEY_CITY_NAME_POKEMON_EMPIRE_3">
				<Text>Majestic Lagoon</Text>
			</Row>
			-<Row Tag="TXT_KEY_CITY_NAME_POKEMON_EMPIRE_4">
				<Text>Misty Woods</Text>
			</Row>
			-<Row Tag="TXT_KEY_CITY_NAME_POKEMON_EMPIRE_5">
				<Text>Lavender Fields</Text>
			</Row>
			-<Row Tag="TXT_KEY_CITY_NAME_POKEMON_EMPIRE_6">
				<Text>Blackoak Forest</Text>
			</Row>
			-<Row Tag="TXT_KEY_CITY_NAME_POKEMON_EMPIRE_7">
				<Text>Whitethorn Thicket</Text>
			</Row>
			-<Row Tag="TXT_KEY_CITY_NAME_POKEMON_EMPIRE_8">
				<Text>Cavern of the Summer</Text>
			</Row>
			-<Row Tag="TXT_KEY_CITY_NAME_POKEMON_EMPIRE_9">
				<Text>Mountain of the Moon</Text>
			</Row>
			-<Row Tag="TXT_KEY_CITY_NAME_POKEMON_EMPIRE_10">
				<Text>Sleeping Brook</Text>
			</Row>
			-<Row Tag="TXT_KEY_CITY_NAME_POKEMON_EMPIRE_11">
				<Text>Evermeet</Text>
			</Row>
			-<Row Tag="TXT_KEY_CITY_NAME_POKEMON_EMPIRE_12">
				<Text>Evereska</Text>
			</Row>
			-<Row Tag="TXT_KEY_CITY_NAME_POKEMON_EMPIRE_13">
				<Text>New Sharandar</Text>
			</Row>
			-<Row Tag="TXT_KEY_CITY_NAME_POKEMON_EMPIRE_14">
				<Text>Newmoon Island</Text>
			</Row>
			-<Row Tag="TXT_KEY_CITY_NAME_POKEMON_EMPIRE_15">
				<Text>Flower Paradise</Text>
			</Row>
			-<Row Tag="TXT_KEY_CITY_NAME_POKEMON_EMPIRE_16">
				<Text>Terra Cave</Text>
			</Row>
			-<Row Tag="TXT_KEY_CITY_NAME_POKEMON_EMPIRE_17">
				<Text>Marine Cave</Text>
			</Row>
			
			-<Row Tag="TXT_KEY_SPY_NAME_POKEMON_EMPIRE_0">
				<Text>Hapi</Text>
				<Gender>feminine</Gender>
			</Row>
			-<Row Tag="TXT_KEY_SPY_NAME_POKEMON_EMPIRE_1">
				<Text>Everstone</Text>
			</Row>
			-<Row Tag="TXT_KEY_SPY_NAME_POKEMON_EMPIRE_2">
				<Text>Kamui</Text>
			</Row>
			-<Row Tag="TXT_KEY_SPY_NAME_POKEMON_EMPIRE_3">
				<Text>Arriel</Text>
				<Gender>feminine</Gender>
			</Row>
			-<Row Tag="TXT_KEY_SPY_NAME_POKEMON_EMPIRE_4">
				<Text>Ochilysse</Text>
			</Row>
			-<Row Tag="TXT_KEY_SPY_NAME_POKEMON_EMPIRE_5">
				<Text>Ravathyra</Text>
			</Row>
			-<Row Tag="TXT_KEY_SPY_NAME_POKEMON_EMPIRE_6">
				<Text>Shanaera</Text>
			</Row>
			-<Row Tag="TXT_KEY_SPY_NAME_POKEMON_EMPIRE_7">
				<Text>Dana</Text>
			</Row>
			-<Row Tag="TXT_KEY_SPY_NAME_POKEMON_EMPIRE_8">
				<Text>Alyndra</Text>
			</Row>
			-<Row Tag="TXT_KEY_SPY_NAME_POKEMON_EMPIRE_9">
				<Text>Harry the Hippogriff</Text>
			</Row>
		</Language_en_US>
</GameData>