<?xml version="1.0" encoding="utf-8"?>
<!-- Created by ModBuddy on 5/27/2016 9:45:10 PM -->
<GameData>
	<Units>
		<Row>
			<Class>UNITCLASS_CHARIOT_ARCHER</Class>
			<Type>UNIT_ZOROARK</Type>
			<Combat>10</Combat>
			<RangedCombat>14</RangedCombat>
			<Cost>75</Cost>
			<FaithCost>150</FaithCost>
			<RequiresFaithPurchaseEnabled>true</RequiresFaithPurchaseEnabled>
			<Moves>4</Moves>
			<Range>2</Range>
			<HurryCostModifier>20</HurryCostModifier>
			<CombatClass>UNITCOMBAT_ARCHER</CombatClass>
			<Domain>DOMAIN_LAND</Domain>
			<DefaultUnitAI>UNITAI_ATTACK</DefaultUnitAI>
			<Description>TXT_KEY_UNIT_ZOROARK</Description>
			<Civilopedia>TXT_KEY_UNIT_ZOROARK_PEDIA</Civilopedia>
			<Strategy>TXT_KEY_UNIT_ZOROARK_STRATEGY</Strategy>
			<Help>TXT_KEY_UNIT_ZOROARK_HELP</Help>
			<MilitarySupport>true</MilitarySupport>
			<MilitaryProduction>true</MilitaryProduction>
			<Pillage>true</Pillage>
			<PrereqTech>TECH_DRAMA</PrereqTech>
			<ObsoleteTech>TECH_INDUSTRIALIZATION</ObsoleteTech>
			<GoodyHutUpgradeUnitClass>UNITCLASS_KNIGHT</GoodyHutUpgradeUnitClass>
			<AdvancedStartCost>20</AdvancedStartCost>
			<XPValueAttack>3</XPValueAttack>
			<XPValueDefense>3</XPValueDefense>
			<Conscription>1</Conscription>
			<UnitArtInfo>ART_DEF_UNIT_SCOUT</UnitArtInfo>
			<UnitFlagAtlas>ZoroarkFlag</UnitFlagAtlas>
			<UnitFlagIconOffset>0</UnitFlagIconOffset>
			<IconAtlas>ZoroarkIcon</IconAtlas>
			<PortraitIndex>2</PortraitIndex>
			<MoveRate>HEAVY_BIPED</MoveRate>
		</Row>
	</Units>

	<Civilization_UnitClassOverrides>
		<Row>
			<CivilizationType>CIVILIZATION_POKEMON_EMPIRE</CivilizationType>
			<UnitClassType>UNITCLASS_CHARIOT_ARCHER</UnitClassType>
			<UnitType>UNIT_ZOROARK</UnitType>
		</Row>
	</Civilization_UnitClassOverrides>
	
	<Unit_FreePromotions>
		<Row>
			<UnitType>UNIT_ZOROARK</UnitType>
			<PromotionType>PROMOTION_MEDIC_II</PromotionType>
		</Row>
		<Row>
			<UnitType>UNIT_ZOROARK</UnitType>
			<PromotionType>PROMOTION_IGNORE_TERRAIN_COST</PromotionType>
		</Row>
	</Unit_FreePromotions>
	
	<Unit_AITypes>
		<Row>
			<UnitType>UNIT_ZOROARK</UnitType>
			<UnitAIType>UNITAI_ATTACK</UnitAIType>
		</Row>
		<Row>
			<UnitType>UNIT_ZOROARK</UnitType>
			<UnitAIType>UNITAI_DEFENSE</UnitAIType>
		</Row>
	</Unit_AITypes>
	
	<Unit_ClassUpgrades>
		<Row>
			<UnitType>UNIT_ZOROARK</UnitType>
			<UnitClassType>UNITCLASS_KNIGHT</UnitClassType>
		</Row>
	</Unit_ClassUpgrades>
	
	<Unit_Flavors>
		<Row>
			<UnitType>UNIT_ZOROARK</UnitType>
			<FlavorType>FLAVOR_OFFENSE</FlavorType>
			<Flavor>8</Flavor>
		</Row>
		<Row>
			<UnitType>UNIT_ZOROARK</UnitType>
			<FlavorType>FLAVOR_DEFENSE</FlavorType>
			<Flavor>6</Flavor>
		</Row>
	</Unit_Flavors>
	
	<Language_en_US>
		<Row Tag="TXT_KEY_UNIT_ZOROARK">
			<Text>Druid</Text>
		</Row>
		<Row Tag="TXT_KEY_UNIT_ZOROARK_HELP">
			<Text>Replaces the Charior Archer. Slightly stronger but more expensive to produce. Their ability Hidden Paths grants them 4 movement points and ignores terrain costs. Start with Medic II. Does not require horses.</Text>
		</Row>
		<Row Tag="TXT_KEY_UNIT_ZOROARK_STRATEGY">
			<Text>Druids can be used as scouts, since they have 4 movement with no terrain cost. They can also be used for long distance combat quite effectively, and can also be used to hold the line and defend with their medic ability.</Text>
		</Row>
		<Row Tag="TXT_KEY_UNIT_ZOROARK_PEDIA">
			<Text>Druids are masters of magic, using the natural elements to defeat their foes and protect the realm. Their hidden paths ability lets them teleport to visible nearby places, and their combat prowess is unmatched for their time. Druids also serve as effective healers and are trained to help those in need.</Text>
		</Row>
	</Language_en_US>
</GameData>