<?xml version="1.0" encoding="utf-8"?>
<GameData>
	<Diplomacy_Responses>
		<Row LeaderType="LEADER_TOANOKAMA">
			<ResponseType>RESPONSE_FIRST_GREETING</ResponseType>
			<Response>TXT_KEY_LEADER_TOANOKAMA_FIRSTGREETING%</Response>
		</Row>
		<Row LeaderType="LEADER_TOANOKAMA">
			<ResponseType>RESPONSE_DEFEATED</ResponseType>
			<Response>TXT_KEY_LEADER_TOANOKAMA_DEFEATED%</Response>
		</Row>
		<Row LeaderType="LEADER_TOANOKAMA">
			<ResponseType>RESPONSE_GREETING_POLITE_HELLO</ResponseType>
			<Response>TXT_KEY_LEADER_TOANOKAMA_POLITE_HELLO%</Response>
		</Row>
		<Row LeaderType="LEADER_TOANOKAMA">
			<ResponseType>RESPONSE_GREETING_NEUTRAL_HELLO</ResponseType>
			<Response>TXT_KEY_LEADER_TOANOKAMA_NEUTRAL_HELLO%</Response>
		</Row>
		<Row LeaderType="LEADER_TOANOKAMA">
			<ResponseType>RESPONSE_GREETING_HOSTILE_HELLO</ResponseType>
			<Response>TXT_KEY_LEADER_TOANOKAMA_HOSTILE_HELLO%</Response>
		</Row>
		<Row LeaderType="LEADER_TOANOKAMA">
			<ResponseType>RESPONSE_HOSTILE_AGGRESSIVE_MILITARY_WARNING</ResponseType>
			<Response>TXT_KEY_LEADER_TOANOKAMA_HOSTILE_AGGRESSIVE_MILITARY_WARNING%</Response>
		</Row>
		<Row LeaderType="LEADER_TOANOKAMA">
			<ResponseType>RESPONSE_EXPANSION_SERIOUS_WARNING</ResponseType>
			<Response>TXT_KEY_LEADER_TOANOKAMA_EXPANSION_SERIOUS_WARNING%</Response>
		</Row>
		<Row LeaderType="LEADER_TOANOKAMA">
			<ResponseType>RESPONSE_REQUEST</ResponseType>
			<Response>TXT_KEY_LEADER_TOANOKAMA_RESPONSE_REQUEST%</Response>
		</Row>
		<Row LeaderType="LEADER_TOANOKAMA">
			<ResponseType>RESPONSE_LUXURY_TRADE</ResponseType>
			<Response>TXT_KEY_LEADER_TOANOKAMA_RESPONSE_LUXURY_TRADE%</Response>
		</Row>
		<Row LeaderType="LEADER_TOANOKAMA">
			<ResponseType>RESPONSE_OPEN_BORDERS_EXCHANGE</ResponseType>
			<Response>TXT_KEY_LEADER_TOANOKAMA_OPEN_BORDERS_EXCHANGE%</Response>
		</Row>
	</Diplomacy_Responses>
	<Language_en_US>
		<!--General phrases -->
		<!--Greeting (first time meeting) -->
		<Row Tag="TXT_KEY_LEADER_TOANOKAMA_FIRSTGREETING_1">
			<Text>Greetings. I am Chairman Kao Bing of the People's Republic of Xiangke. It is a pleasure to meet you.</Text>
		</Row>
		<Row Tag="TXT_KEY_LEADER_TOANOKAMA_FIRSTGREETING_2">
			<Text>Greetings. I am Chairman Kao Bing of the People's Republic of Xiangke. It is a pleasure to meet you.</Text>
		</Row>
		<Row Tag="TXT_KEY_LEADER_TOANOKAMA_FIRSTGREETING_3">
			<Text>Greetings. I am Chairman Kao Bing of the People's Republic of Xiangke. It is a pleasure to meet you.</Text>
		</Row>
		<!--Defeated and removed from game -->
		<Row Tag="TXT_KEY_LEADER_TOANOKAMA_DEFEATED_1">
			<Text>Father... Shen... Hapi... forgive me.</Text>
		</Row>
		<Row Tag="TXT_KEY_LEADER_TOANOKAMA_DEFEATED_2">
			<Text>IFather... Shen... Hapi... forgive me.</Text>
		</Row>
		<Row Tag="TXT_KEY_LEADER_TOANOKAMA_DEFEATED_3">
			<Text>Father... Shen... Hapi... forgive me.</Text>
		</Row>

		<!--Neutral -->
		<!--Greetings (subsequent meetings) -->
		<Row Tag="TXT_KEY_LEADER_TOANOKAMA_NEUTRAL_HELLO_1">
			<Text>Welcome again to Xiangke.</Text>
		</Row>
		<Row Tag="TXT_KEY_LEADER_TOANOKAMA_GREETING_1">
			<Text>Hello.</Text>
		</Row>
		<Row Tag="TXT_KEY_LEADER_TOANOKAMA_GREETING_2">
			<Text>Come and learn my friend.</Text>
		</Row>
		<!--Goodbye -->
		<Row Tag="TXT_KEY_LEADER_TOANOKAMA_GOODBYE_1">
			<Text>Good luck.</Text>
		</Row>
		<Row Tag="TXT_KEY_LEADER_TOANOKAMA_GOODBYE_2">
			<Text>Goodbye.</Text>
		</Row>

		<!--Happy -->
		<!--Greetings (subsequent meetings) -->
		<Row Tag="TXT_KEY_LEADER_TOANOKAMA_POLITE_HELLO_1">
			<Text>It is nice to see you once again, my student. You bring wisdom in this uncertain age.</Text>
		</Row>
		<Row Tag="TXT_KEY_LEADER_TOANOKAMA_GREETING_3">
			<Text>It is nice to see you, May I teach you something?</Text>
		</Row>
		<Row Tag="TXT_KEY_LEADER_TOANOKAMA_GREETING_4">
			<Text>Hello again.</Text>
		</Row>
		<!--Goodbye -->
		<Row Tag="TXT_KEY_LEADER_TOANOKAMA_GOODBYE_3">
			<Text>Contiue learning my friend.</Text>
		</Row>
		<Row Tag="TXT_KEY_LEADER_TOANOKAMA_GOODBYE_4">
			<Text>Teach your people well.</Text>
		</Row>
		<!--Requests a trade -->
		<Row Tag="TXT_KEY_LEADER_TOANOKAMA_RESPONSE_LUXURY_TRADE_1">
			<Text>May I trade Xiangke's studies for your wealth?</Text>
		</Row>

		<!--Angry -->
		<!--Greetings (subsequent meetings) -->
		<Row Tag="TXT_KEY_LEADER_TOANOKAMA_HOSTILE_HELLO_1">
			<Text>Why have you come?</Text>
		</Row>
		<Row Tag="TXT_KEY_LEADER_TOANOKAMA_GREETING_5">
			<Text>The People's Republic of Xiangke has no place for bloodthirsty tyrants such as yourself.</Text>
		</Row>
		<Row Tag="TXT_KEY_LEADER_TOANOKAMA_GREETING_6">
			<Text>You are not welcome here.</Text>
		</Row>
		<!--Goodbye -->
		<Row Tag="TXT_KEY_LEADER_TOANOKAMA_GOODBYE_5">
			<Text>Leave my court, now.</Text>
		</Row>
		<Row Tag="TXT_KEY_LEADER_TOANOKAMA_GOODBYE_6">
			<Text>Good riddance.</Text>
		</Row>
		
		<Row Tag="TXT_KEY_LEADER_TOANOKAMA_DECLAREWAR_1">
			<Text>Prepare to feel the dragon's wrath.</Text>
		</Row>
		<Row Tag="TXT_KEY_LEADER_TOANOKAMA_DECLAREWAR_2">
			<Text>Prepare to be taught a lesson.</Text>
		</Row>
		<Row Tag="TXT_KEY_LEADER_TOANOKAMA_DECLAREWAR_3">
			<Text>You think you can defeat us? You must be taught a lesson.</Text>
		</Row>
		<Row Tag="TXT_KEY_LEADER_TOANOKAMA_ATTACKED_1">
			<Text>Our learning shall overcome your stupidity.</Text>
		</Row>
		<Row Tag="TXT_KEY_LEADER_TOANOKAMA_ATTACKED_2">
			<Text>You've made a fatal mistake.</Text>
		</Row>
		<Row Tag="TXT_KEY_LEADER_TOANOKAMA_ATTACKED_3">
			<Text>Xiangke will remember this.</Text>
		</Row>

		<!--Misc-->
		<Row Tag="TXT_KEY_LEADER_TOANOKAMA_HOSTILE_AGGRESSIVE_MILITARY_WARNING_1">
			<Text>You will not win this war.</Text>
		</Row>
		<Row Tag="TXT_KEY_LEADER_TOANOKAMA_EXPANSION_SERIOUS_WARNING_1">
			<Text>Xiangke is off-limits. You may leave.</Text>
		</Row>
		<Row Tag="TXT_KEY_LEADER_TOANOKAMA_OPEN_BORDERS_EXCHANGE_1">
			<Text>I offer you my knowledge, should you agree to offer yours.</Text>
		</Row>
		<Row Tag="TXT_KEY_LEADER_TOANOKAMA_RESPONSE_REQUEST_1">
			<Text>Xiangke is in danger. Will you answer the call?</Text>
		</Row>
	</Language_en_US>
</GameData>