<?xml version="1.0" encoding="utf-8"?>
<GameData>
	<Diplomacy_Responses>
		<Row LeaderType="LEADER_TOAONEWA">
			<ResponseType>RESPONSE_FIRST_GREETING</ResponseType>
			<Response>TXT_KEY_LEADER_TOAONEWA_FIRSTGREETING%</Response>
		</Row>
		<Row LeaderType="LEADER_TOAONEWA">
			<ResponseType>RESPONSE_DEFEATED</ResponseType>
			<Response>TXT_KEY_LEADER_TOAONEWA_DEFEATED%</Response>
		</Row>
		<Row LeaderType="LEADER_TOAONEWA">
			<ResponseType>RESPONSE_GREETING_POLITE_HELLO</ResponseType>
			<Response>TXT_KEY_LEADER_TOAONEWA_POLITE_HELLO%</Response>
		</Row>
		<Row LeaderType="LEADER_TOAONEWA">
			<ResponseType>RESPONSE_GREETING_NEUTRAL_HELLO</ResponseType>
			<Response>TXT_KEY_LEADER_TOAONEWA_NEUTRAL_HELLO%</Response>
		</Row>
		<Row LeaderType="LEADER_TOAONEWA">
			<ResponseType>RESPONSE_GREETING_HOSTILE_HELLO</ResponseType>
			<Response>TXT_KEY_LEADER_TOAONEWA_HOSTILE_HELLO%</Response>
		</Row>
		<Row LeaderType="LEADER_TOAONEWA">
			<ResponseType>RESPONSE_HOSTILE_AGGRESSIVE_MILITARY_WARNING</ResponseType>
			<Response>TXT_KEY_LEADER_TOAONEWA_HOSTILE_AGGRESSIVE_MILITARY_WARNING%</Response>
		</Row>
		<Row LeaderType="LEADER_TOAONEWA">
			<ResponseType>RESPONSE_EXPANSION_SERIOUS_WARNING</ResponseType>
			<Response>TXT_KEY_LEADER_TOAONEWA_EXPANSION_SERIOUS_WARNING%</Response>
		</Row>
		<Row LeaderType="LEADER_TOAONEWA">
			<ResponseType>RESPONSE_REQUEST</ResponseType>
			<Response>TXT_KEY_LEADER_TOAONEWA_RESPONSE_REQUEST%</Response>
		</Row>
		<Row LeaderType="LEADER_TOAONEWA">
			<ResponseType>RESPONSE_LUXURY_TRADE</ResponseType>
			<Response>TXT_KEY_LEADER_TOAONEWA_RESPONSE_LUXURY_TRADE%</Response>
		</Row>
		<Row LeaderType="LEADER_TOAONEWA">
			<ResponseType>RESPONSE_OPEN_BORDERS_EXCHANGE</ResponseType>
			<Response>TXT_KEY_LEADER_TOAONEWA_OPEN_BORDERS_EXCHANGE%</Response>
		</Row>
	</Diplomacy_Responses>
	<Language_en_US>
		<!--General phrases -->
		<!--Greeting (first time meeting) -->
		<Row Tag="TXT_KEY_LEADER_TOAONEWA_FIRSTGREETING_1">
			<Text>Now that I'm a Toa Metru, I'm going to take advantage of it. The best tools, the best materials, mine for the asking — I'll build statues like you have never seen before!</Text>
		</Row>
		<Row Tag="TXT_KEY_LEADER_TOAONEWA_FIRSTGREETING_2">
			<Text>Now that I'm a Toa Metru, I'm going to take advantage of it. The best tools, the best materials, mine for the asking — I'll build statues like you have never seen before!</Text>
		</Row>
		<Row Tag="TXT_KEY_LEADER_TOAONEWA_FIRSTGREETING_3">
			<Text>Hail, adventurer! I am Onewa, Turaga of the village of Po-METRU. The Matoran here are master carvers, and their work is the envy of all Mata Nui.</Text>
		</Row>
		<!--Defeated and removed from game -->
		<Row Tag="TXT_KEY_LEADER_TOAONEWA_DEFEATED_1">
			<Text>So we bend the rules. Hey, you can't make a sculpture without shattering some protodermis, right?</Text>
		</Row>
		<Row Tag="TXT_KEY_LEADER_TOAONEWA_DEFEATED_2">
			<Text>So we bend the rules. Hey, you can't make a sculpture without shattering some protodermis, right?</Text>
		</Row>
		<Row Tag="TXT_KEY_LEADER_TOAONEWA_DEFEATED_3">
			<Text>So we bend the rules. Hey, you can't make a sculpture without shattering some protodermis, right?</Text>
		</Row>

		<!--Neutral -->
		<!--Greetings (subsequent meetings) -->
		<Row Tag="TXT_KEY_LEADER_TOAONEWA_NEUTRAL_HELLO_1">
			<Text>Welcome back to Po-Metru.</Text>
		</Row>
		<Row Tag="TXT_KEY_LEADER_TOAONEWA_GREETING_1">
			<Text>Welcome back to Po-Metru.</Text>
		</Row>
		<Row Tag="TXT_KEY_LEADER_TOAONEWA_GREETING_2">
			<Text>Welcome, friend, to Po-Metru.</Text>
		</Row>
		<!--Goodbye -->
		<Row Tag="TXT_KEY_LEADER_TOAONEWA_GOODBYE_1">
			<Text>Goodbye.</Text>
		</Row>
		<Row Tag="TXT_KEY_LEADER_TOAONEWA_GOODBYE_2">
			<Text>Come back anytime.</Text>
		</Row>

		<!--Happy -->
		<!--Greetings (subsequent meetings) -->
		<Row Tag="TXT_KEY_LEADER_TOAONEWA_POLITE_HELLO_1">
			<Text>Hello again, friend. You are always welcome here.</Text>
		</Row>
		<Row Tag="TXT_KEY_LEADER_TOAONEWA_GREETING_3">
			<Text>It is nice to see you visit Po-Metru again, friend.</Text>
		</Row>
		<Row Tag="TXT_KEY_LEADER_TOAONEWA_GREETING_4">
			<Text>Enjoy the carvings friend.</Text>
		</Row>
		<!--Goodbye -->
		<Row Tag="TXT_KEY_LEADER_TOAONEWA_GOODBYE_3">
			<Text>Let's go. We have disks to find and a really nasty weed to rip out by the roots.</Text>
		</Row>
		<Row Tag="TXT_KEY_LEADER_TOAONEWA_GOODBYE_4">
			<Text>Who's with me?</Text>
		</Row>
		<!--Requests a trade -->
		<Row Tag="TXT_KEY_LEADER_TOAONEWA_RESPONSE_LUXURY_TRADE_1">
			<Text>Can we exchange the services of my assemblers for your owns?</Text>
		</Row>

		<!--Angry -->
		<!--Greetings (subsequent meetings) -->
		<Row Tag="TXT_KEY_LEADER_TOAONEWA_HOSTILE_HELLO_1">
			<Text>What do you want, firespitter?</Text>
		</Row>
		<Row Tag="TXT_KEY_LEADER_TOAONEWA_GREETING_5">
			<Text>Back so soon?</Text>
		</Row>
		<Row Tag="TXT_KEY_LEADER_TOAONEWA_GREETING_6">
			<Text>State your business.</Text>
		</Row>
		<!--Goodbye -->
		<Row Tag="TXT_KEY_LEADER_TOAONEWA_GOODBYE_5">
			<Text>Begone.</Text>
		</Row>
		<Row Tag="TXT_KEY_LEADER_TOAONEWA_GOODBYE_6">
			<Text>...</Text>
		</Row>

		<Row Tag="TXT_KEY_LEADER_TOAONEWA_DECLAREWAR_1">
			<Text>I don't know what you are, or what you have done before. But you have never faced anything like me. Feel my power and fall!</Text>
		</Row>
		<Row Tag="TXT_KEY_LEADER_TOAONEWA_DECLAREWAR_2">
			<Text>I don't know what you are, or what you have done before. But you have never faced anything like me. Feel my power and fall!</Text>
		</Row>
		<Row Tag="TXT_KEY_LEADER_TOAONEWA_DECLAREWAR_3">
			<Text>I don't know what you are, or what you have done before. But you have never faced anything like me. Feel my power and fall!</Text>
		</Row>
		<Row Tag="TXT_KEY_LEADER_TOAONEWA_ATTACKED_1">
			<Text>I'm doing this for Lhikan, no one else.</Text>
		</Row>
		<Row Tag="TXT_KEY_LEADER_TOAONEWA_ATTACKED_2">
			<Text>Let's go. We have disks to find and a really nasty weed to rip out by the roots...</Text>
		</Row>
		<Row Tag="TXT_KEY_LEADER_TOAONEWA_ATTACKED_3">
			<Text>I don't know what you are, or what you have done before. But you have never faced anything like me. Feel my power and fall!</Text>
		</Row>

		<!--Misc-->
		<Row Tag="TXT_KEY_LEADER_TOAONEWA_HOSTILE_AGGRESSIVE_MILITARY_WARNING_1">
			<Text>The Po-Matoran fight Rahi in the villages. Do not make us fight you.</Text>
		</Row>
		<Row Tag="TXT_KEY_LEADER_TOAONEWA_EXPANSION_SERIOUS_WARNING_1">
			<Text>These fields belong to my carvers. Begone.</Text>
		</Row>
		<Row Tag="TXT_KEY_LEADER_TOAONEWA_OPEN_BORDERS_EXCHANGE_1">
			<Text>You show me your carvings, and we can show you ours.</Text>
		</Row>
		<Row Tag="TXT_KEY_LEADER_TOAONEWA_RESPONSE_REQUEST_1">
			<Text>I count on your courage fellow builder.</Text>
		</Row>
	</Language_en_US>
</GameData>