<?xml version="1.0" encoding="utf-8"?>
<!-- Created by ModBuddy on 6/13/2015 9:36:18 PM -->
<GameData>
	<Language_en_US>
		<Row Tag="TXT_KEY_SCULPTURE_FIELDS_THEMING_BONUS_HELP">
			<Text>To maximize your bonus, make sure the Great Work Slots are both filled with Music from Lana.</Text>
		</Row>
		<Row Tag="TXT_KEY_THEMING_BONUS_SCULPTURE_FIELDS">
			<Text>Garden of {1_EraAdjective} {2_CivAdjective} Lana</Text>
		</Row>
		<Row Tag="TXT_KEY_SPY_NAME_POMETRU_0">
			<Text>Harley</Text>
		</Row>
		<Row Tag="TXT_KEY_SPY_NAME_POMETRU_1">
			<Text>Kate-lon</Text>
		</Row>
		<Row Tag="TXT_KEY_SPY_NAME_POMETRU_2">
			<Text>Tempest</Text>
		</Row>
		<Row Tag="TXT_KEY_SPY_NAME_POMETRU_3">
			<Text>Ramlio</Text>
		</Row>
		<Row Tag="TXT_KEY_SPY_NAME_POMETRU_4">
			<Text>Cultist Bob</Text>
		</Row>
		<Row Tag="TXT_KEY_SPY_NAME_POMETRU_5">
			<Text>Illi</Text>
		</Row>
		<Row Tag="TXT_KEY_SPY_NAME_POMETRU_6">
			<Text>Moxxie</Text>
		</Row>
		<Row Tag="TXT_KEY_SPY_NAME_POMETRU_7">
			<Text>Felren</Text>
		</Row>
		<Row Tag="TXT_KEY_SPY_NAME_POMETRU_8">
			<Text>Andrew John Hozier-Byrne</Text>
		</Row>
		<Row Tag="TXT_KEY_SPY_NAME_POMETRU_9">
			<Text>Cultist Lily</Text>
		</Row>
		<Row Tag="TXT_KEY_CIV5_DAWN_POMETRU_TEXT">
			<Text>
				Hail... Lana? What are you doing here? You have a civ? ...The Church of Lana? Seriously? Okay then. [NEWLINE][NEWLINE]O great Lana Larr, Lord/Lady of Music, Inspiration to Bards, and Caster of Wars... you come from a troubled past. Yet through the thick and thin you have risen and persevered to face every future challenge that comes your way. No problem is too big for you - you can take it.[NEWLINE][NEWLINE]You face troubling times. Will you performance/persuasion check your way to victory? Can you create a civilization that will stand the test of time?
			</Text>
		</Row>
		<Row Tag="TXT_KEY_CITY_NAME_POMETRU">
			<Text>Lana's Lovakin</Text>
		</Row>
		<Row Tag="TXT_KEY_CITY_NAME_EAST_QUARRY">
			<Text>Lana's Kelemvor</Text>
		</Row>
		<Row Tag="TXT_KEY_CITY_NAME_CANYON_OF_UNENDING_WHISPERS">
			<Text>Lana's Crebain</Text>
		</Row>
		<Row Tag="TXT_KEY_CITY_NAME_PROTODERMIS_WAREHOUSE">
			<Text>Lana's Ruthalik</Text>
		</Row>
		<Row Tag="TXT_KEY_CITY_NAME_CHUTE_STATION_445">
			<Text>Lana's Biir Ansrivarr</Text>
		</Row>
		<Row Tag="TXT_KEY_CITY_NAME_ASSEMBLY_BAY">
			<Text>Lana's Mythrodir</Text>
		</Row>
		<Row Tag="TXT_KEY_CITY_NAME_GREAT_STATUE">
			<Text>Lana's Stonehearth</Text>
		</Row>
		<Row Tag="TXT_KEY_CITY_NAME_VAHKI_YARD">
			<Text>Lana's 'Tek-chy'tel</Text>
		</Row>
		<Row Tag="TXT_KEY_CITY_NAME_HEWKIIS_DISKS">
			<Text>Lana's Isle of Ju'ul</Text>
		</Row>
		<Row Tag="TXT_KEY_CIV_POMETRU_ADJECTIVE">
			<Text>Lana Cultist</Text>
		</Row>
		<Row Tag="TXT_KEY_CIV_POMETRU_DESC">
			<Text>The Church of Lana (not a cult)</Text>
		</Row>
		<Row Tag="TXT_KEY_CIV_POMETRU_SHORT_DESC">
			<Text>The Church of Lana</Text>
		</Row>
		<Row Tag="TXT_KEY_LEADER_TOAONEWA">
			<Text>Lana Larr</Text>
		</Row>
		<Row Tag="TXT_KEY_TRAIT_MASTER_CARVERS">
			<Text>Reaching Drama and Poetry provides a [ICON_GREAT_MUSICIAN] Great Musician. Trading Posts provide +1 [ICON_CULTURE] and +1 [ICON_PEACE] faith. Cities begin with 1 Great Artist Point [ICON_GREAT_PEOPLE]. </Text>
		</Row>
		<Row Tag="TXT_KEY_TRAIT_MASTER_CARVERS_SHORT">
			<Text>Performance Prodigy</Text>
		</Row>
		<Row Tag="TXT_KEY_BUILDING_FIELD_CONSTRUCTION_DESC">
			<Text>Work Song</Text>
		</Row>
		<Row Tag="TXT_KEY_BUILDING_FIELD_CONSTRUCTION_HELP">
			<Text>Replaces Workshop. +1 [ICON_PRODUCTION] production, +1 [ICON_CULTURE] culture, and +1 [ICON_FAITH] faith.[NEWLINE]+10% [ICON_PRODUCTION] production. Contains 2 slots for great works of music. </Text>
		</Row>
		<Row Tag="TXT_KEY_BUILDING_SCULPTURE_FIELDS_DESC">
			<Text>Lana's Garden</Text>
		</Row>
		<Row Tag="TXT_KEY_BUILDING_SCULPTURE_FIELDS_HELP">
			<Text>Unique Lana Garden replacement. +20% Great Person [ICON_GREAT_PEOPLE] Generation, does not require a river tile but does require flat terrain.[NEWLINE]Provides 2 [ICON_GREAT_WORK] slots for Works of Art and contains a Artist specialist slot.[NEWLINE]Unlocks at Guilds and not Theology</Text>
		</Row>
	</Language_en_US>
</GameData>