<?xml version="1.0" encoding="utf-8"?>
<GameData>
	<Language_en_US>
		<Row Tag="TXT_KEY_SPY_NAME_LEMETRU_0">
			<Text>The Exterminator</Text>
		</Row>
		<Row Tag="TXT_KEY_SPY_NAME_LEMETRU_1">
			<Text>The Cryomancer</Text>
		</Row>
		<Row Tag="TXT_KEY_SPY_NAME_LEMETRU_2">
			<Text>Geo</Text>
		</Row>
		<Row Tag="TXT_KEY_SPY_NAME_LEMETRU_3">
			<Text>The Leviathan</Text>
		</Row>
		<Row Tag="TXT_KEY_SPY_NAME_LEMETRU_4">
			<Text>The Dragon</Text>
		</Row>
		<Row Tag="TXT_KEY_SPY_NAME_LEMETRU_5">
			<Text>Lord Confucius</Text>
		</Row>
		<Row Tag="TXT_KEY_SPY_NAME_LEMETRU_6">
			<Text>The Dragonborn</Text>
		</Row>
		<Row Tag="TXT_KEY_SPY_NAME_LEMETRU_7">
			<Text>Astiel</Text>
		</Row>
		<Row Tag="TXT_KEY_SPY_NAME_LEMETRU_8">
			<Text>Jayden Bones</Text>
		</Row>
		<Row Tag="TXT_KEY_SPY_NAME_LEMETRU_9">
			<Text>Taskmaster</Text>
		</Row>
		<Row Tag="TXT_KEY_CIV5_DAWN_LEMETRU_TEXT">
			<Text>
				Xandar Torrettil, first of his name, King of the Veruntil and the Isle of Ju'ul, Protector of the Realm and Lord of Elvenkind, there is nothing more important to you than family. You inherited the crown from your father, and he taught unto you - protect all elves as if they were your own children. [NEWLINE][NEWLINE]There are filthy humans that want to harm your family. You thought that choosing a half-elf as your hand would help mend the rift, but it has not. They want to rip away everything that you own and hold dear. As such, you must make alliances... powerful alliances. Can you protect your family and build a utopia for elvenkind? Can you build a civilization that will stand the test of time?
			</Text>
		</Row>
		<Row Tag="TXT_KEY_CITY_NAME_LEMETRU">
			<Text>Aglarond</Text>
		</Row>
		<Row Tag="TXT_KEY_CITY_NAME_THE_NOTCH">
			<Text>Wa'tek-chy'tel</Text>
		</Row>
		<Row Tag="TXT_KEY_CITY_NAME_SECTOR_3">
			<Text>Mythrodir</Text>
		</Row>
		<Row Tag="TXT_KEY_CITY_NAME_THE_HUB">
			<Text>Isle of Ju'ul</Text>
		</Row>
		<Row Tag="TXT_KEY_CITY_NAME_TOWER_OF_TOA">
			<Text>The Great Whirlpool</Text>
		</Row>
		<Row Tag="TXT_KEY_CITY_NAME_AIRSHIP_DOCK">
			<Text>Nikshivaliir</Text>
		</Row>
		<Row Tag="TXT_KEY_CITY_NAME_CHUTE_FACTORY">
			<Text>Trebarkska</Text>
		</Row>
		<Row Tag="TXT_KEY_CIV_LEMETRU_ADJECTIVE">
			<Text>Veruntillian</Text>
		</Row>
		<Row Tag="TXT_KEY_CIV_LEMETRU_DESC">
			<Text>Veruntil Empire</Text>
		</Row>
		<Row Tag="TXT_KEY_CIV_LEMETRU_SHORT_DESC">
			<Text>Veruntil</Text>
		</Row>
		<Row Tag="TXT_KEY_LEADER_TOAMATAU">
			<Text>Xandar</Text>
		</Row>
		<Row Tag="TXT_KEY_TRAIT_CHUTE_BUILDERS">
			<Text>There's no price for family... nor is there maintenance on Roads and Railroads.</Text>
		</Row>
		<Row Tag="TXT_KEY_TRAIT_CHUTE_BUILDERS_SHORT">
			<Text>Family Ties</Text>
		</Row>
		<Row Tag="TXT_KEY_BUILDING_TEST_TRACK_DESC">
			<Text>Anti-Rebel Laser Academy</Text>
		</Row>
		<Row Tag="TXT_KEY_BUILDING_TEST_TRACK_HELP">
			<Text>Replaces Military Academy. +25% [ICON_PRODUCTION] to vehicular units. +20 XP. Provides 1 scientist specialist slot. </Text>
		</Row>
		<Row Tag="TXT_KEY_BUILDING_MOTOHUB_DESC">
			<Text>Elven Training Ground</Text>
		</Row>
		<Row Tag="TXT_KEY_BUILDING_MOTOHUB_HELP">
			<Text>Replaces Workshop. +5 [ICON_PRODUCTION]. +20% [ICON_PRODUCTION] to non-naval units. +1% [ICON_PRODUCTION]. Provides 1 engineer specialist slot. </Text>
		</Row>
	</Language_en_US>
</GameData>