<?xml version="1.0" encoding="utf-8"?>
<GameData>
	<Language_en_US>
		<Row Tag="TXT_KEY_THEMING_BONUS_GREAT_ARCHIVES_1">
			<Text>Archive of {1_EraAdjective} {2_CivAdjective} Art</Text>
		</Row>
		<Row Tag="TXT_KEY_THEMING_BONUS_GREAT_ARCHIVES_2">
			<Text>Archive of {1_EraAdjective} {2_CivAdjective} Warfare</Text>
		</Row>
		<Row Tag="TXT_KEY_THEMING_BONUS_GREAT_ARCHIVES_3">
			<Text>Archive of {1_EraAdjective} Art</Text>
		</Row>
		<Row Tag="TXT_KEY_THEMING_BONUS_GREAT_ARCHIVES_4">
			<Text>Archive of {1_EraAdjective} Warfare</Text>
		</Row>
		<Row Tag="TXT_KEY_THEMING_BONUS_GREAT_ARCHIVES_5">
			<Text>{1_CivAdjective} Archive of the {2_EraAdjective} Era</Text>
		</Row>
		<Row Tag="TXT_KEY_THEMING_BONUS_GREAT_ARCHIVES_6">
			<Text>World Archive of the {1_EraAdjective} Era</Text>
		</Row>
		<Row Tag="TXT_KEY_THEMING_BONUS_GREAT_ARCHIVES_7">
			<Text>Archive of {1_CivAdjective} Art</Text>
		</Row>
		<Row Tag="TXT_KEY_THEMING_BONUS_GREAT_ARCHIVES_8">
			<Text>Archive of {1_CivAdjective} Warfare</Text>
		</Row>
		<Row Tag="TXT_KEY_GREAT_ARCHIVES_THEMING_BONUS_HELP">
			<Text>To maximize your bonus, make sure both Great Works are both Artifacts, both from the same Era, and either both from the city's civilization, or both from civilizations other than the city owner.</Text>
		</Row>
		<Row Tag="TXT_KEY_SPY_NAME_ONUMETRU_0">
			<Text>Bojing Zhao</Text>
		</Row>
		<Row Tag="TXT_KEY_SPY_NAME_ONUMETRU_1">
			<Text>Night Monkey</Text>
		</Row>
		<Row Tag="TXT_KEY_SPY_NAME_ONUMETRU_2">
			<Text>Lady Shiva</Text>
		</Row>
		<Row Tag="TXT_KEY_SPY_NAME_ONUMETRU_3">
			<Text>Xiaolong</Text>
		</Row>
		<Row Tag="TXT_KEY_SPY_NAME_ONUMETRU_4">
			<Text>Talia</Text>
		</Row>
		<Row Tag="TXT_KEY_SPY_NAME_ONUMETRU_5">
			<Text>Nyssa</Text>
		</Row>
		<Row Tag="TXT_KEY_SPY_NAME_ONUMETRU_6">
			<Text>Malcolm Merlyn</Text>
		</Row>
		<Row Tag="TXT_KEY_SPY_NAME_ONUMETRU_7">
			<Text>David Cain</Text>
		</Row>
		<Row Tag="TXT_KEY_SPY_NAME_ONUMETRU_8">
			<Text>The Exterminator</Text>
		</Row>
		<Row Tag="TXT_KEY_SPY_NAME_ONUMETRU_9">
			<Text>The Dragon</Text>
		</Row>
		<Row Tag="TXT_KEY_CIV5_DAWN_ONUMETRU_TEXT">
			<Text>
				O great one, what is it you truly desire? Centuries have passed and you have seen much. You have seen what this world is capable of, but also what this world is lacking. In your immortality, you gave humanity time to grow and develop without your hand, and what have they wrought? More war. More violence. And more bloodshed. No more.[NEWLINE][NEWLINE]You have hidden and waited in the shadows long enough. Even without your patron deity's blessing, it is time to bring the world to its knees. You are the only one with the wisdom and the means to unite the world. Will you send your shadows to bring the world under your control? Can you build a civilization that will stand the test of time?
			</Text>
		</Row>
		<Row Tag="TXT_KEY_CITY_NAME_ONUMETRU">
			<Text>Yinjin</Text>
		</Row>
		<Row Tag="TXT_KEY_CITY_NAME_DEEP_ARCHIVES">
			<Text>The Palace of the Forsaken</Text>
		</Row>
		<Row Tag="TXT_KEY_CITY_NAME_PROTODERMIS_MINE">
			<Text>Dragonspiral Temple</Text>
		</Row>
		<Row Tag="TXT_KEY_CITY_NAME_MAINTENANCE_TUNNELS">
			<Text>Crebain Reborn</Text>
		</Row>
		<Row Tag="TXT_KEY_CITY_NAME_LIGHTSTONE_MINE">
			<Text>The Shadow Tunnels</Text>
		</Row>
		<Row Tag="TXT_KEY_CITY_NAME_FIKOU_WEB">
			<Text>Lian Yu</Text>
		</Row>
		<Row Tag="TXT_KEY_CITY_NAME_DARK_HUNTER_PRISON">
			<Text>Fushan</Text>
		</Row>
		<Row Tag="TXT_KEY_CITY_NAME_SUB_THOUGHT_TOWER">
			<Text>Nanda Parbat</Text>
		</Row>
		<Row Tag="TXT_KEY_CITY_NAME_RAHI_ROW">
			<Text>The Great Archives</Text>
		</Row>
		<Row Tag="TXT_KEY_CIV_ONUMETRU_ADJECTIVE">
			<Text>Dragon's Shadow</Text>
		</Row>
		<Row Tag="TXT_KEY_CIV_ONUMETRU_DESC">
			<Text>The Dragon's Shadows</Text>
		</Row>
		<Row Tag="TXT_KEY_CIV_ONUMETRU_SHORT_DESC">
			<Text>Dragon's Shadows</Text>
		</Row>
		<Row Tag="TXT_KEY_LEADER_TOAWHENUA">
			<Text>Guilongtao</Text>
		</Row>
		<Row Tag="TXT_KEY_TRAIT_LOOK_PAST">
			<Text>Gain an additional 2 spies upon entering the renaissance era. Begin with an extra scout.</Text>
		</Row>
		<Row Tag="TXT_KEY_TRAIT_LOOK_PAST_SHORT">
			<Text>The Ghost Dragon's Head</Text>
		</Row>
		<Row Tag="TXT_KEY_UNIT_ARCHIVIST">
			<Text>Ninja</Text>
		</Row>
		<Row Tag="TXT_KEY_UNIT_HELP_ARCHIVIST">
			<Text>The Dragon's Shadow Ninjas are the unique knight replacements of the Guilongtao, and will most likely make up the bulk of your army. They are masters of stealth and infiltration, and can even enter enemy borders without an open borders agreement. Although they are weaker than knights, they are able to throw shurikens as a weaker ranged attack. They have less movements than knights, but do not require horses and ignore terrain cost. </Text>
		</Row>
		<Row Tag="TXT_KEY_BUILDING_GREAT_ARCHIVES_DESC">
			<Text>Elixir of Immortality</Text>
		</Row>
		<Row Tag="TXT_KEY_BUILDING_GREAT_ARCHIVES_HELP">
			<Text>The Fountain of Youth is the unique National College replacement for the Guilongtao. It takes significantly longer to unearth a Fountain of Youth, but in addition to the normal National College bonuses, units start with 15 experience, and all land units will receive double healing.</Text>
		</Row>
	</Language_en_US>
</GameData>