<?xml version="1.0" encoding="utf-8"?>
<GameData>
	<Language_en_US>
		<Row Tag="TXT_KEY_SPY_NAME_KOMETRU_0">
			<Text>Anassstasssia the Anathema</Text>
		</Row>
		<Row Tag="TXT_KEY_SPY_NAME_KOMETRU_1">
			<Text>Pressston the Pureblood</Text>
		</Row>
		<Row Tag="TXT_KEY_SPY_NAME_KOMETRU_2">
			<Text>Hadasssah the Halfblood</Text>
		</Row>
		<Row Tag="TXT_KEY_SPY_NAME_KOMETRU_3">
			<Text>Besssie the Broodguard</Text>
		</Row>
		<Row Tag="TXT_KEY_SPY_NAME_KOMETRU_4">
			<Text>Madissson the Malison</Text>
		</Row>
		<Row Tag="TXT_KEY_SPY_NAME_KOMETRU_5">
			<Text>Massson the Mind Whisperer</Text>
		</Row>
		<Row Tag="TXT_KEY_SPY_NAME_KOMETRU_6">
			<Text>Nanssy the Nightmare</Text>
		</Row>
		<Row Tag="TXT_KEY_SPY_NAME_KOMETRU_7">
			<Text>Princessston the Pit Master</Text>
		</Row>
		<Row Tag="TXT_KEY_SPY_NAME_KOMETRU_8">
			<Text>Sseth</Text>
		</Row>
		<Row Tag="TXT_KEY_SPY_NAME_KOMETRU_9">
			<Text>Diamondback</Text>
		</Row>
		<Row Tag="TXT_KEY_CIV5_DAWN_KOMETRU_TEXT">
			<Text>
				Hail to the King of the Sserpentss! Gloriouss Mersshaulk, you are the darknesss that will envelop the world. You were once defeated by a pessky deity... but no longer will you ssslumber. You have risssen from the ashess... and made powerful alliess. [NEWLINE][NEWLINE]Now, you are Archfiend of the 10th Hell. A frozen wassteland, sure... but your own domain to rule. Your own throne for which to sssit... a lair for all your followersss - living or dead - to consspire. Sssoon... more than just the 10th hell will be yours. All the hellss - no - all the world shall belong to sserpent ssociety. My King... can you guide uss to victory? Can you build a ssivilissation that will sstand the tesst of time?
			</Text>
		</Row>
		<Row Tag="TXT_KEY_CITY_NAME_KOMETRU">
			<Text>Heart of Darkness</Text>
		</Row>
		<Row Tag="TXT_KEY_CITY_NAME_SCHOLAR_TOWER">
			<Text>Castle of X</Text>
		</Row>
		<Row Tag="TXT_KEY_CITY_NAME_QUIET_TOWERS">
			<Text>Shrine of the Great Serpent</Text>
		</Row>
		<Row Tag="TXT_KEY_CITY_NAME_HIDEAWAY">
			<Text>Frostblood</Text>
		</Row>
		<Row Tag="TXT_KEY_CITY_NAME_IHU_TOWER">
			<Text>Nightstone</Text>
		</Row>
		<Row Tag="TXT_KEY_CITY_NAME_ICE_CAVE">
			<Text>Cania</Text>
		</Row>
		<Row Tag="TXT_KEY_CIV_KOMETRU_ADJECTIVE">
			<Text>Yuan-Ti</Text>
		</Row>
		<Row Tag="TXT_KEY_CIV_KOMETRU_DESC">
			<Text>Serpent Empire of the 10th Hell</Text>
		</Row>
		<Row Tag="TXT_KEY_CIV_KOMETRU_SHORT_DESC">
			<Text>The 10th Hell</Text>
		</Row>
		<Row Tag="TXT_KEY_LEADER_TOANUJU">
			<Text>Mersshaulk</Text>
		</Row>
		<Row Tag="TXT_KEY_TRAIT_PREDICT_FUTURE">
			<Text>+1[ICON_PEACE], +1 [ICON_PRODUCTION], and +1 [ICON_FOOD] from Snow tiles. Cultists (scientist specialists) produce +1 [ICON_FOOD] and +2 [ICON_CULTURE].</Text>
		</Row>
		<Row Tag="TXT_KEY_TRAIT_PREDICT_FUTURE_SHORT">
			<Text>God of the Serpents</Text>
		</Row>
		<Row Tag="TXT_KEY_BUILDING_KNOWLEDGE_TOWER_DESC">
			<Text>Blood Altar</Text>
		</Row>
		<Row Tag="TXT_KEY_BUILDING_KNOWLEDGE_TOWER_HELP">
			<Text>Unique 10th Hell Library replacement. In addition to the usual [ICON_RESEARCH] yield, the Altar houses one scientist; adds +1 [ICON_FOOD], +3 [ICON_PEACE], and +1 [ICON PRODUCTION] to snow tiles. Spawns a Yuan-ti Abomination.</Text>
		</Row>
		<Row Tag="TXT_KEY_UNIT_YTWIGHT">
			<Text>Undead Abomination</Text>
		</Row>
		<Row Tag="TXT_KEY_UNIT_HELP_YTWIGHT">
			<Text>Unique 10th Hell unit. The ability 'Frightful Presence' causes adjacent enemy units to suffer a 10% combat debuff. The ability 'Blood Sacrifice' grants golden age points for each kill and partially heals the Yuan-Ti wight. Also gains exp slightly faster.</Text>
		</Row>
	</Language_en_US>
</GameData>