<?xml version="1.0" encoding="utf-8"?>
<!-- Created by ModBuddy on 5/28/2016 11:35:17 AM -->
<GameData>
	<IconTextureAtlases>
		<Row>
			<Atlas>JewelOfLifeIcon</Atlas>
			<IconSize>256</IconSize>
			<Filename>PokemonIconAtlas256.dds</Filename>
			<IconsPerRow>8</IconsPerRow>
			<IconsPerColumn>8</IconsPerColumn>
		</Row>
		<Row>
			<Atlas>JewelOfLifeIcon</Atlas>
			<IconSize>128</IconSize>
			<Filename>PokemonIconAtlas128.dds</Filename>
			<IconsPerRow>8</IconsPerRow>
			<IconsPerColumn>8</IconsPerColumn>
		</Row>
		<Row>
			<Atlas>JewelOfLifeIcon</Atlas>
			<IconSize>64</IconSize>
			<Filename>PokemonIconAtlas64.dds</Filename>
			<IconsPerRow>8</IconsPerRow>
			<IconsPerColumn>8</IconsPerColumn>
		</Row>
		<Row>
			<Atlas>JewelOfLifeIcon</Atlas>
			<IconSize>45</IconSize>
			<Filename>PokemonIconAtlas45.dds</Filename>
			<IconsPerRow>8</IconsPerRow>
			<IconsPerColumn>8</IconsPerColumn>
		</Row>
	</IconTextureAtlases>
</GameData>