<?xml version="1.0" encoding="utf-8"?>
<!-- Created by ModBuddy on 5/28/2016 6:29:44 PM -->
<GameData>
	<IconTextureAtlases>
	<Row>
		<Atlas>ArceusIcon</Atlas>
		<IconSize>256</IconSize>
		<Filename>PokemonIconAtlas256.dds</Filename>
		<IconsPerRow>8</IconsPerRow>
		<IconsPerColumn>8</IconsPerColumn>
	</Row>
	<Row>
		<Atlas>ArceusIcon</Atlas>
		<IconSize>128</IconSize>
		<Filename>PokemonIconAtlas128.dds</Filename>
		<IconsPerRow>8</IconsPerRow>
		<IconsPerColumn>8</IconsPerColumn>
	</Row>
	<Row>
		<Atlas>ArceusIcon</Atlas>
		<IconSize>64</IconSize>
		<Filename>PokemonIconAtlas64.dds</Filename>
		<IconsPerRow>8</IconsPerRow>
		<IconsPerColumn>8</IconsPerColumn>
	</Row>
	</IconTextureAtlases>
</GameData>