<?xml version="1.0" encoding="utf-8"?>
<!-- Created by ModBuddy on 5/28/2016 10:04:38 PM -->
<GameData>
	<IconTextureAtlases>
		<Row>
			<Atlas>PokemonAlphaAtlas</Atlas>
			<IconSize>64</IconSize>
			<Filename>PokemonFlag64.dds</Filename>
			<IconsPerRow>1</IconsPerRow>
			<IconsPerColumn>1</IconsPerColumn>
		</Row>
		<Row>
			<Atlas>PokemonAlphaAtlas</Atlas>
			<IconSize>48</IconSize>
			<Filename>PokemonFlag48.dds</Filename>
			<IconsPerRow>1</IconsPerRow>
			<IconsPerColumn>1</IconsPerColumn>
		</Row>
		<Row>
			<Atlas>PokemonAlphaAtlas</Atlas>
			<IconSize>32</IconSize>
			<Filename>PokemonFlag32.dds</Filename>
			<IconsPerRow>1</IconsPerRow>
			<IconsPerColumn>1</IconsPerColumn>
		</Row>
		<Row>
			<Atlas>PokemonAlphaAtlas</Atlas>
			<IconSize>24</IconSize>
			<Filename>PokemonFlag24.dds</Filename>
			<IconsPerRow>1</IconsPerRow>
			<IconsPerColumn>1</IconsPerColumn>
		</Row>
	</IconTextureAtlases>
</GameData>