<?xml version="1.0" encoding="utf-8"?>
<!-- Created by ModBuddy on 5/28/2016 6:59:00 PM -->
<GameData>
	<IconTextureAtlases>
		<Row>
			<Atlas>PokemonIcon</Atlas>
			<IconSize>256</IconSize>
			<Filename>PokemonIconAtlas256.dds</Filename>
			<IconsPerRow>8</IconsPerRow>
			<IconsPerColumn>8</IconsPerColumn>
		</Row>
		<Row>
			<Atlas>PokemonIcon</Atlas>
			<IconSize>128</IconSize>
			<Filename>PokemonIconAtlas128.dds</Filename>
			<IconsPerRow>8</IconsPerRow>
			<IconsPerColumn>8</IconsPerColumn>
		</Row>
		<Row>
			<Atlas>PokemonIcon</Atlas>
			<IconSize>80</IconSize>
			<Filename>PokemonIconAtlas80.dds</Filename>
			<IconsPerRow>8</IconsPerRow>
			<IconsPerColumn>8</IconsPerColumn>
		</Row>
		<Row>
			<Atlas>PokemonIcon</Atlas>
			<IconSize>64</IconSize>
			<Filename>PokemonIconAtlas64.dds</Filename>
			<IconsPerRow>8</IconsPerRow>
			<IconsPerColumn>8</IconsPerColumn>
		</Row>
		<Row>
			<Atlas>PokemonIcon</Atlas>
			<IconSize>45</IconSize>
			<Filename>PokemonIconAtlas45.dds</Filename>
			<IconsPerRow>8</IconsPerRow>
			<IconsPerColumn>8</IconsPerColumn>
		</Row>
		<Row>
			<Atlas>PokemonIcon</Atlas>
			<IconSize>32</IconSize>
			<Filename>PokemonIconAtlas32.dds</Filename>
			<IconsPerRow>8</IconsPerRow>
			<IconsPerColumn>8</IconsPerColumn>
		</Row>
	</IconTextureAtlases>
</GameData>