<?xml version="1.0" encoding="utf-8"?>
<GameData>
	<Diplomacy_Responses>
		<Row LeaderType="LEADER_TOAVAKAMA">
			<ResponseType>RESPONSE_FIRST_GREETING</ResponseType>
			<Response>TXT_KEY_LEADER_TOAVAKAMA_FIRSTGREETING%</Response>
		</Row>
		<Row LeaderType="LEADER_TOAVAKAMA">
			<ResponseType>RESPONSE_DEFEATED</ResponseType>
			<Response>TXT_KEY_LEADER_TOAVAKAMA_DEFEATED%</Response>
		</Row>
		<Row LeaderType="LEADER_TOAVAKAMA">
			<ResponseType>RESPONSE_GREETING_POLITE_HELLO</ResponseType>
			<Response>TXT_KEY_LEADER_TOAVAKAMA_POLITE_HELLO%</Response>
		</Row>
		<Row LeaderType="LEADER_TOAVAKAMA">
			<ResponseType>RESPONSE_GREETING_NEUTRAL_HELLO</ResponseType>
			<Response>TXT_KEY_LEADER_TOAVAKAMA_NEUTRAL_HELLO%</Response>
		</Row>
		<Row LeaderType="LEADER_TOAVAKAMA">
			<ResponseType>RESPONSE_GREETING_HOSTILE_HELLO</ResponseType>
			<Response>TXT_KEY_LEADER_TOAVAKAMA_HOSTILE_HELLO%</Response>
		</Row>
		<Row LeaderType="LEADER_TOAVAKAMA">
			<ResponseType>RESPONSE_HOSTILE_AGGRESSIVE_MILITARY_WARNING</ResponseType>
			<Response>TXT_KEY_LEADER_TOAVAKAMA_HOSTILE_AGGRESSIVE_MILITARY_WARNING%</Response>
		</Row>
		<Row LeaderType="LEADER_TOAVAKAMA">
			<ResponseType>RESPONSE_EXPANSION_SERIOUS_WARNING</ResponseType>
			<Response>TXT_KEY_LEADER_TOAVAKAMA_EXPANSION_SERIOUS_WARNING%</Response>
		</Row>
		<Row LeaderType="LEADER_TOAVAKAMA">
			<ResponseType>RESPONSE_REQUEST</ResponseType>
			<Response>TXT_KEY_LEADER_TOAVAKAMA_RESPONSE_REQUEST%</Response>
		</Row>
		<Row LeaderType="LEADER_TOAVAKAMA">
			<ResponseType>RESPONSE_LUXURY_TRADE</ResponseType>
			<Response>TXT_KEY_LEADER_TOAVAKAMA_RESPONSE_LUXURY_TRADE%</Response>
		</Row>
		<Row LeaderType="LEADER_TOAVAKAMA">
			<ResponseType>RESPONSE_OPEN_BORDERS_EXCHANGE</ResponseType>
			<Response>TXT_KEY_LEADER_TOAVAKAMA_OPEN_BORDERS_EXCHANGE%</Response>
		</Row>
	</Diplomacy_Responses>
	<Language_en_US>
		<!--General phrases -->
		<!--Greeting (first time meeting) -->
		<Row Tag="TXT_KEY_LEADER_TOAVAKAMA_FIRSTGREETING_1">
			<Text>I am Vakama the greatest mask-maker in Ta-Metru. I desire just one noble destiny, more than any power you can offer me.</Text>
		</Row>
		<Row Tag="TXT_KEY_LEADER_TOAVAKAMA_FIRSTGREETING_2">
			<Text>I am Vakama the greatest mask-maker in Ta-Metru. I desire just one noble destiny, more than any power you can offer me.</Text>
		</Row>
		<Row Tag="TXT_KEY_LEADER_TOAVAKAMA_FIRSTGREETING_3">
			<Text>I am Vakama the greatest mask-maker in Ta-Metru. There will always be new tales to be written and new tales to be shared. But it is time to stop speaking of the past, - we have a future to build, together.</Text>
		</Row>
		<!--Defeated and removed from game -->
		<Row Tag="TXT_KEY_LEADER_TOAVAKAMA_DEFEATED_1">
			<Text>And something else ... our destinies are not written in stone, set in place. They are something we have to find for ourselves. There will always be new tales to be written and new tales to be shared. But it is time to stop speaking of the past, - we have a future to build...</Text>
		</Row>
		<Row Tag="TXT_KEY_LEADER_TOAVAKAMA_DEFEATED_2">
			<Text>And something else ... our destinies are not written in stone, set in place. They are something we have to find for ourselves...</Text>
		</Row>
		<Row Tag="TXT_KEY_LEADER_TOAVAKAMA_DEFEATED_3">
			<Text>And something else ... our destinies are not written in stone, set in place. They are something we have to find for ourselves...</Text>
		</Row>

		<!--Neutral -->
		<!--Greetings (subsequent meetings) -->
		<Row Tag="TXT_KEY_LEADER_TOAVAKAMA_NEUTRAL_HELLO_1">
			<Text>Can I craft you a mask, friend?</Text>
		</Row>
		<Row Tag="TXT_KEY_LEADER_TOAVAKAMA_GREETING_1">
			<Text>You called for my skills?</Text>
		</Row>
		<Row Tag="TXT_KEY_LEADER_TOAVAKAMA_GREETING_2">
			<Text>Welcome again to Ta-Metru.</Text>
		</Row>
		<!--Goodbye -->
		<Row Tag="TXT_KEY_LEADER_TOAVAKAMA_GOODBYE_1">
			<Text>Forgive me, I have much work to do.</Text>
		</Row>
		<Row Tag="TXT_KEY_LEADER_TOAVAKAMA_GOODBYE_2">
			<Text>Goodbye.</Text>
		</Row>

		<!--Happy -->
		<!--Greetings (subsequent meetings) -->
		<Row Tag="TXT_KEY_LEADER_TOAVAKAMA_POLITE_HELLO_1">
			<Text>Let me lay down my tools, so we may speak.</Text>
		</Row>
		<Row Tag="TXT_KEY_LEADER_TOAVAKAMA_GREETING_3">
			<Text>It is good of you to come.</Text>
		</Row>
		<Row Tag="TXT_KEY_LEADER_TOAVAKAMA_GREETING_4">
			<Text>Hello again.</Text>
		</Row>
		<!--Goodbye -->
		<Row Tag="TXT_KEY_LEADER_TOAVAKAMA_GOODBYE_3">
			<Text>May Mata Nui be with you.</Text>
		</Row>
		<Row Tag="TXT_KEY_LEADER_TOAVAKAMA_GOODBYE_4">
			<Text>Goodbye.</Text>
		</Row>
		<!--Requests a trade -->
		<Row Tag="TXT_KEY_LEADER_TOAVAKAMA_RESPONSE_LUXURY_TRADE_1">
			<Text>Let me exchange my masks for the goods of your district.</Text>
		</Row>

		<!--Angry -->
		<!--Greetings (subsequent meetings) -->
		<Row Tag="TXT_KEY_LEADER_TOAVAKAMA_HOSTILE_HELLO_1">
			<Text>My forge and emotions burn hot. What do you want?</Text>
		</Row>
		<Row Tag="TXT_KEY_LEADER_TOAVAKAMA_GREETING_5">
			<Text>Your arrival in Ta-Metru is not met with cheers.</Text>
		</Row>
		<Row Tag="TXT_KEY_LEADER_TOAVAKAMA_GREETING_6">
			<Text>What do you want with the Ta-Matoran?</Text>
		</Row>
		<!--Goodbye -->
		<Row Tag="TXT_KEY_LEADER_TOAVAKAMA_GOODBYE_5">
			<Text>Begone.</Text>
		</Row>
		<Row Tag="TXT_KEY_LEADER_TOAVAKAMA_GOODBYE_6">
			<Text>I have much work to do.</Text>
		</Row>

		<Row Tag="TXT_KEY_LEADER_TOAVAKAMA_DECLAREWAR_1">
			<Text>We heat the forges of Ta-Metru for war!</Text>
		</Row>
		<Row Tag="TXT_KEY_LEADER_TOAVAKAMA_DECLAREWAR_2">
			<Text>The temper of the Ta-Matoran boils as swiftly as the Great Furnace in whose shadow we live. Prepare for war!</Text>
		</Row>
		<Row Tag="TXT_KEY_LEADER_TOAVAKAMA_DECLAREWAR_3">
			<Text>Our forges clang with the sounds of our tools. We defeated Po-Metru and we can defeat you!</Text>
		</Row>
		<Row Tag="TXT_KEY_LEADER_TOAVAKAMA_ATTACKED_1">
			<Text>I have had a vision that you will be defeated!</Text>
		</Row>
		<Row Tag="TXT_KEY_LEADER_TOAVAKAMA_ATTACKED_2">
			<Text>Our Kanohi disks will smack you in the mask!</Text>
		</Row>
		<Row Tag="TXT_KEY_LEADER_TOAVAKAMA_ATTACKED_3">
			<Text>You will not see me coming next time!</Text>
		</Row>

		<!--Misc-->
		<Row Tag="TXT_KEY_LEADER_TOAVAKAMA_HOSTILE_AGGRESSIVE_MILITARY_WARNING_1">
			<Text>Toa aren't killers. If we were, we would have started with you.</Text>
		</Row>
		<Row Tag="TXT_KEY_LEADER_TOAVAKAMA_EXPANSION_SERIOUS_WARNING_1">
			<Text>**Makuta looked into Vakama's eyes. They were the eyes of a being who had been driven beyond madness, only to return. They had looked upon a darkness as deep as any Makuta had known, and yet somehow turned back to the light. They were not the eyes of a being who was bluffing.**</Text>
		</Row>
		<Row Tag="TXT_KEY_LEADER_TOAVAKAMA_OPEN_BORDERS_EXCHANGE_1">
			<Text>The city of Metru Nui is full of mystery, friend. Perhaps we can help each other in these times of exploration.</Text>
		</Row>
		<Row Tag="TXT_KEY_LEADER_TOAVAKAMA_RESPONSE_REQUEST_1">
			<Text>As Turaga Dume asks for the Vahi, I ask for your assistance now.</Text>
		</Row>
	</Language_en_US>
</GameData>