<?xml version="1.0" encoding="utf-8"?>
<GameData>
	<Diplomacy_Responses>
		<Row LeaderType="LEADER_TOANUJU">
			<ResponseType>RESPONSE_FIRST_GREETING</ResponseType>
			<Response>TXT_KEY_LEADER_TOANUJU_FIRSTGREETING%</Response>
		</Row>
		<Row LeaderType="LEADER_TOANUJU">
			<ResponseType>RESPONSE_DEFEATED</ResponseType>
			<Response>TXT_KEY_LEADER_TOANUJU_DEFEATED%</Response>
		</Row>
		<Row LeaderType="LEADER_TOANUJU">
			<ResponseType>RESPONSE_GREETING_POLITE_HELLO</ResponseType>
			<Response>TXT_KEY_LEADER_TOANUJU_POLITE_HELLO%</Response>
		</Row>
		<Row LeaderType="LEADER_TOANUJU">
			<ResponseType>RESPONSE_GREETING_NEUTRAL_HELLO</ResponseType>
			<Response>TXT_KEY_LEADER_TOANUJU_NEUTRAL_HELLO%</Response>
		</Row>
		<Row LeaderType="LEADER_TOANUJU">
			<ResponseType>RESPONSE_GREETING_HOSTILE_HELLO</ResponseType>
			<Response>TXT_KEY_LEADER_TOANUJU_HOSTILE_HELLO%</Response>
		</Row>
		<Row LeaderType="LEADER_TOANUJU">
			<ResponseType>RESPONSE_HOSTILE_AGGRESSIVE_MILITARY_WARNING</ResponseType>
			<Response>TXT_KEY_LEADER_TOANUJU_HOSTILE_AGGRESSIVE_MILITARY_WARNING%</Response>
		</Row>
		<Row LeaderType="LEADER_TOANUJU">
			<ResponseType>RESPONSE_EXPANSION_SERIOUS_WARNING</ResponseType>
			<Response>TXT_KEY_LEADER_TOANUJU_EXPANSION_SERIOUS_WARNING%</Response>
		</Row>
		<Row LeaderType="LEADER_TOANUJU">
			<ResponseType>RESPONSE_REQUEST</ResponseType>
			<Response>TXT_KEY_LEADER_TOANUJU_RESPONSE_REQUEST%</Response>
		</Row>
		<Row LeaderType="LEADER_TOANUJU">
			<ResponseType>RESPONSE_LUXURY_TRADE</ResponseType>
			<Response>TXT_KEY_LEADER_TOANUJU_RESPONSE_LUXURY_TRADE%</Response>
		</Row>
		<Row LeaderType="LEADER_TOANUJU">
			<ResponseType>RESPONSE_OPEN_BORDERS_EXCHANGE</ResponseType>
			<Response>TXT_KEY_LEADER_TOANUJU_OPEN_BORDERS_EXCHANGE%</Response>
		</Row>
	</Diplomacy_Responses>
	<Language_en_US>
		<!--General phrases -->
		<!--Greeting (first time meeting) -->
		<Row Tag="TXT_KEY_LEADER_TOANUJU_FIRSTGREETING_1">
			<Text>Hello stranger. We look to the future here in Ko-Metru. I look to a bright future with you.</Text>
		</Row>
		<Row Tag="TXT_KEY_LEADER_TOANUJU_FIRSTGREETING_2">
			<Text>Hello stranger. We look to the future here in Ko-Metru. I look to a bright future with you</Text>
		</Row>
		<Row Tag="TXT_KEY_LEADER_TOANUJU_FIRSTGREETING_3">
			<Text>Hello stranger. We look to the future here in Ko-Metru. I look to a bright future with you.</Text>
		</Row>
		<!--Defeated and removed from game -->
		<Row Tag="TXT_KEY_LEADER_TOANUJU_DEFEATED_1">
			<Text>Our towers sit in ruins thanks to your hordes. However, your future looks very dark.</Text>
		</Row>
		<Row Tag="TXT_KEY_LEADER_TOANUJU_DEFEATED_2">
			<Text>Our towers sit in ruins thanks to your hordes. However, your future looks very dark.</Text>
		</Row>
		<Row Tag="TXT_KEY_LEADER_TOANUJU_DEFEATED_3">
			<Text>Our towers sit in ruins thanks to your hordes. However, your future looks very dark.</Text>
		</Row>

		<!--Neutral -->
		<!--Greetings (subsequent meetings) -->
		<Row Tag="TXT_KEY_LEADER_TOANUJU_NEUTRAL_HELLO_1">
			<Text>Welcome to Ko-Metru.</Text>
		</Row>
		<Row Tag="TXT_KEY_LEADER_TOANUJU_GREETING_1">
			<Text>Is your future troubling you?</Text>
		</Row>
		<Row Tag="TXT_KEY_LEADER_TOANUJU_GREETING_2">
			<Text>Look to the future with me.</Text>
		</Row>
		<!--Goodbye -->
		<Row Tag="TXT_KEY_LEADER_TOANUJU_GOODBYE_1">
			<Text>Farewell.</Text>
		</Row>
		<Row Tag="TXT_KEY_LEADER_TOANUJU_GOODBYE_2">
			<Text>Watch our for debris in the chutes.</Text>
		</Row>

		<!--Happy -->
		<!--Greetings (subsequent meetings) -->
		<Row Tag="TXT_KEY_LEADER_TOANUJU_POLITE_HELLO_1">
			<Text>Ah, my future is bright yet again.</Text>
		</Row>
		<Row Tag="TXT_KEY_LEADER_TOANUJU_GREETING_3">
			<Text>Ah, my future is bright yet again.</Text>
		</Row>
		<Row Tag="TXT_KEY_LEADER_TOANUJU_GREETING_4">
			<Text>Hello again.</Text>
		</Row>
		<!--Goodbye -->
		<Row Tag="TXT_KEY_LEADER_TOANUJU_GOODBYE_3">
			<Text>We're Toa, don't we always win?</Text>
		</Row>
		<Row Tag="TXT_KEY_LEADER_TOANUJU_GOODBYE_4">
			<Text>Goodbye.</Text>
		</Row>
		<!--Requests a trade -->
		<Row Tag="TXT_KEY_LEADER_TOANUJU_RESPONSE_LUXURY_TRADE_1">
			<Text>Our scholars have need for some goods of yours in exchange for secrets of the future.</Text>
		</Row>

		<!--Angry -->
		<!--Greetings (subsequent meetings) -->
		<Row Tag="TXT_KEY_LEADER_TOANUJU_HOSTILE_HELLO_1">
			<Text>...</Text>
		</Row>
		<Row Tag="TXT_KEY_LEADER_TOANUJU_GREETING_5">
			<Text>...</Text>
		</Row>
		<Row Tag="TXT_KEY_LEADER_TOANUJU_GREETING_6">
			<Text>...</Text>
		</Row>
		<!--Goodbye -->
		<Row Tag="TXT_KEY_LEADER_TOANUJU_GOODBYE_5">
			<Text>When it stops being true, I will stop saying it.</Text>
		</Row>
		<Row Tag="TXT_KEY_LEADER_TOANUJU_GOODBYE_6">
			<Text>...</Text>
		</Row>

		<Row Tag="TXT_KEY_LEADER_TOANUJU_DECLAREWAR_1">
			<Text>I sharpen my Crystal Spikes for battle. You should do the same.</Text>
		</Row>
		<Row Tag="TXT_KEY_LEADER_TOANUJU_DECLAREWAR_2">
			<Text>I sharpen my Crystal Spikes for battle. You should do the same.</Text>
		</Row>
		<Row Tag="TXT_KEY_LEADER_TOANUJU_DECLAREWAR_3">
			<Text>I see a future that you do not wish to know.</Text>
		</Row>
		<Row Tag="TXT_KEY_LEADER_TOANUJU_ATTACKED_1">
			<Text>We go right... befcause I remember what happened last time we went left.</Text>
		</Row>
		<Row Tag="TXT_KEY_LEADER_TOANUJU_ATTACKED_2">
			<Text>"I should have gone with my first instinct and done this by myself. I knew what the consequences of this alliance would be."</Text>
		</Row>
		<Row Tag="TXT_KEY_LEADER_TOANUJU_ATTACKED_3">
			<Text>Our towers begin to crumble. We hope yours do the same.</Text>
		</Row>

		<!--Misc-->
		<Row Tag="TXT_KEY_LEADER_TOANUJU_HOSTILE_AGGRESSIVE_MILITARY_WARNING_1">
			<Text>My Crystal Spikes are sharpened for war.</Text>
		</Row>
		<Row Tag="TXT_KEY_LEADER_TOANUJU_EXPANSION_SERIOUS_WARNING_1">
			<Text>The noise from your yards disturb our silence. Move elsewhere.</Text>
		</Row>
		<Row Tag="TXT_KEY_LEADER_TOANUJU_OPEN_BORDERS_EXCHANGE_1">
			<Text>We offer you our knowledge of the future.</Text>
		</Row>
		<Row Tag="TXT_KEY_LEADER_TOANUJU_RESPONSE_REQUEST_1">
			<Text>The future will bring the answers to your questions, but only if you stop speaking long enough to notice them.</Text>
		</Row>
	</Language_en_US>
</GameData>