<?xml version="1.0" encoding="utf-8"?>
<!-- Created by ModBuddy on 6/13/2015 9:36:18 PM -->
<GameData>
	<Language_en_US>
		<Row Tag="TXT_KEY_SCULPTURE_FIELDS_THEMING_BONUS_HELP">
			<Text>To maximize your bonus, make sure the Great Work Slots are both filled with Art from Po-Metru.</Text>
		</Row>
		<Row Tag="TXT_KEY_THEMING_BONUS_SCULPTURE_FIELDS">
			<Text>Field of {1_EraAdjective} {2_CivAdjective} Sculptures</Text>
		</Row>
		<Row Tag="TXT_KEY_SPY_NAME_POMETRU_0">
			<Text>Hafu</Text>
		</Row>
		<Row Tag="TXT_KEY_SPY_NAME_POMETRU_1">
			<Text>Hewkii</Text>
		</Row>
		<Row Tag="TXT_KEY_SPY_NAME_POMETRU_2">
			<Text>Ahkmou</Text>
		</Row>
		<Row Tag="TXT_KEY_SPY_NAME_POMETRU_3">
			<Text>Golyo</Text>
		</Row>
		<Row Tag="TXT_KEY_SPY_NAME_POMETRU_4">
			<Text>Piatra</Text>
		</Row>
		<Row Tag="TXT_KEY_SPY_NAME_POMETRU_5">
			<Text>Gadjati</Text>
		</Row>
		<Row Tag="TXT_KEY_SPY_NAME_POMETRU_6">
			<Text>Podu</Text>
		</Row>
		<Row Tag="TXT_KEY_SPY_NAME_POMETRU_7">
			<Text>Bour</Text>
		</Row>
		<Row Tag="TXT_KEY_SPY_NAME_POMETRU_8">
			<Text>Ally</Text>
		</Row>
		<Row Tag="TXT_KEY_SPY_NAME_POMETRU_9">
			<Text>Kivi</Text>
		</Row>
		<Row Tag="TXT_KEY_CIV5_DAWN_POMETRU_TEXT">
			<Text>
				Hail Toa Onewa, courageous and daring leader of Po-Metru. Creative and innovative, you once made the greatest carvings in all of Po-Metru. Now, you can pull jagged pillars of stone from the ground and shatter stone at your will.[NEWLINE][NEWLINE]In the time before time, the Great Spirit chose this city as the Great Beings laid the foundations for the Matoran, who work tirelessly for the well-being of the Great Spirit, Mata Nui. For one hundred thousand years, the Po-Matoran have prospered, building great monuments amidst the barrenness of the district.[NEWLINE][NEWLINE]Though not much bothers your stoned heart, Toa Vakama's visions cast a dark shadow over all of Metru Nui. Mighty Toa Onewa, the Great Spirit looks to you to help save the heart of the city. Will you choose to lead Po-Metru to safety and sculpted greatness? Can you build a civilization that will stand the test of time?
			</Text>
		</Row>
		<Row Tag="TXT_KEY_CITY_NAME_POMETRU">
			<Text>Po-Metru</Text>
		</Row>
		<Row Tag="TXT_KEY_CITY_NAME_EAST_QUARRY">
			<Text>East Quarry</Text>
		</Row>
		<Row Tag="TXT_KEY_CITY_NAME_CANYON_OF_UNENDING_WHISPERS">
			<Text>Canyon of Unending Whispers</Text>
		</Row>
		<Row Tag="TXT_KEY_CITY_NAME_PROTODERMIS_WAREHOUSE">
			<Text>Protodermis Warehouse</Text>
		</Row>
		<Row Tag="TXT_KEY_CITY_NAME_CHUTE_STATION_445">
			<Text>Chute Station 445</Text>
		</Row>
		<Row Tag="TXT_KEY_CITY_NAME_ASSEMBLY_BAY">
			<Text>Assembly Bay</Text>
		</Row>
		<Row Tag="TXT_KEY_CITY_NAME_GREAT_STATUE">
			<Text>Great Statue</Text>
		</Row>
		<Row Tag="TXT_KEY_CITY_NAME_VAHKI_YARD">
			<Text>Vahki Yard</Text>
		</Row>
		<Row Tag="TXT_KEY_CITY_NAME_HEWKIIS_DISKS">
			<Text>Hewkii's Disks'</Text>
		</Row>
		<Row Tag="TXT_KEY_CIV_POMETRU_ADJECTIVE">
			<Text>Po-Matoran</Text>
		</Row>
		<Row Tag="TXT_KEY_CIV_POMETRU_DESC">
			<Text>Po-Matoran Empire</Text>
		</Row>
		<Row Tag="TXT_KEY_CIV_POMETRU_SHORT_DESC">
			<Text>Po-Metru</Text>
		</Row>
		
		<Row Tag="TXT_KEY_LEADER_TOAONEWA">
			<Text>Toa Onewa</Text>
		</Row>
		<Row Tag="TXT_KEY_TRAIT_MASTER_CARVERS">
			<Text>Reaching Masonry provides a [ICON_GREAT_ARTIST] Great Artist. Quarries provide +1 [ICON_PRODUCTION] and +1 [ICON_CULTURE]. Cities begin with 1 Great Artist Point [ICON_GREAT_PEOPLE]. </Text>
		</Row>
		<Row Tag="TXT_KEY_TRAIT_MASTER_CARVERS_SHORT">
			<Text>Master Carvers</Text>
		</Row>
		<Row Tag="TXT_KEY_BUILDING_FIELD_CONSTRUCTION_DESC">
			<Text>Field of Construction</Text>
		</Row>
		<Row Tag="TXT_KEY_BUILDING_FIELD_CONSTRUCTION_HELP">
			<Text>Replaces Workshop. +1 [ICON_PRODUCTION] production and +1 [ICON_CULTURE]culture.[NEWLINE]+15% [ICON_PRODUCTION] production.[NEWLINE]+1 [ICON_PRODUCTION] production from each Trading Post (Assembler’s Villages).</Text>
		</Row>
		<Row Tag="TXT_KEY_BUILDING_SCULPTURE_FIELDS_DESC">
			<Text>Sculpture Fields</Text>
		</Row>
		<Row Tag="TXT_KEY_BUILDING_SCULPTURE_FIELDS_HELP">
			<Text>Unique Po-Matoran Garden replacement. +20% Great Person [ICON_GREAT_PEOPLE] Generation, does not require a river tile but does require flat terrain.[NEWLINE]Provides 2 [ICON_GREAT_WORK] slots for Works of Art and contains an Artist specialist slot.[NEWLINE]Unlocks at Guilds and not Theology</Text>
		</Row>
	</Language_en_US>
</GameData>