<?xml version="1.0" encoding="utf-8"?>
<GameData>
	<Language_en_US>
		<Row Tag="TXT_KEY_SPY_NAME_KOMETRU_0">
			<Text>Matoro</Text>
		</Row>
		<Row Tag="TXT_KEY_SPY_NAME_KOMETRU_1">
			<Text>Kopeke</Text>
		</Row>
		<Row Tag="TXT_KEY_SPY_NAME_KOMETRU_2">
			<Text>Ehrye</Text>
		</Row>
		<Row Tag="TXT_KEY_SPY_NAME_KOMETRU_3">
			<Text>Ihu</Text>
		</Row>
		<Row Tag="TXT_KEY_SPY_NAME_KOMETRU_4">
			<Text>Kylma</Text>
		</Row>
		<Row Tag="TXT_KEY_SPY_NAME_KOMETRU_5">
			<Text>Jaa</Text>
		</Row>
		<Row Tag="TXT_KEY_SPY_NAME_KOMETRU_6">
			<Text>Jaatikko</Text>
		</Row>
		<Row Tag="TXT_KEY_SPY_NAME_KOMETRU_7">
			<Text>Toudo</Text>
		</Row>
		<Row Tag="TXT_KEY_SPY_NAME_KOMETRU_8">
			<Text>Lumi</Text>
		</Row>
		<Row Tag="TXT_KEY_SPY_NAME_KOMETRU_9">
			<Text>Pakastaa</Text>
		</Row>
		<Row Tag="TXT_KEY_CIV5_DAWN_KOMETRU_TEXT">
			<Text>
				Hail Toa Nuju, analytical and razor-sharp minded Toa of the District of Ko-Metru. You have been called from your position as a Seer and Scholar to aid the Ko-Matoran.[NEWLINE][NEWLINE]In the time before time, the Great Spirit chose this city as the Great Beings laid the foundations for the Matoran who work tirelessly for the well-being of the Great Spirit, Mata Nui. For one hundred thousand years, the Ko-Matoran have prospered, looking to the future in their high icy towers through their studies.[NEWLINE][NEWLINE]Sharp Toa Nuju, Toa Vakama has seen the dangers that threaten the heart of the city. Your wit is famed for helping you escape the most dangerous of situations. Can you see to the future of a peaceful Ko-Metru or will your narrow focus blind you in struggle? Can you build a civilization that will stand the test of time?
			</Text>
		</Row>
		<Row Tag="TXT_KEY_CITY_NAME_KOMETRU">
			<Text>Ko-Metru</Text>
		</Row>
		<Row Tag="TXT_KEY_CITY_NAME_SCHOLAR_TOWER">
			<Text>Scholar Tower</Text>
		</Row>
		<Row Tag="TXT_KEY_CITY_NAME_QUIET_TOWERS">
			<Text>Quiet Towers</Text>
		</Row>
		<Row Tag="TXT_KEY_CITY_NAME_HIDEAWAY">
			<Text>Hideaway</Text>
		</Row>
		<Row Tag="TXT_KEY_CITY_NAME_IHU_TOWER">
			<Text>Ihu Tower</Text>
		</Row>
		<Row Tag="TXT_KEY_CITY_NAME_ICE_CAVE">
			<Text>Ice Cave</Text>
		</Row>
		<Row Tag="TXT_KEY_CIV_KOMETRU_ADJECTIVE">
			<Text>Ko-Matoran</Text>
		</Row>
		<Row Tag="TXT_KEY_CIV_KOMETRU_DESC">
			<Text>Ko-Matoran Empire</Text>
		</Row>
		<Row Tag="TXT_KEY_CIV_KOMETRU_SHORT_DESC">
			<Text>Ko-Metru</Text>
		</Row>
		
		<Row Tag="TXT_KEY_LEADER_TOANUJU">
			<Text>Toa Nuju</Text>
		</Row>
		<Row Tag="TXT_KEY_TRAIT_PREDICT_FUTURE">
			<Text>Scientist specialists produce +1 [ICON_FOOD] and +1 [ICON_RESEARCH]. +1 [ICON_PRODUCTION] and +1 [ICON_FOOD] from Snow tiles. </Text>
		</Row>
		<Row Tag="TXT_KEY_TRAIT_PREDICT_FUTURE_SHORT">
			<Text>Predict the Future</Text>
		</Row>
		<Row Tag="TXT_KEY_BUILDING_KNOWLEDGE_TOWER_DESC">
			<Text>Knowledge Tower</Text>
		</Row>
		<Row Tag="TXT_KEY_BUILDING_KNOWLEDGE_TOWER_HELP">
			<Text>Unique Ko-Matoran Library replacement. In addition to the usual [ICON_RESEARCH] yield, the Tower houses one scientist; adds +1 [ICON_FOOD], +1 [ICON_RESEARCH], and +1 [ICON PRODUCTION] to snow tiles.</Text>
		</Row>
		<Row Tag="TXT_KEY_BUILDING_TOWER_THOUGHT_DESC">
			<Text>Tower of Thought</Text>
		</Row>
		<Row Tag="TXT_KEY_BUILDING_TOWER_THOUGHT_HELP">
			<Text>Unique Ko-Matoran Observatory replacement. In addition to the usual [ICON_RESEARCH] yield, snow and tundra tiles yield +1 [ICON_RESEARCH], and snow tiles yield +1 [ICON_FOOD]. Snow must be within 1 tile of the city. Has 1 scientist slot.</Text>
		</Row>
	</Language_en_US>
</GameData>