<?xml version="1.0" encoding="utf-8"?>
<GameData>
	<Language_en_US>
		<Row Tag="TXT_KEY_SPY_NAME_TAMETRU_0">
			<Text>Takua</Text>
		</Row>
		<Row Tag="TXT_KEY_SPY_NAME_TAMETRU_1">
			<Text>Kapura</Text>
		</Row>
		<Row Tag="TXT_KEY_SPY_NAME_TAMETRU_2">
			<Text>Jaller</Text>
		</Row>
		<Row Tag="TXT_KEY_SPY_NAME_TAMETRU_3">
			<Text>Nuhrii</Text>
		</Row>
		<Row Tag="TXT_KEY_SPY_NAME_TAMETRU_4">
			<Text>Aft</Text>
		</Row>
		<Row Tag="TXT_KEY_SPY_NAME_TAMETRU_5">
			<Text>Tiribomba</Text>
		</Row>
		<Row Tag="TXT_KEY_SPY_NAME_TAMETRU_6">
			<Text>Maglya</Text>
		</Row>
		<Row Tag="TXT_KEY_SPY_NAME_TAMETRU_7">
			<Text>Aodhan</Text>
		</Row>
		<Row Tag="TXT_KEY_SPY_NAME_TAMETRU_8">
			<Text>Kalama</Text>
		</Row>
		<Row Tag="TXT_KEY_SPY_NAME_TAMETRU_9">
			<Text>Agni</Text>
		</Row>
		<Row Tag="TXT_KEY_CIV5_DAWN_TAMETRU_TEXT">
			<Text>
				All hail Toa Vakama, Great Toa of Ta-Metru. Your fears can burn hotter than the Great Furnace, but you still have been chosen to lead the Toa and the Ta-Matoran by Toa Lhikan. The Great Beings have shown you visions of the destruction of Metru Nui.[NEWLINE][NEWLINE] In the time before time, the Great Spirit chose this city as the Great Beings laid the foundations for the Matoran, who work tirelessly for the well-being of the Great Spirit, Mata Nui. For one hundred thousand years, the Ta-Matoran have prospered, working in skyscraping factories and furnaces bellowing such great heat that no other Matoran would dare enter.[NEWLINE][NEWLINE] Toa Vakama, you must lead your fellow 'Makers' to safety, as the visions you have seen haunt you. Can you disern which voices to listen to and which to follow? Can you build a civilization that will stand the test of time?
			</Text>
		</Row>
		<Row Tag="TXT_KEY_CITY_NAME_TAMETRU">
			<Text>Ta-Metru</Text>
		</Row>
		<Row Tag="TXT_KEY_CITY_NAME_THE_FIRE_PITS">
			<Text>The Fire Pits</Text>
		</Row>
		<Row Tag="TXT_KEY_CITY_NAME_VAKAMAS_FOUNDRY">
			<Text>Vakama's Foundry</Text>
		</Row>
		<Row Tag="TXT_KEY_CITY_NAME_PROTODERMIS_REC_YARD">
			<Text>Protodermis Reclamation Yard</Text>
		</Row>
		<Row Tag="TXT_KEY_CITY_NAME_RECLAMATION_FURNACE">
			<Text>Reclamation Furnace</Text>
		</Row>
		<Row Tag="TXT_KEY_CITY_NAME_FOUNDRY_17">
			<Text>Foundry 17</Text>
		</Row>
		<Row Tag="TXT_KEY_CITY_NAME_VAT_CONTROL">
			<Text>Vat Control</Text>
		</Row>
		<Row Tag="TXT_KEY_CITY_NAME_MOLTEN_LAKE">
			<Text>Molten Lake</Text>
		</Row>
		<Row Tag="TXT_KEY_CIV_TAMETRU_ADJECTIVE">
			<Text>Ta-Matoran</Text>
		</Row>
		<Row Tag="TXT_KEY_CIV_TAMETRU_DESC">
			<Text>Ta-Matoran Empire</Text>
		</Row>
		<Row Tag="TXT_KEY_CIV_TAMETRU_SHORT_DESC">
			<Text>Ta-Metru</Text>
		</Row>
		<Row Tag="TXT_KEY_LEADER_TOAVAKAMA">
			<Text>Toa Vakama</Text>
		</Row>
		<Row Tag="TXT_KEY_TRAIT_MASK_MAKERS">
			<Text>Manufactories and Customs Houses provide +1 [ICON_PRODUCTION] and +1 [ICON_GOLD]. Cities begin with +1 [ICON_PRODUCTION].</Text>
		</Row>
		<Row Tag="TXT_KEY_TRAIT_MASK_MAKERS_SHORT">
			<Text>Mask Makers</Text>
		</Row>
		<Row Tag="TXT_KEY_UNIT_NUURAKH">
			<Text>Nuurakh</Text>
		</Row>
		<Row Tag="TXT_KEY_UNIT_HELP_NUURAKH">
			<Text>Unique Ta-Matoran Cavalry replacement. Flanking Bonus is 15%. Receives defensive terrain bonus and the Command Promotion. Obsoletes at Rocketry. Requires 1 [ICON_RES_IRON] Iron.</Text>
		</Row>
		<Row Tag="TXT_KEY_PROMOTION_COMMAND">
			<Text>Command</Text>
		</Row>
		<Row Tag="TXT_KEY_PROMOTION_COMMAND_DESC">
			<Text>Command</Text>
		</Row>
		<Row Tag="TXT_KEY_PROMOTION_COMMAND_HELP">
			<Text>Unique Ta-Matoran Cavalry replacement. Chance to 'confuse' enemy units upon attack to take orders. (Capture the enemy)</Text>
		</Row>
		<Row Tag="TXT_KEY_BUILDING_GREAT_FURNACE_DESC">
			<Text>The Great Furnace</Text>
		</Row>
		<Row Tag="TXT_KEY_BUILDING_GREAT_FURNACE_HELP">
			<Text>Unique Ta-Matoran Ironworks replacement. +5% [ICON_PRODUCTION] production to organic military units.[NEWLINE]+20% [ICON_PRODUCTION] production to vehicular and mechanical military units.[NEWLINE]+10 [ICON_PRODUCTION] production. Has an Engineer specialist slot and provides a free Great Engineer.[NEWLINE]Provides 3 [ICON_RES_IRON] iron</Text>
		</Row>
	</Language_en_US>
</GameData>