<?xml version="1.0" encoding="utf-8"?>
<!-- Created by ModBuddy on 8/12/2016 8:30:41 PM -->
<GameData>
	<Language_en_US>
		<Row Tag="TXT_KEY_BUILDING_ISN_FAIRGROUNDS_PLANTATION">
			<Text>
				This is a dummy building. If you see this, that means I am a dummy.
			</Text>
		</Row>
		<!-- Description tags -->
		<Row Tag="TXT_KEY_BUILDING_THE_COLISEUM">
			<Text>
				The Coliseum
			</Text>
		</Row>
		<!-- Help tags -->
		<Row Tag="TXT_KEY_WONDER_THE_COLISEUM_HELP">
			<Text>
				+5 [ICON_HAPPINESS_1] Happiness, +4 [ICON_TOURISM] Tourism, and gives a free Colosseum. [NEWLINE]
			</Text>
		</Row>
		<!-- Quote tags -->
		<Row Tag="TXT_KEY_WONDER_THE_COLISEUM_QUOTE">
			<Text>
				[NEWLINE]"The Coliseum towered over the city. It stood at the junction of all six metru, so tall it looked as if it must touch the sky." "[NEWLINE] - Narrator, Legends of Metru Nui[NEWLINE]
			</Text>
		</Row>
		<!-- Pedia tags -->
		<Row Tag="TXT_KEY_WONDER_THE_COLISEUM_PEDIA">
			<Text>
				The Coliseum, sometimes called the Great Coliseum, is a massive building located at the center of Metru Nui and is considered to be pivotal to the society of Metru Nui.
				[NEWLINE] [NEWLINE] The Coliseum was the first building constructed in Metru Nui, made with the help of Helryx. The building was used to store Great Kanohi for Toa, but after the construction of the Great Temple in Ga-Metru, it was used for storage of items deemed too essential to go into the Archives, and for other things that did not belong anywhere else, but were still too valuable to melt down or get rid of. A statue of Toa Mangai leader Lhikan was at some point, erected in the Coliseum in his honor.
			</Text>
		</Row>
		<Row Tag="TXT_KEY_CIV5_GAMETRU_HEADING_1">
			<Text>History</Text>
		</Row>
		<Row Tag="TXT_KEY_CIV5_GAMETRU_TEXT_1">
			<Text>
			Ga-Metru was the district of Water on the island city of Metru Nui, and the city's spiritual and schooling center. It was also home to the Great Temple, which housed the Toa Suva. [NEWLINE] [NEWLINE] Ga-Metru was the second district of Metru Nui to be constructed. Ga-Metru was widely revered as one of the most peaceful Metru, as well as the one the Great Spirit liked the most. It was here that Protodermis was piped in, purified, and sent to the other Metru for use. Ga-Metru was also home to the Great Temple, the most spiritual location on the island, and often considered by the Matoran to be the second most important landmark on Metru Nui, after the Coliseum. Ga-Metru contained many schools and universities, and thusly, many Matoran flocked to these schools to obtain a higher knowledge. Most often, Ga-Matoran were the only Matoran to enroll in these schools, although Ko-Matoran were known to as well, via an exchange program. Each year, many Matoran graduated with degrees in history, language, science, environmental science, diplomacy,[1] and many other areas of study. Visitors to the city were allowed to tour the facilities, watch students in science class, and even sit through a lecture. Listening to lectures was very popular among the Matoran, and especially popular among Ko-Matoran and Onu-Matoran. Due to the high number of participants, many students were unable to receive their first choice of lecture. Also of note in Ga-Metru are the Protodermis Labs. These facilities were dedicated to finding better ways of purifying and using Liquid Protodermis, along with attempting to synthetically recreate Energized Protodermis. Whenever visitors were around the facility, they were allowed to observe the actions, but are forbidden to enter the chamber itself. This is for the safety of all, and was strongly enforced by the Vahki. [NEWLINE] [NEWLINE] During the Matoran Civil War, Ga-Metru unsuccessfully tried to remain neutral, but ended up allying with Ta-Metru. [NEWLINE] [NEWLINE] Ga-Metru was the location where Toa Nidhiki first met Lariska during the war and started his ill-fated plan to betray the Toa. However, Nidhiki was unaware of Lhikan's Toa reinforcements which arrived during his second meeting with Lariska, and the betrayal failed. [NEWLINE] [NEWLINE] Many years later, when Lhikan was the only remaining Toa of Metru Nui, he traveled to the Great Temple to steal the Toa Stones, as he had realized Toa Dume had grown corrupt. After evading the Dark Hunters, Lhikan gave a Toa Stone to the Ga-Matoran Nokama before leaving the district. [NEWLINE] [NEWLINE] During the Great Cataclysm, Ga-Metru was destroyed along with the other areas of the city. Roughly one thousand years later, when the Ga-Matoran of Mata Nui returned to Ga-Metru, they began to repair the district. As they worked, several stayed in Po-Metru until their homes were rebuilt. The city was later repaired to its former glory due to the usage of the Staff of Artakha. [NEWLINE] [NEWLINE] Along with the rest of Metru Nui, Ga-Metru was greatly damaged when a fragment of Aqua Magna impacted the Core Processor during Teridax's battle with Mata Nui. The surviving Matoran evacuated the Matoran Universe for the surface of Spherus Magna. Later, Ga-Metru, along with all other locations in the Matoran Universe, was dismantled.
			</Text>
		</Row>
		<Row Tag="TXT_KEY_CIVILOPEDIA_LEADERS_TOANOKAMA_HEADING_1">
			<Text>Matoran Life</Text>
		</Row>
		<Row Tag="TXT_KEY_CIVILOPEDIA_LEADERS_TOANOKAMA_TEXT_1">
			<Text>
			As a Matoran, Nokama worked as a teacher in the Ga-Metru Schools. On one occasion, she was playing near a Protodermis Canal and accidentally slipped and fell in it. The current carried the frightened and drowning Nokama all the way to Ko-Metru before her friends were able to rescue her. During her career, she received the prestigious awards of Exemplary Teacher and Innovative Protodermis Purification. After Macku, one of Nokama's students, discovered Dermis Turtles and their population exploded, Toa Dume considered banning the Rahi completely from the city. It was Nokama and Macku who convinced him otherwise. [NEWLINE] [NEWLINE] Weeks before the Great Cataclysm, Toa Lhikan, following the Great Spirit's will, gave Nokama a Toa Stone and a map during one of her classes. Following the directions of the map, Nokama took the stone to the Great Temple, where she met five other Matoran: Vakama, Matau, Nuju, Onewa, and Whenua, who had also been given Toa Stones by Lhikan. Placing their Toa Stones in their respective slots in the Suva, the Matoran were coated with Lhikan's energy, which transformed them into Toa.
			</Text>
		</Row>
		<Row Tag="TXT_KEY_CIVILOPEDIA_LEADERS_TOANOKAMA_HEADING_2">
			<Text>The Great Disks</Text>
		</Row>
		<Row Tag="TXT_KEY_CIVILOPEDIA_LEADERS_TOANOKAMA_TEXT_2">
			<Text>
			Nokama alone supported Vakama in his claim of a vision involving the powerful Great Disks and a quest to find them. This set a precedent that continued throughout the time of the Toa Metru; when Vakama made seemingly outlandish statements, Nokama would support him and insist that the others follow his lead. Gathering their individual weapons from the Great Temple, Nokama remembered a carving in the sanctuary that related to the locations of the Great Disks. The team agreed to split up and find the six Matoran who knew those locations. Upon hearing Vakama mention that one of Nokama's former students, Vhisola, knew the location of a Great Disk, Nokama departed to seek her out. [NEWLINE] [NEWLINE] After an inconclusive search of Vhisola's home and a narrow escape from Vahki Bordakh, Nokama paid a visit to Vhisola's school laboratory, only to find it ransacked. A Ga-Matoran worker's report that a four-legged creature was responsible for the damage only worried Nokama further, as Vakama had described seeing none other than a four-legged creature in his vision. Worried, Nokama returned to Vhisola's home and used her elemental power for the first time, firing a shot of Liquid Protodermis to knock off an ornament on a house down the street and distracting the Vahki surrounding the house. A more thorough search of the house revealed a tablet depicting a powerful disk next to the Great Temple. As she raced to the temple, Nokama found a crowd of Matoran gathered around a tall building with Vhisola on its roof. Using the water canals to vault herself up, she steadied herself and Vhisola, saving the Matoran. Even after this adventure, Vhisola still had to be persuaded to help the Toa retrieve the Great Disk. [NEWLINE] [NEWLINE] Returning to the Great Temple with Vhisola, Nokama regrouped with the Toa Metru, who had gathered the other five Matoran who knew the locations of the Great Disks. As each Toa related their dangerous search and experiences, they deduced that one of the six Matoran had betrayed the others to find the Great Disks themselves; all evidence led to Ahkmou. After the six decided to split into three teams while searching for the disks, Nokama, Matau, Vhisola and Orkahm searched near the Temple to gather one of the disks hidden below the waters. Nidhiki sprung a trap, nearly drowning Matau in a canal, but Nokama was able to save him. She alone dove into the sea beneath the Great Temple to retrieve the legendary Disk, where she found it wedged between two teeth of the Dweller in the Deep. As Nokama returned to the surface, she observed that her companions were being threatened by Vahki; through a well-timed feint, she directed her Rahi pursuer at the Vahki, and they began to battle, allowing the Toa and Matoran to escape. Nokama accompanied Matau, Orkahm, and Vhisola to Le-Metru, where Orkahm revealed the location of the Great Disk: trapped inside a force sphere in the transport chutes. She watched as Matau dove into the Notch and retrieved the Disk.[NEWLINE] [NEWLINE] Later on, the six Toa and Matoran reunited, discussing how the Great Disks could defeat the Morbuzakh plant. With the hiding place of the Morbuzakh's king root revealed to be in the Great Furnace at Ta-Metru, Nokama declared Vakama to be their leader in the ensuing battle. [NEWLINE] [NEWLINE] Traveling into the Great Furnace, the Toa were attacked by peculiar pellets, which Nokama realized were Morbuzakh seeds. With the aid of Nuju, she freed the others, who had been trapped in vines. Within the Great Furnace, they encountered the Morbuzakh King. Nokama drained her elemental powers keeping her team cool from the intense flames. In the ensuing battle, she initiated the plan to work together before they became victorious over the Morbuzakh.
			</Text>
		</Row>
		<Row Tag="TXT_KEY_CIVILOPEDIA_LEADERS_TOANOKAMA_HEADING_3">
			<Text>The Great Cataclysm</Text>
		</Row>
		<Row Tag="TXT_KEY_CIVILOPEDIA_LEADERS_TOANOKAMA_TEXT_3">
			<Text>
				Before they could travel to the Coliseum to be hailed as Toa, the Toa Metru first had to travel to Onu-Metru to seal a crack in the seawall protecting the Archives. They soon found themselves under attack by the shape-shifting Rahi, Krahka. The Krahka could mimic not only their appearance, but their Elemental Powers as well. She captured all of the Toa except for Nokama, who defeated three Rahkshi on her own and was later able to relocate the other Toa Metru. When confronted by all six Toa Metru, Krahka was defeated and fled.[NEWLINE] [NEWLINE] After the confrontation with Krahka, the Toa traveled to the Coliseum, where they were accused by Toa Dume (really Makuta Teridax in disguise) of causing the disappearance of Toa Lhikan. Nuju, Onewa, and Whenua were quickly captured, before Matau, Nokama, and Vakama were able to escape. The three fled to Ga-Metru, where they were attacked by Vahki Bordakh. Nokama was struck by a stun blast from a Bordakh's Staff of Loyalty and attacked Vakama, pushing him off a skyscraper. Vakama discovered that his Disk Launcher could be used as a jet-pack at that moment, and was able to fly to safety. Nokama, still influenced by the Bordakh's staff, tried to attack Matau, but was knocked over the edge of the building. She was saved by Vakama, and the fall's shock caused the staff's effect to wear off. The Toa escaped to Ta-Metru inside an Airship. After another battle with Vahki Nuurakh and the Dark Hunters Nidhiki and Krekka, the three Toa came to blows with the Tahtorak, a massive Rahi that had been awakened during their earlier fight with Krahka. They defeated it by using weakening disks on the ground beneath it, and the Tahtorak plummeted into the depths of Metru Nui.[NEWLINE] [NEWLINE] Afterwards, the trio journeyed to Po-Metru, where Nokama discovered her Kanohi mask power of Translation when she was able to communicate with a herd of Kikanalo. Nokama enlisted the aid of the Kikanalo in locating Toa Lhikan, and the Kikanalo led them to the Canyon of Unending Whispers. With the aid of the chief Kikanalo, Nokama defeated many Vahki Zadakh guarding the prison. She, Vakama, and Matau then entered the tunnels leading to the Prison of the Dark Hunters, where they met up with the other Toa Metru, who had escaped with the newly transformed Toa Lhikan. The Toa discovered a Matoran Sphere with Toa Dume trapped inside, and realized that the current Toa was an impostor. After a three-way battle with Vahki Rorzakh and the vicious Lohrak, the Toa Metru escaped on an old Vahki Transport and hurried to the Coliseum. However, they were too late to rescue the Matoran of Metru Nui, who were trapped in Matoran Spheres. "Toa Dume" revealed himself as Teridax shortly before Mata Nui fell asleep and the Great Cataclysm struck. While Teridax transformed, the Toa loaded several Matoran Spheres onto their transport and fled the city, heading for the Great Barrier. Teridax attacked, attempting to crush their vessel with pillars of protodermis, and scattered several of the Matoran Spheres into the Silver Sea. While Vakama and Lhikan took on Teridax, Nokama and the other Toa Metru retrieved the Matoran. They then joined Vakama and imprisoned Teridax in a Toa Seal, before leaving to find a new home for the Matoran.
			</Text>
		</Row>
		<Row Tag="TXT_KEY_CIVILOPEDIA_LEADERS_TOANOKAMA_HEADING_4">
			<Text>A New Home</Text>
		</Row>
		<Row Tag="TXT_KEY_CIVILOPEDIA_LEADERS_TOANOKAMA_TEXT_4">
			<Text>
			Journeying through the barrier on the floating vessel, which they christened "The Lhikan", after the late Turaga, the Toa fought against stranded Nuurakh and safely crossed over boiling water. Concerned about the six Matoran Spheres holding the ship afloat and the damage that the recent struggles might have caused them, Nokama dove underwater to inspect them. Seeing the pods secure, the Toa of Water ventured ahead to scout for further danger. Some time later, Nuju also breached the cave's river, after Nokama's absence began to worry him. "The Lhikan" was then pulled away from the two Toa by a whirlpool. As Nokama returned, she found Nuju being drowned by live seaweed and rescued him. They both safely swam back to the ship which the other Toa had managed to save from the hazard.[NEWLINE] [NEWLINE] Continuing onward, the Toa were attacked by multiple Kralhi, who captured them and "The Lhikan". The Toa learned they were being held captive by Mavrah, an Onu-Matoran and former friend of Whenua's, who had disappeared from Metru Nui with prehistoric Rahi after a study project about them had failed. Though the Toa attempted to explain to Mavrah that Metru Nui was ruined and that he had no reason to be their enemy, Mavrah denounced their story as a lie, and a conflict ensued. After fighting against the Kralhi, wandering Vahki Vorzakh, and ancient Rahi, the Toa were able to escape aboard their ship. During the resulting battle, Mavrah was accidentally killed by the Rahi, and a Matoran Sphere, containing Ahkmou, was lost at sea. After destroying the passage leading into the tunnel, Nokama carved an image of the Toa Metru on the cave's wall as a symbol of their triumph. The team subsequently reached the surface of Aqua Magna and discovered the island of Mata Nui.	
			</Text>
		</Row>
		<Row Tag="TXT_KEY_CIVILOPEDIA_LEADERS_TOANOKAMA_LIVED">
			<Text>The Time Before Time</Text>
		</Row>
		<Row Tag="TXT_KEY_CIVILOPEDIA_LEADERS_TOANOKAMA_NAME">
			<Text>Toa Nokama</Text>
		</Row>
		<Row Tag="TXT_KEY_CIVILOPEDIA_LEADERS_TOANOKAMA_SUBTITLE">
			<Text>Toa of Ga-Metru</Text>
		</Row>
		<Row Tag="TXT_KEY_CIV5_KOMETRU_HEADING_1">
			<Text>History</Text>
		</Row>
		<Row Tag="TXT_KEY_CIV5_KOMETRU_TEXT_1">
			<Text>
				Ko-Metru, also called the "quiet Metru," was the district of Metru Nui representing Ice. It is one of the western regions between the borders of Onu-Metru and Po-Metru. This was the home of Ko-Matoran who study, observe, and look into the future to predict and research prophecies by reading the stars above Metru Nui to discern the future. Ko-Metru was once a prosperous region of Metru Nui, home to the vast Knowledge Towers and Towers of Thought and many Matoran. The dominant building of the city was a massive complex of Knowledge Towers at the heart of Metru. The Ko-Matoran were obsessed with the future, always looking to the stars for clues. Vahki were also present sometimes when projects were done, so that the Matoran were not distracted by loud noises and could concentrate on what they were doing. [NEWLINE] [NEWLINE] During the Matoran Civil War that ravaged Metru Nui, Ko-Metru's population of Ko-Matoran joined with the Po-Matoran and Le-Matoran when their independent intervention failed, until the war ended with Teridax causing the Archives Massacre by locking the armies in the Archives and freeing its Rahi on them. [NEWLINE] [NEWLINE] During the Morbuzakh attacks on Metru Nui, Ko-Metru was the least affected as the vines were vulnerable to the cold. A month prior to the Great Cataclysm, Toa Mangai Lhikan went to one of the Knowledge Towers and gave a Toa Stone to Nuju to become one of the Toa Metru, who was looking through his telescope at the time. After the Toa Metru were branded impostors and three imprisoned, the remaining Toa - Vakama, Nokama and Matau - traveled to Ko-Metru via a Chute, but they were forced to get off as the Dark Hunters Nidhiki and Krekka had the Chute Station Attendant reverse the flow of the Chute System. While in Ko-Metru, Vakama combined the Great Disks into the Disk of Time, and also saw Toa Lhikan's Spirit Star heading toward Po-Metru and decided to follow it. 
			</Text>
		</Row>
		<Row Tag="TXT_KEY_CIVILOPEDIA_LEADERS_TOANUJU_HEADING_1">
			<Text>Matoran Life</Text>
		</Row>
		<Row Tag="TXT_KEY_CIVILOPEDIA_LEADERS_TOANUJU_TEXT_1">
			<Text>
				Nuju worked as a Scholar in the Knowledge Towers of Ko-Metru. He received his training from the Ko-Matoran scholar, Ihu, who became a friend to Nuju. After the completion of his training, Nuju spent his days staring into telescopes, hoping to find glimpses of the future in the stars. He once got a telescopic lens placed on his Kanohi by Vakama. After being given a Toa Stone by Lhikan, Nuju journeyed to the Great Temple in Ga-Metru. There he found five other Matoran who had been given Toa Stones as well. The Matoran each put their stone into the shrine located in the center of the temple. With a burst of light, Nuju and the other Matoran were transformed into Toa Metru.
			</Text>
		</Row>
		<Row Tag="TXT_KEY_CIVILOPEDIA_LEADERS_TOANUJU_HEADING_2">
			<Text>The Toa Metru of Ice</Text>
		</Row>
		<Row Tag="TXT_KEY_CIVILOPEDIA_LEADERS_TOANUJU_TEXT_2">
			<Text>
				After the shock of their transformation subsided, the Toa Metru embarked on their first quest. Each Toa was ordered by Vakama, who had asserted himself as leader, on a mission to find the Great Disks. The novice Toa knew these were needed by a vision that Vakama had. Nuju has stated that he accepted Vakama as the leader on the provision that he not be expected to follow. In order to defeat the Morbuzakh menace, the Toa needed the Great Disks, whose location was known by six Matoran. The new Toa of Ice was sent to find Ehrye, a messenger who had once worked under Nuju. Nuju first went to Ehrye's home, finding a journal entry where Ehyre expressed anger at Nuju for not promoting him to a Knowledge Tower position. Nuju found a marked Chute Station from Orkahm. There Nuju met Talvi, who said Ehrye talked to a Matoran from another Metru and took a now sabotaged Chute. Nuju repaired it, and went into the Knowledge Towers where Jaa told him that Ehrye had taken a Chute to the higher levels of the tower. Taking a Knowledge Crystal, Nuju plants it to form a new tower, before finding Ehrye in a Protodermis trap. The Ko-Matoran was saved, and Nuju looked at the Knowledge Tower and saw someone tried to shatter it from the bottom.[NEWLINE] [NEWLINE] After discerning Ahkmou a traitor, Nuju and Ehyre paired with Whenua and Tehutti, to find the Onu-Metru Great Disk deep within the Archives. They were trapped by a mutant Ussal in a room in the Archives, but Whenua used his Earthshock Drills to assault the beast's sensitive hearing, and the beast freed the two Toa. Continuing, Nuju found a Tarakava with two heads in a tank and tapped it, which caused the Tarakava to hit the tank. Entering an empty room they realized they were in the Archives Beast, a Rahi masquerading as a room. Nuju created a blizzard, and it spit them out. Whenua then found the Great Disk in a storage closet. Going on the Knowledge Towers to find the Ko-Metru disk, Keerakh began to pursue Nuju, hitting Tehutti with their Staff of Confusion powers, causing him to think he was filing in the Archives. Nuju decided to use the Keerakh to his advantage, as they knew where he was going before he did. Using their precognitive powers, the Keerakh led Nuju right to Ko-Metru's Great Disk, trapped in a massive icicle.	[NEWLINE] [NEWLINE] The two then met up with the other Toa Metru to work out how to destroy the Morbuzakh that was plaguing their city. Realizing that the plant liked heat, the group headed for the Great Furnace. There Nuju tried to kill sapling Morbuzakh with frost, but his attempts were defeated by the extreme heat. Inside the deepest part of the Great Furnace, they found the king root of the Morbuzakh. During the ensuing fight, Vakama realized what they needed to do and told his teammates to stop fighting. As the Morbuzakh pulled them close, the six Great Disks that the Toa Metru were holding created a sphere around the king root and destroyed it. All around the island, Matoran rejoiced as the plants that had threatened them began to turn to dust.[NEWLINE] [NEWLINE] After this struggle, they headed for the Coliseum to claim victory over the extremely large plant. On the way, an Onu-Matoran told Whenua about a crack that was found far beneath the Archives. Already, the sea on the other side was leaking in, and if something was not done soon, the Archives would be flooded. Whenua wanted to go alone and fix it, but the other Toa Metru would not let him do something so dangerous without assistance. So the group embarked to seal a crack in the Archives and encountered a Rahi called Krahka. The Toa are all attacked, but Whenua calms them down and they continued through the Fikou Web to find the leak. Reaching a flimsy bridge, Rahkshi attacked, but all the Toa made it to the other side save Nuju and Onewa. Onewa swung Nuju to the other side, but Nuju was soon captured by a Stasis Field Rahkshi and trapped in one. A Teleportation Kanoka was used to dispel the field around Nuju, and Nuju ran ahead, and found Whenua trapped. As he realized Krahka had impersonated Whenua the whole time, Nuju was trapped again. The Toa saved him and began a fight, and at one point, the Krahka took on the powers of all six Toa at once. However, the combined powers were too much for her and overwhelmed her, before she was able to escape and the Toa located and sealed the leak.
			</Text>
		</Row>
		<Row Tag="TXT_KEY_CIVILOPEDIA_LEADERS_TOANUJU_HEADING_3">
			<Text>The Great Catacylsm</Text>
		</Row>
		<Row Tag="TXT_KEY_CIVILOPEDIA_LEADERS_TOANUJU_TEXT_3">
			<Text>
				Afterwards, the Toa Metru finally journeyed to the Coliseum, where the Matoran had been assembled, expecting to be praised as heroes. However, Turaga Dume accused them of not being true Toa and ordered them captured. Nuju, along with Whenua and Onewa, was sent to the Prison of the Dark Hunters by Rorzakh, but tried to escape. The Rorzakh herded the Toa into a cell, and locked them in. They were in the same cell as a strange Turaga who began training the three Toa Metru. Nuju's task was to take rocks and stack them, thus teaching him that the building of the highest tower begins with a single stone. Through this, Nuju learned his mask power, Telekinesis. This power helped the four to escape and the Komau of Onewa helped them hide in a Troller to bypass Vahki guards.[NEWLINE] [NEWLINE] While finding their way through the corridors of the prison, they were rejoined by the other three Toa who had followed Lhikan's Spirit Star there. At this point, the Turaga revealed himself to be Lhikan. They then learned that Dume was actually sleeping in a pod and that Teridax had been impersonating him. A Vahki Transport was commandeered by the Metru, who fought past Lohrak and Vahki to escape. As they raced to the Coliseum, Lhikan told Nuju about the legend of unending shadow, and as they reached the Coliseum, Teridax revealed himself. Fleeing, they also soon discovered that every Matoran on Metru Nui was placed into a similar pod and stored inside the Coliseum. The Toa Metru managed to acquire six of the pods, and ventured to the Great Barrier to try and escape Metru Nui. On their way, they were interrupted by Teridax. Vakama attempted to defeat the Makuta using the newly created Vahi, but lost control of the powerful Kanohi during the conflict and Lhikan sacrificed himself while saving Vakama from a fatal blast of Shadow. The other Toa soon joined him however, and, combining their Elemental Powers, sealed the Makuta in a prison of Protodermis.
			</Text>
		</Row>
		<Row Tag="TXT_KEY_CIVILOPEDIA_LEADERS_TOANUJU_HEADING_4">
			<Text>Finding a New Home</Text>
		</Row>
		<Row Tag="TXT_KEY_CIVILOPEDIA_LEADERS_TOANUJU_TEXT_4">
			<Text>
				The disheartened Toa continued through the Great Barrier with their ship newly dubbed "The Lhikan". After skirmishing with some Nuurakh and surfacing over some boiling water, Nokama dived under the waterway to check on the spheres. Concerned, Nuju attempted to follow and locate Nokama who had unbeknownst to him, gone scouting ahead. As seaweed suddenly wrapped around and began to drown him, the Lhikan was uncontrollably pulled away by a nearby whirlpool. The four Toa on the boat were able to move the ship safely from the trap and Nokama returned to save Nuju.[NEWLINE] [NEWLINE] Deducing that someone had intentionally placed the previous hazards, the team cautiously journeyed forward as numerous Kralhi attacked and captured them. Meeting Mavrah, a hermit Onu-Matoran who was obsessed with a failed study project of ancient Rahi, he falsely assumed he was wanted by Metru Nui and was to be returned with the Toa for his crimes. Though the Toa Metru tried to explain the situation of Metru Nui's current state, Mavrah denied it as a lie. A battle quickly ensued between the Toa and Mavrah's Kralhi which caused the Rahi to rampage. It resulted in Mavrah accidentally being killed while attempting to stop the Rahi and a Matoran Sphere containing Ahkmou being lost from the bottom of the ship. The Toa quickly escaped with their vessel through the waterway once more, sealing off the tunnel for good. Afterward, the Toa finally reached the surface of Aqua Magna, and discovered an Island they christened Mata Nui.
			</Text>
		</Row>
		<Row Tag="TXT_KEY_CIVILOPEDIA_LEADERS_TOANUJU_LIVED">
			<Text>The Time Before Time</Text>
		</Row>
		<Row Tag="TXT_KEY_CIVILOPEDIA_LEADERS_TOANUJU_NAME">
			<Text>Nuju</Text>
		</Row>
		<Row Tag="TXT_KEY_CIVILOPEDIA_LEADERS_TOANUJU_SUBTITLE">
			<Text>Toa of Ko-Metru</Text>
		</Row>
		<Row Tag="TXT_KEY_CIV5_ONUMETRU_HEADING_1">
			<Text>History</Text>
		</Row>
		<Row Tag="TXT_KEY_CIV5_ONUMETRU_TEXT_1">
			<Text>
				Onu-Metru was the subterranean district of Earth on the island city of Metru Nui and site of its famous Archives. [NEWLINE] [NEWLINE] Onu-Metru is best known as the home of the legendary Archives, although they now stretch under most of Metru Nui. Most Onu-Matoran were Miners or Archivists, and are so used to underground work that they have developed their own form of night vision. [NEWLINE] [NEWLINE] During the Matoran Civil War, Onu-Metru sided with the Ta-Matoran. To stop the conflict, Teridax trapped great amounts of the armies in the Archives, and unleashed the exhibits onto them, in what would be known as the Archives Massacre.
			</Text>
		</Row>
		<Row Tag="TXT_KEY_CIVILOPEDIA_LEADERS_TOAWHENUA_HEADING_1">
			<Text>Matoran Life</Text>
		</Row>
		<Row Tag="TXT_KEY_CIVILOPEDIA_LEADERS_TOAWHENUA_TEXT_1">
			<Text>
			For most of his life, Whenua worked in the Onu-Metru Archives. Not long after his initial recruitment, Whenua got lost while heading four levels down to check on an Ash Bear exhibit, but ended up two levels lower, in a tunnel where one of Mavrah's Kinloka experiments was condemned after the experiment failed. Whenua thought he would remain lost forever, but eventually found his way out.
			[NEWLINE] [NEWLINE]Whenua was part of the Underwater Rahi Study with fellow Archivists Onepu and Mavrah. When one of the Rahi attempted to escape by trying to smash the ceiling, he fell in. Mavrah saved him just in time to prevent him from being eaten.
			[NEWLINE] [NEWLINE]He was in the Archives when Toa Lhikan came and gave him a Toa Stone. He traveled to the Great Temple where met five other Matoran, each with a Toa Stone as well - Vakama, Nokama, Matau, Onewa, and Nuju. They placed the Toa Stones into the Toa Suva and were transformed into the Toa Metru.
			</Text>
		</Row>
		<Row Tag="TXT_KEY_CIVILOPEDIA_LEADERS_TOAWHENUA_HEADING_2">
			<Text>The Great Disks</Text>
		</Row>
		<Row Tag="TXT_KEY_CIVILOPEDIA_LEADERS_TOAWHENUA_TEXT_2">
			<Text>
			Seconds after becoming Toa, Vakama had a vision of Metru Nui being saved by the Great Disks. Many of the other Toa, like Onewa, were doubtful, claiming that the Great Disks were just a legend. Nokama stood up for Vakama and the Toa Metru were sent to find the Matoran who knew the locations of the Great Disks.
			[NEWLINE] [NEWLINE]Whenua was sent to find Tehutti, an Onu-Matoran Archivist, who knew the location of the Onu-Metru Great Disk. First he went to Tehutti's home where he found a note from Vhisola promising to give a Nui-Jaga to Tehutti in exchange for the Great Disk. Reaching the Archives, Damek, the guard, was skeptical Whenua was actual Whenua, but was surprised when Whenua correctly threw the combination locks to enter the building. After passing Archivists struggling with a Gukko, Whenua found a vandalized area of the Archives and a note a note from Tehutti calling Vhisola's order fake. Going deeper, Whenua found a Nui-Jaga from Ahkmou and a note from the Receiving Department saying Vhisola had never contacted them. Going there, Nuparu told Whenua that Tehutti had been chased into the sub-levels. Whenua descended into the Archives, but found that a trap had been set and fell to the sub-levels. He barely escaped being killed by a Rahkshi of Heat Vision. To get rid of the Rahkshi, he freed a Muaka, slipping past the two suddenly preoccupied combatants to rescue Tehutti.
			[NEWLINE] [NEWLINE]After the Toa regrouped at the Great Temple and voiced concerns that Ahkmou was a traitor, Whenua and Nuju returned to the Archives with Tehutti and Ehrye. Nuju managed to enrage a Mutant Ussal and a mutant Tarakava, but Whenua's knowledge of the Archives saved them. When the two accidentally walked into the Archives Beast, Nuju saved them by creating a blizzard. The two eventually managed to find the Great Disk in a storage room, escaping just before the Vahki arrived. The Toa and the Matoran went to Ko-Metru afterwards, where Whenua created a distraction for Nuju to draw the Keerakh away from the Knowledge Tower the Disk was on. Nuju managed to exploit the Keerakh's precognitive abilities to lead him to the Great Disk.
			</Text>
		</Row>
		<Row Tag="TXT_KEY_CIVILOPEDIA_LEADERS_TOAWHENUA_HEADING_3">
			<Text>The Great Cataclysm</Text>
		</Row>
		<Row Tag="TXT_KEY_CIVILOPEDIA_LEADERS_TOAWHENUA_TEXT_3">
			<Text>
			He joined the other Toa back at the Temple, and successfully destroyed the Morbuzakh plants that were ruining Metru Nui after avoiding a seed barrage and getting help from a Matoran Nui. Nuparu then came to him for help, and told Whenua there was a leak that could cause a flood in the Archives. Then when the Toa Metru were investigating, a Rahi called Krahka captured and impersonated Whenua. The other Toa found her out and managed to free Whenua. After they defeated Krahka in a titanic battle where Krahka tried to shift into all the Toa at once, the Toa entered the Coliseum, expecting to be hailed as heroes for their deeds. But Makuta Teridax, under the guise of Turaga Dume, told the assembled Matoran that they were impostors, and commanded the Vahki enforcers to arrest them. The Matoran working the Coliseum floor also activated a suction vortex in the center of the arena leading to the Dark Hunter Prison. Whenua, Nuju, and Onewa were sucked into the prison and captured, although Vakama, Nokama, and Matau escaped the Coliseum and went to find Toa Lhikan to help.
			[NEWLINE] [NEWLINE]While they were being escorted to the Prison of the Dark Hunters, Whenua engineered an escape from the Rorzakh but had been hit with a Staff of Presence and the Rorzakh used Whenua to herd the group into a cell. In the prison, Whenua and the other two Toa met Turaga Lhikan, disguised with decorative headgear. The mysterious Turaga trained the three to use their mask powers with various frustrating tasks, in Whenua's case a test of his ability to find his way around the cell blindfolded. Whenua reluctantly accepted the task for some time, but gave up after crashing into Onewa (who was blindfolded as well) and losing his temper. Onewa calmly ordered him to sit down, and when Whenua refused Onewa was able to activate his mask power and force the Toa of Earth to the ground. Whenua prepared to grab Onewa in retaliation but was stopped by Nuju's own mask power which tore stones from the prison wall to make a barricade between the two Toa. Now understanding what had happened, the three Toa followed Lhikan to the exit which Nuju's mask power had created.
			[NEWLINE] [NEWLINE]After escaping, the four prisoners encountered a Troller. On the brink of being devoured, Onewa used his mask power, commanding the Rahi to transport them in its mouth, and it carried them across the moat of sand which surrounded the prison. The three Toa and the Turaga emerged, finding a pitch-black tunnel ahead, but Whenua led the way, acknowledging that this path was a preferable alternative to the place they had just escaped, and with this insight his mask power activated, flooding the tunnel with light. Marching forward they encountered a Vahki, but startled by Whenua's brilliantly-lit mask the enforcer revealed itself to be Matau, and two groups rejoined. At Nokama's inquiry the Turaga finally revealed his identity and revealed the duty of the Toa Metru to protect the true heart of Metru Nui, the Matoran. Vakama then found Dume trapped in a strange pod and realized Dume was not who he said he was and was going to put all the Matoran in these spheres.
			[NEWLINE] [NEWLINE]Urgently, the Toa proceeded to a subterranean storage facility where they found a long-unused Vahki transport. Moving towards it, however, they were attacked by several Lohrak which had taken refuge in the chamber, and fought a losing battle until Vakama commanded them to use their elemental powers to defend themselves. Whenua and Onewa created a gap into which they forced the creatures, and Nuju sealed the gap closed. Fleeing a squad of Vahki that was attempting to force its way into the chamber, Whenua climbed aboard the front of the vehicle and drilled a new exit with his Toa Tools as Matau piloted the escape vehicle.
			[NEWLINE] [NEWLINE]Quickly they traveled to the Coliseum to stop the Turaga Dume imposter's evil plans. The false Turaga revealed himself to be Makuta Teridax as Vahki transports arrived holding a multitude of Matoran Sphere. Vakama commanded Whenua to find the rest of the captured Matoran, and the Toa of Earth used his mask power to peer through the Coliseum floor to the chamber where the rest of the spheres were kept, and Matau piloted the Toa's transport through the subterranean tunnels to reach the spheres. Six were attached, and Matau threw the Vahki Transport into the Silver Sea, and the Matoran Spheres floated the ship. Eventually the Toa confronted Teridax together, and Turaga Lhikan perished protecting Vakama from a Shadow attack. However, the Toa succeeded in locking Teridax in a cage of solid Protodermis.
			</Text>
		</Row>
		<Row Tag="TXT_KEY_CIVILOPEDIA_LEADERS_TOAWHENUA_HEADING_4">
			<Text>Finding a New Home</Text>
		</Row>
		<Row Tag="TXT_KEY_CIVILOPEDIA_LEADERS_TOAWHENUA_TEXT_4">
			<Text>
			After Teridax's defeat and the death of Lhikan, the six Toa Metru took the Vahki transport and six pods into tunnels through the Great Barrier. Inside, they encountered monstrous sea Rahi, which were the Rahi involved in the Underwater Rahi Study that Whenua was part of. Whenua and the other Toa Metru were soon captured by Kralhi, which had allied themselves with the Matoran Mavrah. Draining the Toa of energy, the automatons brought them to their "leader". Mavrah heard their story, but denied them passage, claiming that they wanted only to capture him and his Rahi. Telling the Kralhi to keep watch over them, Mavrah left. Whenua told his fellow Toa about Mavrah's history while they worked on an escape plan. When he was through, enough time had passed for a plan to be formed, and the energy regained to carry it through. Soon, there was a full-scale conflict going on inside the caves inside the Great Barrier, with Kralhi versus Rahi versus Vahki (which had followed the Toa Metru from Metru Nui) versus Toa. Mavrah attempted to gain control of his Rahi, but to no avail. A large wave swept him out to sea, and it was assumed that he was killed in the conflict.
			[NEWLINE] [NEWLINE]The Toa Metru managed to reach where Mavrah had stored their vessel, named the Lhikan. There they discovered that one of the Matoran pods had been knocked from the transport. This pod would later be revealed to contain Ahkmou, and would be retrieved by Teridax after the Makuta's failure to regain the Vahi. This did make their vessel less buoyant, but not enough that it could not float. The Metru took the Lhikan and escaped from the caves. Soon they emerged off the coast of the island of Mata Nui.
			</Text>
		</Row>
		<Row Tag="TXT_KEY_CIVILOPEDIA_LEADERS_TOAWHENUA_LIVED">
			<Text>The Time Before Time</Text>
		</Row>
		<Row Tag="TXT_KEY_CIVILOPEDIA_LEADERS_TOAWHENUA_NAME">
			<Text>Whenua</Text>
		</Row>
		<Row Tag="TXT_KEY_CIVILOPEDIA_LEADERS_TOAWHENUA_SUBTITLE">
			<Text>Toa of Onu-Metru</Text>
		</Row>
		<Row Tag="TXT_KEY_CIV5_LEMETRU_HEADING_1">
			<Text>History</Text>
		</Row>
		<Row Tag="TXT_KEY_CIV5_LEMETRU_TEXT_1">
			<Text>
			Le-Metru was the district of Metru Nui representing Air. It is the southern tip of Metru Nui and is the home of the island's transportation Chute System and busy Airships.
			[NEWLINE] [NEWLINE]Le-Metru was a widespread area of different Moto-Hubs and Protodermis Chutes, making Le-Metru a type of jungle due to the large amount of Hubs in the area. Chutespeak was commonly spoken by the Le-Matoran of Metru Nui. The district's Vahki were the Vorzakh, and due to their reckless attempts to catch criminals, chases usually ended up with a Chute Repair Team headed to the area the Vorzakh were in pursuit.
			[NEWLINE] [NEWLINE]During the Matoran Civil War that ravaged Metru Nui, Le-Metru's population of Le-Matoran joined with the Po-Matoran and Ko-Matoran.	
			</Text>
		</Row>
		<Row Tag="TXT_KEY_CIVILOPEDIA_LEADERS_TOAMATAU_HEADING_1">
			<Text>Matoran Life</Text>
		</Row>
		<Row Tag="TXT_KEY_CIVILOPEDIA_LEADERS_TOAMATAU_TEXT_1">
			<Text>
			As a Matoran, Matau was known to test numerous transportation device prototypes at the Test Track. Very few of them worked, however. Orkahm always said that Matau was too reckless in his jobs and could have taken them more seriously. Matau also made several ill-fated attempts to ride the Gukko bird, testament to the birds' infamy as impossible to be trained. One day, as he tested a prototype Moto-Sled, it broke and Toa Lhikan stopped his fall, then handed him a green stone. Matau took the stone to the Great Temple, where he met five other Matoran, one from each of the other districts. The Matoran placed their stones in the Suva at the center of the temple, and were immediately covered in beams of light. When the light subsided, they were no longer Matoran — they were Toa.
			</Text>
		</Row>
		<Row Tag="TXT_KEY_CIVILOPEDIA_LEADERS_TOAMATAU_HEADING_2">
			<Text>The Greatquick Disks</Text>
		</Row>
		<Row Tag="TXT_KEY_CIVILOPEDIA_LEADERS_TOAMATAU_TEXT_2">
			<Text>
			Once Matau became a Toa Metru, he became more concerned about the fame and glamor of being a hero, rather than the work. Once Vakama had the vision of the six Great Disks, Matau was immediately ordered by Vakama to go find the Le-Matoran Orkahm. At his house, Matau saw a Chute Station marked, and a Ko-Metru Chute pass. Tuuli then told Matau that Orkahm's Ussal cart was near the station, and Matau got in a chute but was bounced around out of control. He escaped and finds Orkahm's logbook and follows clues within to Sector Three where he found Orkahm. Meeting with the others at the Great Temple, the Metru deduced that Ahkmou was a traitor.
			[NEWLINE] [NEWLINE]Matau managed to get the Matoran out and escaped before the Morbuzakh reached them. Vakama then had the Toa and Matoran split into pairs to find the Great Disks. His partner on those missions was Nokama. In Ga-Metru they were nearly trapped in flow from Protodermis Canals, but escaped. Matau helped Nokama find the Great Disk of Ga-Metru under the Great Temple by providing a distraction from the Vahki that were chasing them. Later he alone rescued the Great Disk from a Force Sphere in the Notch, nearly killing himself in the process. The six later reunited with all disks found and entered Ta-Metru to find the Morbuzakh. After nearly being killed by Morbuzakh seedlings and gaining entrance to the Great Furnace with the help of a Matoran Nui, Matau faced off against the king root with the other Toa, killing it with their Great Disks.
			[NEWLINE] [NEWLINE]After defeating the monstrous plant, Matau and the other Toa where told to stop a protodermis leak in the Archives, informed by Nuparu. Then and there, he and the other Toa had to fight numerous Rahkshi and an intelligent Shapeshifting Rahi known as Krahka. Krahka took the form of Onewa when it attacked Matau, blowing him through a wall using Vakama's fire powers. After Whenua calms them down, the group continues until they cross a narrow chasm and are attacked by a Density Control Rahkshi. Matau outwitted the Rahkshi and saved Vakama in the battle. Realizing the Krahka is a shapeshifter that was posing as Whenua, Matau hid to start a trap for the Krahka. After Nuju returned from a mission, the Toa Metru used Matau to expose that Nuju is the Krahka, and Matau pinned the Krahka to the ground. Saving Nuju and Whenua, the Toa fought Krahka and let the Rahi expend her energy.
			</Text>
		</Row>
		<Row Tag="TXT_KEY_CIVILOPEDIA_LEADERS_TOAMATAU_HEADING_3">
			<Text>The Great Cataclysm</Text>
		</Row>
		<Row Tag="TXT_KEY_CIVILOPEDIA_LEADERS_TOAMATAU_TEXT_3">
			<Text>
			Matau and the other Toa were ready to be hailed as Toa by Turaga Dume and the Matoran as they then reached the Turaga. Instead, they were branded as impostors. Unbeknownst to the Toa, there really was an impostor — Dume himself. Makuta Teridax, under the guise of Dume, planned to place the Matoran into hibernation and then wake them up to serve him and him alone Nuju, Onewa, and Whenua were all trapped under the Coliseum while Vakama, Nokama, and Matau escaped to safety. Taking a Chute, they arrived in Ga-Metru where Bordakh pinned the group on a rooftop, a Staff of Loyalty hitting Nokama. Nokama pushed Vakama off the edge and Matau fought her, but she fell off. As Vakama saved her, Matau took a Chute to flee but Vorzakh broke it, causing Matau to have to stop in the middle of the Chute. The group hid on an Airship, but were attacked by Nuurakh who they easily defeated. Then the Dark Hunters Nidhiki and Krekka attacked the group, Matau saving Vakama's life after Krekka froze him, followed by Nidhiki and Krekka being defeated. Finally the group jumped off in Ta-Metru where a Tahtorak was faced, but defeated by letting it fall deep under Metru Nui.
			[NEWLINE] [NEWLINE]Taking another Chute to Ko-Metru, the Chute flow was reversed, and the three Toa barely escaped in time. Vakama then found Lhikan's Spirit Star, and the Toa followed it in a Vahki Transport to an Assembler's Village where Nidhiki and Krekka attacked again. However Kikanalo herds created a quake, and Nokama communicated with them using her Rau, and the Metru escaped. The Kikanalo brought them to the Canyon of Unending Whispers and as the Zadakh guarding were dealt with by the others, Matau used his Mahiki to fool Nidhiki and Krekka. The Toa then entered the Prison of the Dark Hunters, Matau the first to reunite with now Turaga Lhikan and the other Metru. Fighting Lohrak, they escaped on a Vahki Transport, having found the real Dume and knowing that there was an impostor.
			[NEWLINE] [NEWLINE]Reaching the Coliseum, Dume revealed himself to be Teridax and drew power as the Great Cataclysm happened. Rescuing six Matoran, Matau piloted the Vahki Transport on the Silver Sea until Teridax began to fight. After a long battle at the Great Barrier between Teridax and Vakama, the six Toa Metru trapped the Master of Shadows in a Protodermis prison. During the battle, Turaga Lhikan sacrificed himself to save Vakama and the Vahi, Mask of Time. The Toa then used the only six Matoran Spheres and used them to travel through the Great Barrier. They then began a search for a safe new home that the left behind Matoran could eventually be taken to.
			</Text>
		</Row>
		<Row Tag="TXT_KEY_CIVILOPEDIA_LEADERS_TOAMATAU_HEADING_4">
			<Text>Finding a Happyjoy Home</Text>
		</Row>
		<Row Tag="TXT_KEY_CIVILOPEDIA_LEADERS_TOAMATAU_TEXT_4">
			<Text>
			Matau piloted the newly named vessel dubbed "the Lhikan" through the Great Barrier with his team overcoming a squad of wandering Nuurakh and boiling waters. After Nokama dove under the water to check the condition of the six Matoran Spheres after the events, and Nuju soon followed out of concern to her long absence. Meanwhile the ship was pulled away from the two Toa and began to be sucked towards a whirlpool which the four remaining Toa were barely able to avoid. After regrouping with their two missing companions they ventured forward, suspicious someone had purposely planted those hazards.
			[NEWLINE] [NEWLINE]The group was then struck by numerous Kralhi and captured with their ship. The Toa Metru then came upon Mavrah, the Onu-Matoran responsible for troubles. Whenua then explained that Mavrah had disappeared years ago during a secret study of ancient Rahi and that the creatures had vanished when he had. The Toa attempted to explain Metru Nui's current condition to the Matoran, but he believed it as a lie and assumed they were here to take him back to Dume and answer for his crimes. A battle ensued between the Toa and Kralhi, one that caused the prehistoric Rahi to go on a rampage. They were able to escape with their ship in the resulting skirmish, but Mavrah was accidentally killed after attempting to calm his Rahi and one Matoran Sphere, contain the Po-Matoran Ahkmou, was lost at sea. The entrance to the tunnel was later sealed.
			[NEWLINE] [NEWLINE]The Toa Metru managed to reach the surface of Aqua Magna, to an island which they christened Mata Nui.
			</Text>
		</Row>
		<Row Tag="TXT_KEY_CIVILOPEDIA_LEADERS_TOAMATAU_LIVED">
			<Text>The Time Before Time</Text>
		</Row>
		<Row Tag="TXT_KEY_CIVILOPEDIA_LEADERS_TOAMATAU_NAME">
			<Text>Matau</Text>
		</Row>
		<Row Tag="TXT_KEY_CIVILOPEDIA_LEADERS_TOAMATAU_SUBTITLE">
			<Text>Toa of Le-Metru</Text>
		</Row>
		<Row Tag="TXT_KEY_CIV5_POMETRU_HEADING_1">
			<Text>History</Text>
		</Row>
		<Row Tag="TXT_KEY_CIV5_POMETRU_TEXT_1">
			<Text>
			Po-Metru was the district of Metru Nui representing Stone. It is near the northern tip of Metru Nui and is where the island's Carvers and builders resided.
			[NEWLINE] [NEWLINE]A trade and border conflict between the Po-Matoran and Ta-Matoran led to the Matoran Civil War. The Matoran of Po-Metru sank some transport barges from Ta-Metru, and in return got one of their warehouses melted by Protodermis. The Le- and Ko-Matoran allied with Po-Metru. The war ended when large armies were trapped in the Archives by Teridax and the exhibits were freed on them, in what later would be called the Archives Massacre and got the war leaders sent to The Pit.
			[NEWLINE] [NEWLINE]During the Toa/Dark Hunter War, Nidhiki led the Toa army to Po-Metru, telling them it was the Dark Hunters' base, as per his plan to betray the city. However, Lhikan had previously gathered Toa reinforcements Nidhiki did not know about, and the betrayal failed, also ending the war.
			</Text>
		</Row>
		<Row Tag="TXT_KEY_CIVILOPEDIA_LEADERS_TOAONEWA_HEADING_1">
			<Text>Matoran Life</Text>
		</Row>
		<Row Tag="TXT_KEY_CIVILOPEDIA_LEADERS_TOAONEWA_TEXT_1">
			<Text>
			Onewa was a Po-Matoran Carver on Metru Nui. He was considered to be the best at the profession, and he often beat fellow Carver Ahkmou in competitions, earning him his colleague’s jealousy. At some point in his career, Onewa was selected to be a part of the secret Po-Matoran construction team that built the Kranua, an elite model of Vahki; Onewa only worked on a single unit, and he noted that the machines were slow.
			[NEWLINE] [NEWLINE]Onewa was the second of the future Toa Metru to receive a Toa Stone along with a map to the Great Temple from Toa Mangai Lhikan; the Po-Matoran was working in an Assembler's Village at the time, but he made his way to the Great Temple per the summons. While conversing with five other Matoran, each of whom had their own Toa Stone, Onewa responded sharply to a comment made by the Ko-Matoran Seer Nuju, sparking an argument with the Ga-Matoran Teacher Nokama; the argument was swiftly and abruptly ended when the Suva at the center of the Great Temple rose out of the floor in front of the Matoran. Along with the others, Onewa placed his Toa Stone into the Suva and was subsequently transformed into a Toa.
			</Text>
		</Row>
		<Row Tag="TXT_KEY_CIVILOPEDIA_LEADERS_TOAONEWA_HEADING_2">
			<Text>Making of a True Toa</Text>
		</Row>
		<Row Tag="TXT_KEY_CIVILOPEDIA_LEADERS_TOAONEWA_TEXT_2">
			<Text>
			As they recovered from shock of becoming Toa, Vakama had a vision and told everyone that they needed to find the Great Disks to defeat the Morbuzakh, a plant that had been plaguing Metru Nui. He also said that six Matoran had already discovered their location. Onewa was skeptical, as the information came from Vakama's visions which he believed were caused by mental damage suffered from working too long in the forge. He nevertheless went out to find the Po-Matoran Ahkmou and at Ahkmou's home found names of the other Matoran the Toa were searching for, a map with the Great Furnace marked, and a note telling Ahkmou to be at his workplace. When he reached his workplace, Ahkmou's co-worker Hafu told him Ahkmou had been acting really strange lately and had gone to the Protodermis Warehouses. There Onewa found an area of the Sculpture Fields marked, and Ahkmou trapped on the top of a sculpture. As he's talking to Ahkmou, Onewa noticed a Chute Station number, number 445 carved into the stone. When he looked back Ahkmou had fled down the sculpture, and Onewa tracked the Po-Matoran into the station and found him. Ahkmou admitted to knowing where the Great Disk was, and a station attendant named Kivi said two beings are after Ahkmou. The Po-Matoran then stuck with Onewa.
			[NEWLINE] [NEWLINE]Meeting at the Great Temple, the Toa discussed their findings and realized Ahkmou was betraying the other Matoran, but decided to act unawares. Onewa and Vakama then teamed up to find the disks in their Metru, bring Ahkmou and Nuhrii with them. Nidhiki then trapped the Toa in a chute heading for a furnace once they reached Ta-Metru, but Vakama absorbed the heat. Getting the Matoran, they continued, reaching the Fire Pits. Vakama and Nuhrii descended using handholds while Onewa distracted Vahki guarding it. Although they were attacked by Morbuzakh, they managed to escape using Vakama's Disk Launcher to temporarily morph the plant. In Po-Metru, the two encountered a rouge Tunneler that tried to attack, but Vakama changed it to glass as it shifted to sand, and the best could not support it's weight. Onewa retrieved the Great Disk from the center of a statue, and met again where Vhisola revealed the Morbuzakh's King Root must be destroyed, and Nokama realized it was in the Great Furnace. In a building the Toa were trapped by seeds but escaped, and Onewa confronted Ahkmou. As they entered the building, a Matoran Nui aided the Toa and they entered With the other Toa, they eventually defeated the Morbuzakh using the Great Disks by tricking it into drawing then close.
			[NEWLINE] [NEWLINE]The Toa began heading to the Coliseum to show the Great Disks when Nuparu approached them, informing them of a leak in the Archives. The Toa went down into the Archives and ended up fighting the Shapeshifting Rahi, Krahka. Krahka took the form of Vakama and attacked Onewa, causing him to attack Vakama when the Toa met. Whenua calmed them, and they continued to find the leak. They come to a chasm with a rope bridge but are attacked by Rahkshi, stranding Nuju with Onewa on the other side. Onewa swung Nuju across the chasm, and the Toa continued. Krahka then captured Onewa until Nokama found him again. After Whenua was found captured from the start, Nuju was captured too and the Toa formed a trap and exposed Krahka. She materialized herself as a combination of all the Toa and fought them, until Vakama caused her powers to drain. Krahka escaped, and the Toa fixed the leak and returned to the surface, intent on showing the Matoran they were true Toa.
			</Text>
		</Row>
		<Row Tag="TXT_KEY_CIVILOPEDIA_LEADERS_TOAONEWA_HEADING_3">
			<Text>The Great Cataclysm</Text>
		</Row>
		<Row Tag="TXT_KEY_CIVILOPEDIA_LEADERS_TOAONEWA_TEXT_3">
			<Text>
			However, upon presenting the Great Disks to Turaga Dume as proof of their worthiness, Dume pronounced them impostors and called for their arrest. Onewa, Nuju, and Whenua were captured. When they were being escorted to the prison, they tried to escape but failed due to the Rorzakh's Staff of Presence, and were locked in the Prison of the Dark Hunters. A mysterious Turaga, also trapped inside, helped them learn to activate their mask powers. After this, The Toa escaped, thanks to Nuju's mask power. Once out of the prison, they walked through the tunnels guided by Whenua's light and found a Troller that attacked them. Onewa used his Komau and had it take them around in it's mouth before releasing them, where they met the other three Toa. The Turaga revealed himself to be Lhikan, and they found Dume in a Matoran Sphere. Realizing the Dume they saw was an impostor, they fought through Lohrak and stole a Vahki Transport and ran for the Coliseum. Teridax revealed himself to be the false Dume and the Great Cataclysm occurred, plunging the city into ruin and darkness. In their fleeing from the Coliseum with six Matoran Spheres, Onewa saved his team by making Krekka attack Nidhiki. During the Battle at the Great Barrier, Onewa used his tools to destroy a Protodermis pole which was going to collide with the transport. Onewa eventually joined stone with the other Toa's Elements to seal Makuta Teridax, behind solid Protodermis.
			</Text>
		</Row>
		<Row Tag="TXT_KEY_CIVILOPEDIA_LEADERS_TOAONEWA_HEADING_4">
			<Text>A New Home</Text>
		</Row>
		<Row Tag="TXT_KEY_CIVILOPEDIA_LEADERS_TOAONEWA_TEXT_4">
			<Text>
			The Toa Metru then left Metru Nui for Mata Nui via a series of rivers aboard their Vahki Transport-Boat, The Lhikan. En route, they encountered ancient sea Rahi and Kralhi led by a Onu-Matoran named Mavrah, who believed that they were sent by Turaga Dume to retrieve him for his previous crime. A battle began, of which Onewa spoke harshly to the Matoran to force him to comprehend how his actions were harming others. While attempting to stop the battle in response, Mavrah was swept into the boiling river and only the actions of Onewa prevented Whenua from diving in after him.
			</Text>
		</Row>
		<Row Tag="TXT_KEY_CIVILOPEDIA_LEADERS_TOAONEWA_LIVED">
			<Text>The Time Before Time</Text>
		</Row>
		<Row Tag="TXT_KEY_CIVILOPEDIA_LEADERS_TOAONEWA_NAME">
			<Text>Onewa</Text>
		</Row>
		<Row Tag="TXT_KEY_CIVILOPEDIA_LEADERS_TOAONEWA_SUBTITLE">
			<Text>Toa of Po-Metru</Text>
		</Row>
		<Row Tag="TXT_KEY_CIV5_TAMETRU_HEADING_1">
			<Text>History</Text>
		</Row>
		<Row Tag="TXT_KEY_CIV5_TAMETRU_TEXT_1">
			<Text>
			Ta-Metru was the district of Fire on Metru Nui. One of the most industrial Metru, it was home to island's crafters who produced Kanoka, Kanohi, and various other necessities. Upon Metru Nui's creation, Ta-Metru was soon brought about, one of the first districts to be constructed.
			[NEWLINE] [NEWLINE]Ta-Metru's main industry quickly became forging and smelting, and, thus, most of the tools in the city were made from Ta-Metru. Of its main exports, Ta-Metru is famous for the Kanohi they smelt, worn by all the Matoran citizens of Ta-Metru. To create Kanohi, mask forgers took a combination of Kanoka Disks and melted them together. This gave them each a unique mask power, although few Toa wore these masks. As Ta-Metru primarily worked with molten Protodermis, large vats of it were transported throughout the Metru via cable cords.
			[NEWLINE] [NEWLINE]Due to a dispute between Ta-Metru and Po-Metru, the Matoran Civil War began. Out of anger, Ta-Matoran melted a warehouse with molten Protodermis; in retaliation, the Po-Matoran then sank their transport barges, sparking the war. Ga-Metru and Onu-Metru became allies of the Ta-Matoran. During this time, the health of the Great Spirit was heavily diminished, and, in the end, Brotherhood of Makuta members were forced to intervene to end the war.
			</Text>
		</Row>
		<Row Tag="TXT_KEY_CIVILOPEDIA_LEADERS_TOAVAKAMA_HEADING_1">
			<Text>The Mask Maker</Text>
		</Row>
		<Row Tag="TXT_KEY_CIVILOPEDIA_LEADERS_TOAVAKAMA_TEXT_1">
			<Text>
			Vakama was once an apprentice smelter of Kanohi masks trained by Nuhrii. However, Vakama soon surpassed his mentor in skill and attained his own forge; several Fire Drones assisted him there. As a result, Nuhrii became jealous of Vakama's accomplishments.
			[NEWLINE] [NEWLINE]Shortly before the Great Cataclysm, Vakama was given a surprise assignment by Turaga Dume, who was actually Makuta Teridax in disguise. The false Dume asked him to forge the Kanohi Vahi, the Legendary Mask of Time.
			[NEWLINE] [NEWLINE]Vakama was still in the process of finding the correct disks for the project when Lhikan, the sole Toa of Metru Nui, entered his forge and gifted him a Toa Stone. The Dark Hunters Nidhiki and Krekka arrived and a battle ensued, during which Nidhiki captured Vakama and held him above a pit of molten Protodermis. Although Lhikan surrendered to protect the Matoran, Nidhiki attempted to throw the Vakama into the pit regardless; Lhikan managed to save Vakama by kicking his Lavaboard beneath the Matoran, sending him flying from the battle. After Lhikan's capture, Vakama blamed himself for the incident.
			[NEWLINE] [NEWLINE]The mask maker later inspected the Toa Stone given to him before Dume returned to the forge unannounced. After a brief conversation, Dume departed, and Vakama took the Toa Stone to the Great Temple, where he met five other Matoran: Nokama from Ga-Metru, Matau from Le-Metru, Nuju from Ko-Metru, Onewa from Po-Metru and Whenua from Onu-Metru.
			[NEWLINE] [NEWLINE]Introducing themselves to each other, the Matoran placed their Toa Stones into the Toa Suva, causing it to release six individual beams of energy. The power dispersed into the Matoran, transforming them into Toa.
			</Text>
		</Row>
		<Row Tag="TXT_KEY_CIVILOPEDIA_LEADERS_TOAVAKAMA_HEADING_2">
			<Text>Search for the Great Disks</Text>
		</Row>
		<Row Tag="TXT_KEY_CIVILOPEDIA_LEADERS_TOAVAKAMA_TEXT_2">
			<Text>
			Vakama chose his Toa Tool from a storage compartment in the Suva, as did his companions. The Toa of Fire obtained an upgraded Disk Launcher, a weapon that reminded him of his Matoran life, which he had been comfortable with. This choice was ridiculed by Matau, who saw it as an oversized Matoran tool.
			[NEWLINE] [NEWLINE]While the Toa admired their new forms, Vakama received a vision of Metru Nui being destroyed by the Morbuzakh, a vicious, destructive plant that had appeared recently in the city. He then saw the city restored as six Great Disks flew over him and killed the Morbuzakh. He learned the names of the Matoran who knew where the disks were located: Vhisola, Tehutti, Ahkmou, Orkahm, Ehrye, and his old mentor Nuhrii.
			[NEWLINE] [NEWLINE]Though some of the Toa doubted the vision, Nokama insisted the premonition could be true and that by obtaining the disks the Toa could stop the Morbuzakh, proving that they were worthy Toa. The six Toa Metru split up in search of the Matoran.
			[NEWLINE] [NEWLINE]Vakama traveled to Ta-Metru, where he encountered Morbuzakh vines attempting to knock over a vat of molten Protodermis. Vakama managed to stop the vines with a pair of freeze Kanoka, noting that the Morbuzakh was weak against the cold.
			[NEWLINE] [NEWLINE]Vakama learned from the vat control room attendant, Kapura, that a four-legged creature had sabotaged the controls, allowing the Morbuzakh to grab the Protodermis vats. When Vakama asked about Nuhrii, Kapura told him that the Matoran had been looking for a Kanohi he had crafted that he had previously believed to be flawed and discarded. Following Nuhrii's trail to the Protodermis Reclamation Yard, Vakama located the mask Nuhrii had been looking for but saw that it was damaged beyond repair.
			[NEWLINE] [NEWLINE]Kalama, a worker at the yard, showed him a tablet Nuhrii had dropped after seeing the broken mask. The tablet had an offer written upon it to reveal the secret of making a Kanohi from a Great Disk, should the bearer of the tablet came to an abandoned Mask Maker's house. Struck by another vision of Nuhrii in danger, Vakama rushed toward the house, which was located in a region known to be inhabited by Morbuzakh. There, he found Nuhrii buried underneath a pile of rubble and carefully dug him out before bringing him to the Great Temple. Vakama reunited with the other Toa Metru, all of whom were convinced that one of the Matoran had betrayed the other five and assisted in leading them into their traps. The Toa correctly deduced that the traitor was the Po-Matoran Ahkmou.
			[NEWLINE] [NEWLINE]Separating into three groups, Vakama and Nuhrii journeyed with Onewa and Ahkmou to the Fire Pits. While taking a shortcut through the Reclamation Center, Vakama and Onewa were ambushed by Nidhiki and fell on a chute leading into one of the furnaces. Vakama managed to absorb the massive amount of heat from the furnace, saving both Toa from burning. Once in the Fire Pits, Nuhrii and Vakama were attacked by Morbuzakh tendrils. The two managed to find the Ta-Metru Great Disk and escape by reconstituting the tendrils with a Kanoka disk.
			[NEWLINE] [NEWLINE]When trying to retrieve the Po-Metru Great Disk from the Sculpture Fields, the four beings encountered a mad Tunneler. Vakama made the mistake of channeling fire at the Rahi, causing it to absorb the elemental energy and adapt, engulfing itself in flame. It was only after Onewa sent sand at the creature did it turn into glass, thus immobilizing itself. They found the Po-Metru Great Disk wedged into a precariously balanced sculpture and returned once more to the Great Temple.
			[NEWLINE] [NEWLINE]Having acquired all six Great Disks and having elected Vakama as their leader, the twelve Toa and Matoran journeyed to Ta-Metru hoping to destroy the Morbuzakh's king root, which they suspected to be in the Great Furnace. The beings were forced to hide in an abandoned forge after nearly being discovered by a squad of Nuurakh, and they were then struck by thousands of Morbuzakh seeds from which vines burst to strangle the group. They escaped and entered the Great Furnace, where they were met with an attack from more Morbuzakh vines. Trapped, the six Matoran combined into a Matoran Nui and freed the Toa, who continued alone. Approaching the center of the furnace, they met the king root, and a furious battle ensued.
			[NEWLINE] [NEWLINE]Though the group initially struggled to cope with the overwhelming power of the Morbuzakh and the oppressive heat of the furnace, the battle turned when the Toa Metru feigned defeat and taunted the king root, causing it to grab them and bring them close enough to unleash the powers of the Great Disks. The Morbuzakh was destroyed by the energies unleashed upon it, and the Toa Metru were relieved to have won their first major confrontation.
			
			</Text>
		</Row>
		<Row Tag="TXT_KEY_CIVILOPEDIA_LEADERS_TOAVAKAMA_HEADING_3">
			<Text>The Great Cataclysm</Text>
		</Row>
		<Row Tag="TXT_KEY_CIVILOPEDIA_LEADERS_TOAVAKAMA_TEXT_3">
			<Text>
			Upon being presented with the Great Disks, Dume turned the gifts down and proclaimed the Toa Metru to be false Toa. Vakama was handed the disks by his disappointed teammates, and the Turaga then announced a test of the Toa Metru using the obstacles set around the stadium. After they failed the challenge, Dume denounced them as impostors to the Matoran and ordered them to be arrested by the Vahki. Onewa, Whenua, and Nuju were captured by the Coliseum security system, but Vakama managed to save himself, Nokama, and Matau by firing multiple Kanoka at a massive statue of Lhikan, causing it to collapse and provide a diversion. The three Toa were branded fugitives as they escaped through the Chute systems hoping to find Lhikan and to clear their names.
			[NEWLINE] [NEWLINE]The three Toa stowed away on an Airship, where they encountered the Dark Hunters Nidhiki and Krekka, though they managed to escape. While traveling through Metru Nui, Vakama was struck with a vision in which a spectral Lhikan and Dume warned him of coming turmoil. Awakening from his dream, Vakama joined in a battle against a rampaging Tahtorak they had released earlier. The Toa managed to defeat it by causing it to fall through the ground several floors below.
			[NEWLINE] [NEWLINE]Seeing Lhikan's Spirit Star traveling toward Po-Metru, the three decided to head there in hopes of finding the Toa of Fire, boarding a Vahki Transport for fast travel. Vakama saw another vision in which all the Matoran of Metru Nui were trapped in Matoran Spheres, and he found identical ones in the transport, but they were empty. While experimenting with the Great Disks, Vakama later succeeded in combining three of them, finding comfort in the task of his old life.
			[NEWLINE] [NEWLINE]In Po-Metru, the Toa were again confronted by the Dark Hunters, but their battle was interrupted by a herd of stampeding Kikanalo, which caused the Hunters to flee. Nokama was able to convince the chief of the herd to help them using her Mask of Translation, which she had recently learned how to activate. Riding on the Rahi, they traveled through the Canyon of Unending Whispers and discovered a prison guarded by a large group of Vahki. With the newly-discovered powers of Matau's Mask of Illusion, the Toa were able to destroy the Vahki, outwit the Dark Hunters, and enter the prison. There, the three were reunited with Onewa, Nuju, and Whenua, and they met a Turaga who revealed himself to be Lhikan. Lhikan asked about the heart of Metru Nui, which the Toa had been entrusted with, though Vakama had erroneously believed the heart to be Lhikan himself; Lhikan revealed the true heart of the city was the Matoran, who were being rounded up in the Coliseum and placed into the stasis-inducing Matoran Spheres.
			[NEWLINE] [NEWLINE]Underground in Onu-Metru, the Toa and Turaga discovered the true Turaga Dume in a Matoran Sphere and realized the Turaga currently ruling the city was an impostor. The group commandeered a Vahki transport to escape, encountering and defeating a swarm of Lohrak during their travels.
			[NEWLINE] [NEWLINE]At the Coliseum, Teridax revealed himself to the Toa, enacting his master plan and inciting the Great Cataclysm. Vakama and his team, acting on another one of his visions, rescued six Matoran in pods, and the Toa then decided to journey past the Great Barrier to find a refuge for the rest of the Matoran. However, Teridax pursued them after absorbing his Rahi Nivawk, the Dark Hunters Nidhiki and Krekka, and the power supply of Metru Nui, increasing his size and his power. During the journey, Vakama took the final Great Disks and continued crafting the Kanohi Vahi.
			[NEWLINE] [NEWLINE]As the Toa reached the Great Barrier, Teridax confronted them, and Vakama was forced to fight the Makuta for control of the Vahi. Vakama attempted to use the Legendary Kanohi against Teridax, but his inability to control it properly caused time to slow down around both of them. Turaga Lhikan sacrificed himself, jumping in front of a Shadow Hand created by Teridax and taking the impact instead of Vakama; the resulting blast knocked the mask off of Vakama and into the Silver Sea. Lhikan expressed his pride in Vakama before dying and in doing so finally gave Vakama the confidence necessary to activate his Mask of Concealment. Running around with his Kanohi activated, Vakama was able to trick Teridax into grabbing the Great Barrier with a Shadow Hand and retracting it, debilitating the Makuta when he impacted the rock. Vakama then joined with the other five Toa to imprison Teridax in a Toa Seal. After finally seeing their own Spirit Stars above them in the sky, the Toa left Metru Nui through the Great Barrier, seeking a new home for the Matoran.
			[NEWLINE] [NEWLINE]On the way, they discovered the Onu-Matoran and former Archivist Mavrah, who had hidden himself beyond the Great Barrier with a large group of ancient ocean Rahi and several Kralhi. Mavrah prevented them from passing and captured them, believing the Toa were sent to arrest him for stealing the Rahi years ago. After failing to reason with the Onu-Matoran, Vakama and the rest of the Toa Metru managed to escape while Mavrah perished in the ensuing struggle.
			[NEWLINE] [NEWLINE]The Toa eventually found an island above Metru Nui, which they later named Mata Nui after the Great Spirit. While on Mata Nui, Vakama received another vision foreshadowing the eventual loss of his powers. Acting on this vision, he convinced the rest of the Toa to put a small amount of their Toa Power into new Toa Stones to ensure that the Matoran would not go unprotected if they failed their mission.
			</Text>
		</Row>
		<Row Tag="TXT_KEY_CIVILOPEDIA_LEADERS_TOAVAKAMA_HEADING_4">
			<Text>Maze of Shadows and Retrival of the Vahi</Text>
		</Row>
		<Row Tag="TXT_KEY_CIVILOPEDIA_LEADERS_TOAVAKAMA_TEXT_4">
			<Text>
			While investigating the Po-Wahi region of Mata Nui, Onewa came upon a tunnel into the ground. Believing it would lead back to Metru Nui, the six Toa chose to travel through it. Vakama led his group past various Rahi that were hostile or sick and located both a pool Energized Protodermis and a Bohrok Nest. At the sight of these nests, Vakama experienced another vision in which the Bohrok attacked Mata Nui. Later they battled the Rahi Nui, which easily outmatched them and fatally wounded Nokama. However, it was ultimately defeated by Vakama and Nuju, who unleashed their elemental powers on the creature for it to absorb. The energy was too much for it, and the Rahi Nui grew in size until its molecules dispersed.
			[NEWLINE] [NEWLINE]Seeking help for Nokama, the Toa Metru were ambushed by the plant being Karzahni. Learning of his past with Makuta, the Toa agreed to help him acquire Energized Protodermis in exchange for healing Nokama. With Karzahni having given Nokama a temporary cure, the six Toa located a vial to contain the Energized Protodermis. As they took the vial, a "Kratana" attached itself to Onewa, who was given a horrible vision of the Visorak. Vakama removed the creature for Onewa’s sake, and the Toa of Stone then apologized to the Toa of Fire for not believing his visions and pitied the strain he received from them. Continuing on, they made their way into a large chamber where they met the Energized Protodermis Entity. After demonstrating its destructive powers on Rahi and refusing to let them take a portion of the Protodermis, the entity attacked the angered Toa. They learned how to defeat the entity by causing the chamber to fall down upon it before filling the vial.
			[NEWLINE] [NEWLINE]The Toa then returned to Karzahni, and the plant gave Nokama a full cure before using the Energized Protodermis on itself. It was not destined to use it, however, and was destroyed by the substance much to the team’s unease.
			[NEWLINE] [NEWLINE]As his team ventured across the Silver Sea, Vakama, knowing that the Vahi was still submerged in the ocean, explained to the other Toa Metru that he was going to retrieve it. The Toa, finally having formed a bond of friendship with each other, were uncomfortable with leaving Vakama, but allowed him to venture alone to find mask, planning to meet them on Mata Nui.
			[NEWLINE] [NEWLINE]Locating the Vahi underwater at the Great Barrier, Vakama found the mask was cracked and leaking energy. Its power caused everything within its vicinity to age rapidly, and Vakama was forced to repair and seal it at a distance before retrieving the Kanohi. As the Toa began his swim home, he was caught in an erupting waterspout that pushed him onto a cliff of Metru Nui. There the Dark Hunter Voporak arrived and stole the mask as Vakama slipped into unconsciousness and fell back into the sea.
			[NEWLINE] [NEWLINE]Vakama had awoken as a Matoran in Metru Nui, not knowing he was under the mental effects of Makuta Teridax. In the near duplicate world, Vakama's investigations revealed that Nuju, Nokama, Onewa, and Whenua were still Matoran. Matau was dead, killed by the still roaming Morbuzakh, and Nuhrii, Vhisola, Orkahm, Ahkmou, Tehutti, and Ehrye were all Toa. In the illusion, Turaga Lhikan had not been captured by the Dark Hunters, and ruled jointly with Turaga Dume.
			[NEWLINE] [NEWLINE]Assuming that this timeline had been created by the Vahi, Vakama journeyed to Ga-Metru and recruited Nokama to find more information about the mask. Entering the Great Temple together, Vakama gained more information about Voporak's constant mission. Seeking another way out of the world he lived in, Vakama lead Nokama towards a Po-Metru cave that Onewa had told him about. Inside was one of Teridax's many lairs, where the Ta-Matoran found a Kratana dwelling inside. Vakama attached the creature to his mask, giving him a vision of the future Toa Krakua. The Toa of Sonics stressed to Vakama the need to fail his mission if that meant evil could be stopped. He also revealed a new team of Toa would come into being. The vision ended as Turaga Lhikan arrived and pulled the Kratana off of Vakama. In response, realizing it was all a dream, the Toa of Fire grabbed a nearby disk and threw it at Nokama, passing right through her and thus shattering the vision. Vakama found a Boggarak in Nokama’s place, and Lhikan was uncovered as Teridax.
			[NEWLINE] [NEWLINE]Teridax revealed to Vakama that he still desired the Vahi, and then learned from the Toa that it was no longer in his possession, having been stolen by Voporak. This made Teridax angry, but he offered Vakama a truce while they sought to retrieve the Vahi from the Dark Hunter.
			[NEWLINE] [NEWLINE]The two emerged from the lair and found Voporak guarding the cave’s main entrance, but did not see the Vahi. Deducing that the Shadowed One now had possession of the mask, Teridax distracted Voporak by summoning an army of Rahkshi, who were all slaughtered by the being's time-accelerated shield. Vakama was horrified and disgusted at Teridax's willingness to sacrifice the Rahkshi so readily.
			[NEWLINE] [NEWLINE]Their search led them to the Great Temple, where Vakama and Teridax discussed why the Makuta chose his team as Toa. Vakama journeyed inside alone while Makuta stood guard. There, Sentrakh, who had journeyed to Metru Nui alongside the Shadowed One, engaged in combat with Vakama, the former barely emerging as the victor. As Vakama made his way out of the Great Temple, Makuta used the Toa as a bargaining chip with the Shadowed One, who had come to take revenge on Vakama for killing two Dark Hunters, Nidihiki and Krekka. In response, Vakama exclaimed to the leader of the Dark Hunters that the Makuta had been the one to kill them, not the Toa, showing Teridax’s current appearance of the two Dark Hunter forms as proof. Enraged, the Shadowed One fought against Teridax and proclaimed war. Vakama eventually took and escaped with the Vahi by utilizing his disk launcher's jetpack function. The Shadowed One destroyed the launcher with his eyebeams, sending Vakama spiraling out of control.
			[NEWLINE] [NEWLINE]The Toa Metru of Fire was saved by the Karzahni plant, which had re-grown from parts of its former self used to keep the Lhikan II afloat. It hinted to Vakama of the existence of the Order of Mata Nui and that Vakama and the teammates were in fact intended to be Toa; Makuta had been tricked into picking them. Before more could be revealed, Karzahni was struck and killed by Teridax, who had beaten Voporak and the Shadowed One and was once more in pursuit of Vakama and the Vahi.
			[NEWLINE] [NEWLINE]Vakama led Teridax into the Protodermis Reclamation Center, where he threatened to destroy the Vahi and unravel the fabric of time itself rather than have it be controlled by Makuta. He and Teridax then made a deal where it was agreed that Teridax would leave the Matoran in peace for one year on the island of Mata Nui and Vakama would not destroy the Vahi. Teridax teleported Vakama to the Great Barrier in slight amusement, and the Toa of Fire journeyed upward toward Mata Nui, reuniting with the other Toa Metru. After his return to the island of Mata Nui, Vakama and the other five Toa relinquished their Toa Power to revive the Matoran from their slumber.
			</Text>
		</Row>
		<Row Tag="TXT_KEY_CIVILOPEDIA_LEADERS_TOAVAKAMA_LIVED">
			<Text>The Time Before Time</Text>
		</Row>
		<Row Tag="TXT_KEY_CIVILOPEDIA_LEADERS_TOAVAKAMA_NAME">
			<Text>Vakama</Text>
		</Row>
		<Row Tag="TXT_KEY_CIVILOPEDIA_LEADERS_TOAVAKAMA_SUBTITLE">
			<Text>Toa of Ta-Metru</Text>
		</Row>
	</Language_en_US>
</GameData>