<?xml version="1.0" encoding="utf-8"?>
<!-- Created by ModBuddy on 8/9/2016 8:20:56 PM -->
<GameData>
	<Religions>
		<Row>
			<Type>RELIGION_GREAT_SPIRIT</Type>
			<Description>TXT_KEY_RELIGION_GREAT_SPIRIT</Description>
			<Civilopedia>TXT_KEY_RELIGION_GREAT_SPIRIT_PEDIA</Civilopedia>
			<IconAtlas>RELIGION_METRUNUI_ATLAS</IconAtlas>
			<PortraitIndex>0</PortraitIndex>
			<IconString>[ICON_RELIGION_GREAT_SPIRIT]</IconString>
		</Row>
		<Row>
			<Type>RELIGION_HAU</Type>
			<Description>TXT_KEY_RELIGION_HAU</Description>
			<Civilopedia>TXT_KEY_RELIGION_HAU_PEDIA</Civilopedia>
			<IconAtlas>RELIGION_METRUNUI_ATLAS</IconAtlas>
			<PortraitIndex>1</PortraitIndex>
			<IconString>[ICON_RELIGION_HAU]</IconString>
		</Row>
	</Religions>
	<Language_en_US>
		<Row Tag="TXT_KEY_RELIGION_GREAT_SPIRIT">
			<Text>The Monkey and the Snake</Text>
		</Row>
		<Row Tag="TXT_KEY_RELIGION_GREAT_SPIRIT_PEDIA">
			<Text>
				"In the time before time, the Great Spirit descended from the heavens, carrying we, the ones called Matoran, to this paradise. We were separate and without purpose, so the Great Spirit illuminated us with the Three Virtues: Unity, Duty, and Destiny. We embraced these gifts and, in gratitude, we named our island home Mata Nui, after the Great Spirit himself." [NEWLINE]   — Turaga Vakama
				[NEWLINE][NEWLINE]Mata Nui was the Great Spirit created by the Great Beings to explore and observe the galaxy. For a time, he was condemned to an eternal slumber, with many Toa going on journies to revive him.
				[NEWLINE] [NEWLINE]During the Core War on Spherus Magna, the Great Beings had tried to create a giant robot once, but had failed. It was after this failure that they began construction of a new, bigger and more powerful robot. Most of the construction of the Great Spirit's physical form was done by the Matoran who labored inside, completely unaware of what they were doing. These Matoran created the Matoran Universe, whose lands and species would serve "essential functions" to him; however, the Great Beings themselves had laid Metru Nui's foundations. During this time, Tren Krom maintained the universe in the heart of Mata Nui, the cavernous Karda Nui.
				[NEWLINE][NEWLINE]By 100,000 years ago, the robot was completed and activated. The Great Being Angonce, using the robot's programming language, dubbed their creation "Mata Nui", the phrase meaning "great spirit." Mata Nui's activation was heralded by the exile of Tren Krom, who was no longer necessary in running the universe now that Mata Nui was controlling it. Meanwhile, the Great Beings created the Kanohi Ignika, a mask which could heal Mata Nui's life-force if required, and provided Artakha with the supplies needed to create the Toa Mata, whose destiny was a fail safe against the possibility of Mata Nui ever falling into a comatose state.
				[NEWLINE][NEWLINE]With his awakening, Mata Nui provided the Matoran Universe with light, gravity, heat, and essential forces of nature, as the Matoran would now labor as unknowingly inside his body to continue his existence. Because of this, the Matoran venerated Mata Nui, building statues and temples in his honor. Meanwhile, in Karda Nui, the Energy Storms began, which occurred as long as Mata Nui was awake, and gave power to him.
				[NEWLINE][NEWLINE]Mata Nui was given several tasks by the Great Beings, including the observation of other worlds. He was able to do this by the Red Star, another of the Great Being's creations, which assisted him in traveling between planets, as well as containing creatures called Kestora to repair any deceased inhabitants and send them back to work; however, the latter function did not work properly; while beings were sent there, they did not return.
			</Text>
		</Row>
		<Row Tag="TXT_KEY_RELIGION_HAU">
			<Text>Hauism</Text>
		</Row>
		<Row Tag="TXT_KEY_RELIGION_HAU_PEDIA">
			<Text>
				The Kanohi Hau was the symbol of the Great Spirit Mata Nui, as their functions were the same: to protect.
				[NEWLINE] [NEWLINE] The Kanohi Hau is the Mask of Shielding. It allows its user to protect themselves from any physical attack that they are aware of by generating a force field. The only difference between the Great and Noble versions is that the Great version forms a stronger and longer-lasting shield than the Noble version.
				[NEWLINE] [NEWLINE] One of the more famous Kanohi, Lhikan's Kanohi Hau has had a long history. Initially being a powerless Kanohi, it was transformed into its Great version when Lhikan became a Toa. It remained his primary mask throughout his life as a Toa and was transformed into its Noble version when Lhikan became a Turaga after he gave up his Toa power to create the Toa Metru. Before he died, Lhikan entrusted his Kanohi to Toa Metru Vakama, who later gave the mask to Jaller after Jaller's own Kanohi broke in the voyage to the island of Mata Nui.
			</Text>
		</Row>
	</Language_en_US>
	<IconTextureAtlases>
		<Row>
			<Atlas>RELIGION_METRUNUI_ATLAS</Atlas>
			<IconSize>16</IconSize>
			<Filename>Religion_MetruNui16.dds</Filename>
			<IconsPerRow>2</IconsPerRow>
			<IconsPerColumn>1</IconsPerColumn>
		</Row>
		<Row>
			<Atlas>RELIGION_METRUNUI_ATLAS</Atlas>
			<IconSize>24</IconSize>
			<Filename>Religion_MetruNui24.dds</Filename>
			<IconsPerRow>2</IconsPerRow>
			<IconsPerColumn>1</IconsPerColumn>
		</Row>
		<Row>
			<Atlas>RELIGION_METRUNUI_ATLAS</Atlas>
			<IconSize>32</IconSize>
			<Filename>Religion_MetruNui32.dds</Filename>
			<IconsPerRow>2</IconsPerRow>
			<IconsPerColumn>1</IconsPerColumn>
		</Row>
		<Row>
			<Atlas>RELIGION_METRUNUI_ATLAS</Atlas>
			<IconSize>48</IconSize>
			<Filename>Religion_MetruNui48.dds</Filename>
			<IconsPerRow>2</IconsPerRow>
			<IconsPerColumn>1</IconsPerColumn>
		</Row>
		<Row>
			<Atlas>RELIGION_METRUNUI_ATLAS</Atlas>
			<IconSize>64</IconSize>
			<Filename>Religion_MetruNui64.dds</Filename>
			<IconsPerRow>2</IconsPerRow>
			<IconsPerColumn>1</IconsPerColumn>
		</Row>
		<Row>
			<Atlas>RELIGION_METRUNUI_ATLAS</Atlas>
			<IconSize>80</IconSize>
			<Filename>Religion_MetruNui80.dds</Filename>
			<IconsPerRow>2</IconsPerRow>
			<IconsPerColumn>1</IconsPerColumn>
		</Row>
		<Row>
			<Atlas>RELIGION_METRUNUI_ATLAS</Atlas>
			<IconSize>128</IconSize>
			<Filename>Religion_MetruNui128.dds</Filename>
			<IconsPerRow>2</IconsPerRow>
			<IconsPerColumn>1</IconsPerColumn>
		</Row>
	</IconTextureAtlases>
	<IconFontTextures>
		<Row>
			<IconFontTexture>ICON_FONT_TEXTURE_RELIGION_METRUNUI</IconFontTexture>
			<IconFontTextureFile>Religion_MetruNui-fonticons</IconFontTextureFile>
		</Row>
	</IconFontTextures>
	<IconFontMapping>
		<Row>
			<IconName>ICON_RELIGION_GREAT_SPIRIT</IconName>
			<IconFontTexture>ICON_FONT_TEXTURE_RELIGION_METRUNUI</IconFontTexture>
			<IconMapping>1</IconMapping>
		</Row>
		<Row>
			<IconName>ICON_RELIGION_HAU</IconName>
			<IconFontTexture>ICON_FONT_TEXTURE_RELIGION_METRUNUI</IconFontTexture>
			<IconMapping>2</IconMapping>
		</Row>
	</IconFontMapping>
</GameData>