<?xml version="1.0" encoding="utf-8"?>
<!-- Created by ModBuddy on 10/29/2016 7:59:10 PM -->
<GameData>
  <!-- TODO: Insert table creation example here. -->
 
  <!-- TODO: Insert table data example here.-->
  
  <!-- Enter your Game Data here. -->
	<IconTextureAtlases>
		<Row>
			<Atlas>NEVERWINTER_COLOR_ATLAS</Atlas>
			<IconSize>256</IconSize>
			<Filename>NW_Atlas256.dds</Filename>
			<IconsPerRow>8</IconsPerRow>
			<IconsPerColumn>1</IconsPerColumn>
		</Row>
		<Row>
			<Atlas>NEVERWINTER_COLOR_ATLAS</Atlas>
			<IconSize>128</IconSize>
			<Filename>NW_Atlas128.dds</Filename>
			<IconsPerRow>8</IconsPerRow>
			<IconsPerColumn>1</IconsPerColumn>
		</Row>
		<Row>
			<Atlas>NEVERWINTER_COLOR_ATLAS</Atlas>
			<IconSize>80</IconSize>
			<Filename>NW_Atlas80.dds</Filename>
			<IconsPerRow>8</IconsPerRow>
			<IconsPerColumn>1</IconsPerColumn>
		</Row>
		<Row>
			<Atlas>NEVERWINTER_COLOR_ATLAS</Atlas>
			<IconSize>64</IconSize>
			<Filename>NW_Atlas64.dds</Filename>
			<IconsPerRow>8</IconsPerRow>
			<IconsPerColumn>1</IconsPerColumn>
		</Row>
		<Row>
			<Atlas>NEVERWINTER_COLOR_ATLAS</Atlas>
			<IconSize>45</IconSize>
			<Filename>NW_Atlas45.dds</Filename>
			<IconsPerRow>8</IconsPerRow>
			<IconsPerColumn>1</IconsPerColumn>
		</Row>
		<Row>
			<Atlas>NEVERWINTER_COLOR_ATLAS</Atlas>
			<IconSize>32</IconSize>
			<Filename>NW_Atlas32.dds</Filename>
			<IconsPerRow>4</IconsPerRow>
			<IconsPerColumn>1</IconsPerColumn>
		</Row>
		<Row>
			<Atlas>NEVERWINTER_ALPHA_ATLAS</Atlas>
			<IconSize>128</IconSize>
			<Filename>NW_alpha128.dds</Filename>
			<IconsPerRow>1</IconsPerRow>
			<IconsPerColumn>1</IconsPerColumn>
		</Row>
		<Row>
			<Atlas>NEVERWINTER_ALPHA_ATLAS</Atlas>
			<IconSize>80</IconSize>
			<Filename>NW_alpha80.dds</Filename>
			<IconsPerRow>1</IconsPerRow>
			<IconsPerColumn>1</IconsPerColumn>
		</Row>
		<Row>
			<Atlas>NEVERWINTER_ALPHA_ATLAS</Atlas>
			<IconSize>64</IconSize>
			<Filename>NW_alpha64.dds</Filename>
			<IconsPerRow>1</IconsPerRow>
			<IconsPerColumn>1</IconsPerColumn>
		</Row>
		<Row>
			<Atlas>NEVERWINTER_ALPHA_ATLAS</Atlas>
			<IconSize>48</IconSize>
			<Filename>NW_alpha48.dds</Filename>
			<IconsPerRow>1</IconsPerRow>
			<IconsPerColumn>1</IconsPerColumn>
		</Row>
		<Row>
			<Atlas>NEVERWINTER_ALPHA_ATLAS</Atlas>
			<IconSize>32</IconSize>
			<Filename>NW_alpha32.dds</Filename>
			<IconsPerRow>1</IconsPerRow>
			<IconsPerColumn>1</IconsPerColumn>
		</Row>
		<Row>
			<Atlas>NEVERWINTER_ALPHA_ATLAS</Atlas>
			<IconSize>24</IconSize>
			<Filename>NW_alpha24.dds</Filename>
			<IconsPerRow>1</IconsPerRow>
			<IconsPerColumn>1</IconsPerColumn>
		</Row>
		<Row>
			<Atlas>NEVERWINTER_ALPHA_ATLAS</Atlas>
			<IconSize>16</IconSize>
			<Filename>NW_alpha16.dds</Filename>
			<IconsPerRow>1</IconsPerRow>
			<IconsPerColumn>1</IconsPerColumn>
		</Row>
		
		<!-- Unit Flag Atlas -->
		<Row>
			<Atlas>NEVERWINTER_UNITA_FLAG_ATLAS</Atlas>
			<IconSize>32</IconSize>
			<Filename>NW_unitFlagA32.dds</Filename>
			<IconsPerRow>1</IconsPerRow>
			<IconsPerColumn>1</IconsPerColumn>
		</Row>
		<Row>
			<Atlas>NEVERWINTER_UNITB_FLAG_ATLAS</Atlas>
			<IconSize>32</IconSize>
			<Filename>NW_unitFlagB32.dds</Filename>
			<IconsPerRow>1</IconsPerRow>
			<IconsPerColumn>1</IconsPerColumn>
		</Row>
		
		<!-- Promotions -->
		<Row>
			<Atlas>NW_PROMOTION_ATLAS</Atlas>
			<IconSize>256</IconSize>
			<Filename>NW-PromotionAtlas256.dds</Filename>
			<IconsPerRow>8</IconsPerRow>
			<IconsPerColumn>8</IconsPerColumn>
		</Row>
		<Row>
			<Atlas>NW_PROMOTION_ATLAS</Atlas>
			<IconSize>64</IconSize>
			<Filename>NW-PromotionAtlas64.dds</Filename>
			<IconsPerRow>8</IconsPerRow>
			<IconsPerColumn>8</IconsPerColumn>
		</Row>
		<Row>
			<Atlas>NW_PROMOTION_ATLAS</Atlas>
			<IconSize>45</IconSize>
			<Filename>NW-PromotionAtlas45.dds</Filename>
			<IconsPerRow>8</IconsPerRow>
			<IconsPerColumn>8</IconsPerColumn>
		</Row>
		<Row>
			<Atlas>NW_PROMOTION_ATLAS</Atlas>
			<IconSize>32</IconSize>
			<Filename>NW-PromotionAtlas32.dds</Filename>
			<IconsPerRow>8</IconsPerRow>
			<IconsPerColumn>8</IconsPerColumn>
		</Row>
	</IconTextureAtlases>
</GameData>