<?xml version="1.0" encoding="utf-8"?>
<!-- Created by ModBuddy on 10/29/2016 5:56:10 PM -->
<GameData>
  <!-- TODO: Insert table creation example here. -->
 
  <!-- TODO: Insert table data example here.-->
  
  <!-- Enter your Game Data here. -->
	<Civilizations>
		<Row>
			<Type>CIVILIZATION_NEVERWINTER</Type>
			<Description>TXT_KEY_CIV_NEVERWINTER_DESC</Description>
			<CivilopediaTag>TXT_KEY_CIV5_NEVERWINTER</CivilopediaTag>
			<Playable>1</Playable>
			<AIPlayable>1</AIPlayable>
			<ShortDescription>TXT_KEY_CIV_NEVERWINTER_SHORT_DESC</ShortDescription>
			<Adjective>TXT_KEY_CIV_NEVERWINTER_ADJECTIVE</Adjective>
			<DefaultPlayerColor>PLAYERCOLOR_NEVERWINTER</DefaultPlayerColor>
			<ArtDefineTag>ART_DEF_CIVILIZATION_AMERICA</ArtDefineTag>
			<ArtStyleType>ARTSTYLE_EUROPEAN</ArtStyleType>
			<ArtStyleSuffix>_EURO</ArtStyleSuffix>
			<ArtStylePrefix>EUROPEAN</ArtStylePrefix>
			<PortraitIndex>0</PortraitIndex>
			<IconAtlas>NEVERWINTER_COLOR_ATLAS</IconAtlas>
			<AlphaIconAtlas>NEVERWINTER_ALPHA_ATLAS</AlphaIconAtlas>
			<MapImage>NW_map.dds</MapImage>
			<DawnOfManQuote>TXT_KEY_CIV5_DAWN_DAGULT_TEXT</DawnOfManQuote>
			<DawnOfManImage>NW_DOM.dds</DawnOfManImage>
			<SoundtrackTag>Neverwinter</SoundtrackTag>
		</Row>
	</Civilizations>

	<PlayerColors>
		<Row>
			<Type>PLAYERCOLOR_NEVERWINTER</Type>
			<PrimaryColor>COLOR_PLAYER_NEVERWINTER_ICON</PrimaryColor>
			<SecondaryColor>COLOR_PLAYER_NEVERWINTER_BACKGROUND</SecondaryColor>
			<TextColor>COLOR_PLAYER_WHITE_TEXT</TextColor>
		</Row>
	</PlayerColors>
	<Colors>
		<Row>
			<Type>COLOR_PLAYER_NEVERWINTER_ICON</Type>
			<Red>0.600</Red>
			<Green>0.329</Green>
			<Blue>0.831</Blue>
			<Alpha>1</Alpha>
		</Row>
	</Colors>
	<Colors>
		<Row>
			<Type>COLOR_PLAYER_NEVERWINTER_BACKGROUND</Type>
			<Red>0.169</Red>
			<Green>0.016</Green>
			<Blue>0.322</Blue>
			<Alpha>1</Alpha>
		</Row>
	</Colors>

	<Civilization_Start_Along_Ocean>
		<Row>
			<CivilizationType>CIVILIZATION_NEVERWINTER</CivilizationType>
			<StartAlongOcean>true</StartAlongOcean>
		</Row>
	</Civilization_Start_Along_Ocean>

	<Civilization_CityNames>
		<Row>
			<CivilizationType>CIVILIZATION_NEVERWINTER</CivilizationType>
			<CityName>TXT_KEY_CITY_NAME_NEVERWINTER_0</CityName>
		</Row>
		<Row>
			<CivilizationType>CIVILIZATION_NEVERWINTER</CivilizationType>
			<CityName>TXT_KEY_CITY_NAME_NEVERWINTER_1</CityName>
		</Row>
		<Row>
			<CivilizationType>CIVILIZATION_NEVERWINTER</CivilizationType>
			<CityName>TXT_KEY_CITY_NAME_NEVERWINTER_2</CityName>
		</Row>
		<Row>
			<CivilizationType>CIVILIZATION_NEVERWINTER</CivilizationType>
			<CityName>TXT_KEY_CITY_NAME_NEVERWINTER_3</CityName>
		</Row>
		<Row>
			<CivilizationType>CIVILIZATION_NEVERWINTER</CivilizationType>
			<CityName>TXT_KEY_CITY_NAME_NEVERWINTER_4</CityName>
		</Row>
		<Row>
			<CivilizationType>CIVILIZATION_NEVERWINTER</CivilizationType>
			<CityName>TXT_KEY_CITY_NAME_NEVERWINTER_5</CityName>
		</Row>
		<Row>
			<CivilizationType>CIVILIZATION_NEVERWINTER</CivilizationType>
			<CityName>TXT_KEY_CITY_NAME_NEVERWINTER_6</CityName>
		</Row>
		<Row>
			<CivilizationType>CIVILIZATION_NEVERWINTER</CivilizationType>
			<CityName>TXT_KEY_CITY_NAME_NEVERWINTER_7</CityName>
		</Row>
		<Row>
			<CivilizationType>CIVILIZATION_NEVERWINTER</CivilizationType>
			<CityName>TXT_KEY_CITY_NAME_NEVERWINTER_8</CityName>
		</Row>
		<Row>
			<CivilizationType>CIVILIZATION_NEVERWINTER</CivilizationType>
			<CityName>TXT_KEY_CITY_NAME_NEVERWINTER_9</CityName>
		</Row>
		<Row>
			<CivilizationType>CIVILIZATION_NEVERWINTER</CivilizationType>
			<CityName>TXT_KEY_CITY_NAME_NEVERWINTER_10</CityName>
		</Row>
		<Row>
			<CivilizationType>CIVILIZATION_NEVERWINTER</CivilizationType>
			<CityName>TXT_KEY_CITY_NAME_NEVERWINTER_11</CityName>
		</Row>
		<Row>
			<CivilizationType>CIVILIZATION_NEVERWINTER</CivilizationType>
			<CityName>TXT_KEY_CITY_NAME_NEVERWINTER_12</CityName>
		</Row>
		<Row>
			<CivilizationType>CIVILIZATION_NEVERWINTER</CivilizationType>
			<CityName>TXT_KEY_CITY_NAME_NEVERWINTER_13</CityName>
		</Row>
		<Row>
			<CivilizationType>CIVILIZATION_NEVERWINTER</CivilizationType>
			<CityName>TXT_KEY_CITY_NAME_NEVERWINTER_14</CityName>
		</Row>
		<Row>
			<CivilizationType>CIVILIZATION_NEVERWINTER</CivilizationType>
			<CityName>TXT_KEY_CITY_NAME_NEVERWINTER_15</CityName>
		</Row>
		<Row>
			<CivilizationType>CIVILIZATION_NEVERWINTER</CivilizationType>
			<CityName>TXT_KEY_CITY_NAME_NEVERWINTER_16</CityName>
		</Row>
		<Row>
			<CivilizationType>CIVILIZATION_NEVERWINTER</CivilizationType>
			<CityName>TXT_KEY_CITY_NAME_NEVERWINTER_17</CityName>
		</Row>
		<Row>
			<CivilizationType>CIVILIZATION_NEVERWINTER</CivilizationType>
			<CityName>TXT_KEY_CITY_NAME_NEVERWINTER_18</CityName>
		</Row>
		<Row>
			<CivilizationType>CIVILIZATION_NEVERWINTER</CivilizationType>
			<CityName>TXT_KEY_CITY_NAME_NEVERWINTER_19</CityName>
		</Row>
		<Row>
			<CivilizationType>CIVILIZATION_NEVERWINTER</CivilizationType>
			<CityName>TXT_KEY_CITY_NAME_NEVERWINTER_20</CityName>
		</Row>
		<Row>
			<CivilizationType>CIVILIZATION_NEVERWINTER</CivilizationType>
			<CityName>TXT_KEY_CITY_NAME_NEVERWINTER_21</CityName>
		</Row>
		<Row>
			<CivilizationType>CIVILIZATION_NEVERWINTER</CivilizationType>
			<CityName>TXT_KEY_CITY_NAME_NEVERWINTER_22</CityName>
		</Row>
		<Row>
			<CivilizationType>CIVILIZATION_NEVERWINTER</CivilizationType>
			<CityName>TXT_KEY_CITY_NAME_NEVERWINTER_23</CityName>
		</Row>
		<Row>
			<CivilizationType>CIVILIZATION_NEVERWINTER</CivilizationType>
			<CityName>TXT_KEY_CITY_NAME_NEVERWINTER_24</CityName>
		</Row>
		<Row>
			<CivilizationType>CIVILIZATION_NEVERWINTER</CivilizationType>
			<CityName>TXT_KEY_CITY_NAME_NEVERWINTER_25</CityName>
		</Row>
		<Row>
			<CivilizationType>CIVILIZATION_NEVERWINTER</CivilizationType>
			<CityName>TXT_KEY_CITY_NAME_NEVERWINTER_26</CityName>
		</Row>
		<Row>
			<CivilizationType>CIVILIZATION_NEVERWINTER</CivilizationType>
			<CityName>TXT_KEY_CITY_NAME_NEVERWINTER_27</CityName>
		</Row>
		<Row>
			<CivilizationType>CIVILIZATION_NEVERWINTER</CivilizationType>
			<CityName>TXT_KEY_CITY_NAME_NEVERWINTER_28</CityName>
		</Row>
		<Row>
			<CivilizationType>CIVILIZATION_NEVERWINTER</CivilizationType>
			<CityName>TXT_KEY_CITY_NAME_NEVERWINTER_29</CityName>
		</Row>
		<Row>
			<CivilizationType>CIVILIZATION_NEVERWINTER</CivilizationType>
			<CityName>TXT_KEY_CITY_NAME_NEVERWINTER_30</CityName>
		</Row>
		<Row>
			<CivilizationType>CIVILIZATION_NEVERWINTER</CivilizationType>
			<CityName>TXT_KEY_CITY_NAME_NEVERWINTER_31</CityName>
		</Row>
	</Civilization_CityNames>

	<Civilization_FreeBuildingClasses>
		<Row>
			<CivilizationType>CIVILIZATION_NEVERWINTER</CivilizationType>
			<BuildingClassType>BUILDINGCLASS_PALACE</BuildingClassType>
		</Row>
		<Row>
			<CivilizationType>CIVILIZATION_NEVERWINTER</CivilizationType>
			<BuildingClasstype>BUILDINGCLASS_NW_NWT</BuildingClasstype>
		</Row>
	</Civilization_FreeBuildingClasses>
	<Civilization_FreeTechs>
		<Row>
			<CivilizationType>CIVILIZATION_NEVERWINTER</CivilizationType>
			<TechType>TECH_AGRICULTURE</TechType>
		</Row>
	</Civilization_FreeTechs>
	<Civilization_FreeUnits>
		<Row>
			<CivilizationType>CIVILIZATION_NEVERWINTER</CivilizationType>
			<UnitClassType>UNITCLASS_SETTLER</UnitClassType>
			<UnitAIType>UNITAI_SETTLE</UnitAIType>
			<Count>1</Count>
		</Row>
	</Civilization_FreeUnits>

	<Civilization_Leaders>
		<Row>
			<CivilizationType>CIVILIZATION_NEVERWINTER</CivilizationType>
			<LeaderheadType>LEADER_DAGULT</LeaderheadType>
		</Row>
	</Civilization_Leaders>

	<Civilization_Religions>
		<Row>
			<CivilizationType>CIVILIZATION_NEVERWINTER</CivilizationType>
			<ReligionType>RELIGION_NW_MYSTRA</ReligionType>
		</Row>
	</Civilization_Religions>

	<Civilization_SpyNames>
		<Row>
			<CivilizationType>CIVILIZATION_NEVERWINTER</CivilizationType>
			<SpyName>TXT_KEY_SPY_NAME_NEVERWINTER_0</SpyName>
		</Row>
		<Row>
			<CivilizationType>CIVILIZATION_NEVERWINTER</CivilizationType>
			<SpyName>TXT_KEY_SPY_NAME_NEVERWINTER_1</SpyName>
		</Row>
		<Row>
			<CivilizationType>CIVILIZATION_NEVERWINTER</CivilizationType>
			<SpyName>TXT_KEY_SPY_NAME_NEVERWINTER_2</SpyName>
		</Row>
		<Row>
			<CivilizationType>CIVILIZATION_NEVERWINTER</CivilizationType>
			<SpyName>TXT_KEY_SPY_NAME_NEVERWINTER_3</SpyName>
		</Row>
		<Row>
			<CivilizationType>CIVILIZATION_NEVERWINTER</CivilizationType>
			<SpyName>TXT_KEY_SPY_NAME_NEVERWINTER_4</SpyName>
		</Row>
		<Row>
			<CivilizationType>CIVILIZATION_NEVERWINTER</CivilizationType>
			<SpyName>TXT_KEY_SPY_NAME_NEVERWINTER_5</SpyName>
		</Row>
		<Row>
			<CivilizationType>CIVILIZATION_NEVERWINTER</CivilizationType>
			<SpyName>TXT_KEY_SPY_NAME_NEVERWINTER_6</SpyName>
		</Row>
		<Row>
			<CivilizationType>CIVILIZATION_NEVERWINTER</CivilizationType>
			<SpyName>TXT_KEY_SPY_NAME_NEVERWINTER_7</SpyName>
		</Row>
		<Row>
			<CivilizationType>CIVILIZATION_NEVERWINTER</CivilizationType>
			<SpyName>TXT_KEY_SPY_NAME_NEVERWINTER_8</SpyName>
		</Row>
		<Row>
			<CivilizationType>CIVILIZATION_NEVERWINTER</CivilizationType>
			<SpyName>TXT_KEY_SPY_NAME_NEVERWINTER_9</SpyName>
		</Row>
		<Row>
			<CivilizationType>CIVILIZATION_NEVERWINTER</CivilizationType>
			<SpyName>TXT_KEY_SPY_NAME_NEVERWINTER_10</SpyName>
		</Row>
	</Civilization_SpyNames>

	<Civilization_BuildingClassOverrides>
		<Row>
			<CivilizationType>CIVILIZATION_NEVERWINTER</CivilizationType>
			<BuildingClassType>BUILDINGCLASS_LIBRARY</BuildingClassType>
			<BuildingType>BUILDING_NW_MAGICGUILD</BuildingType>
		</Row>
	</Civilization_BuildingClassOverrides>
	<Civilization_UnitClassOverrides>
		<Row>
			<CivilizationType>CIVILIZATION_NEVERWINTER</CivilizationType>
			<UnitClassType>UNITCLASS_CROSSBOWMAN</UnitClassType>
			<UnitType>UNIT_RANGEDELITE</UnitType>
		</Row>
		<Row>
			<CivilizationType>CIVILIZATION_NEVERWINTER</CivilizationType>
			<UnitClassType>UNITCLASS_SORCERER</UnitClassType>
			<UnitType>UNIT_SORCERER</UnitType>
		</Row>
	</Civilization_UnitClassOverrides>

	<Language_en_US>
		<Row Tag="TXT_KEY_CIV_NEVERWINTER_ADJECTIVE">
			<Text>Neverwintan</Text>
		</Row>
		<Row Tag="TXT_KEY_CIV_NEVERWINTER_DESC">
			<Text>Neverwinter</Text>
		</Row>
		<Row Tag="TXT_KEY_CIV_NEVERWINTER_SHORT_DESC">
			<Text>Neverwinter</Text>
		</Row>
		<Row Tag="TXT_KEY_CIV5_NEVERWINTER_HEADING_1">
			<Text>History</Text>
		</Row>
		<Row Tag="TXT_KEY_CIV5_NEVERWINTER_HEADING_2">
			<Text>Etymology</Text>
		</Row>
		<Row Tag="TXT_KEY_CIV5_NEVERWINTER_HEADING_3">
			<Text>Government: Pre-Spellplague</Text>
		</Row>
		<Row Tag="TXT_KEY_CIV5_NEVERWINTER_HEADING_4">
			<Text>Government: Post-Spellplague</Text>
		</Row>
		<Row Tag="TXT_KEY_CIV5_NEVERWINTER_HEADING_5">
			<Text>Trade</Text>
		</Row>
		<Row Tag="TXT_KEY_CIV5_NEVERWINTER_TEXT_1">
			<Text>
				Neverwinter, also known as the City of Skilled Hands or the Jewel of the North, was a metropolis sitting on the northwestern Sword Coast of Faerûn. Neverwinter was regarded by Volo as the most cosmopolitan and the most civilized city in all of Faerûn. The city was a member in good standing of the Lords' Alliance.
			</Text>
		</Row>
		<Row Tag="TXT_KEY_CIV5_NEVERWINTER_TEXT_2">
			<Text>
				The city of Neverwinter was so named because, even though the town was situated in the cold north of Faerûn, the Neverwinter River that flowed through it was heated by fire elementals living under the nearby Mount Hotenow in the Neverwinter Wood. The heat given off from the river created a permanent warm climate in the immediate area. [NEWLINE][NEWLINE]The city was originally named "Eiggerstor", which was an Illuskan word. The name "Neverwinter" was the Chondathan translation.
			</Text>
		</Row>
		<Row Tag="TXT_KEY_CIV5_NEVERWINTER_TEXT_3">
			<Text>
				As of 1370 DR, the city was ruled fairly and justly by Lord Nasher Alagondar, an aging, veteran adventurer and devout worshiper of Tyr. As such, although Neverwinter was prosperous, its master-craftsmen making lamps of multi-coloured glass, precision water clocks and exquisite jewelry, its Tyrran faith promoted justice and fairness, with greed being frowned upon. Lord Nasher ensured that the city was well defended before his death, both physically and magically, against attacks or infiltration from Luskan, Neverwinter's warlike rival. Maps of the city were not allowed to be made as part of an effort to thwart Luskan spies.
			</Text>
		</Row>
		<Row Tag="TXT_KEY_CIV5_NEVERWINTER_TEXT_4">
			<Text>
				In 1462 DR, Dagult Neverember, Open Lord of Waterdeep, seeing an opportunity to add to his financial empire, hired artisans and carpenters to help rebuild the city and Mintarn mercenaries to protect it from monsters; he would eventually create the title of Lord Protector of Neverwinter, held by Neverember himself. However, it was questioned whether Dagult was the rightful ruler, as many factions vied for Neverwinter and the citizens were divided in loyalties. Lord Neverember left the day-to-day running of the city to General Sabine and Mayor Soman Galt. [NEWLINE][NEWLINE]In 1489 DR, Lord Neverember was exiled from Waterdeep and replaced as Open Lord by Laeral Silverhand.[10] After being ousted of his city and former position, Dagult then focused all of his efforts in his role of Lord Protector of Neverwinter. Due to this commitment and his past accomplishments helping Neverwinter and its citizens, the Neverwintans finally accepted Lord Neverember as their rightful leader.
			</Text>
		</Row>
		<Row Tag="TXT_KEY_CIV5_NEVERWINTER_TEXT_5">
			<Text>
				Around 1370 DR, Neverwinter controlled much of the mining trade from dwarves and gnomes outposts from the nearby Underdark by using hidden ways in various warehouses in the city. Neverwinter also had a large fishing economy, and did good trade in logging from the Neverwinter Wood. The key to Neverwinter's survival, however, was its importance as a center of craftwork, learning, and magical innovation.
			</Text>
		</Row>
		<Row Tag="TXT_KEY_CIV5_DAWN_DAGULT_TEXT">
			<Text>"Oh great, decisive Dagult.. Lord Neverember of both the cities of Neverwinter and Waterdeep, oh how ambition are you when it comes to the reconstruction of Neverwinter, as well as the management of its sister city.  You've risen from the ranks of a mere mercenary to that of a legendary regent, all through your guile and diplomatic skill.  You show no problem when it comes to dealing with those of questionable behavior, going so far as to conspire against you're own fellow lords of Waterdeep, and ousting them in return for a more wizarding rule.  You then turned your eye to Neverwinter, on the brink of destruction by the Spellplague, nurturing your influence through its rebuilding.. raising through the ranks, from Mercenary to Marshall, all the way to the top as Lord Protector.  Your tale is the most exciting one, to be retold in taverns across all of Faerun."[NEWLINE][NEWLINE]"Oh Lord Dagult Neverember, man of ambition, Neverwinter requires a steady hand, one that is unwavering when danger and tragedy reveal themselves.  Your peers and people look upon you to guide them through the darkest of nights, and coldest of winters, to bring them into a new age of Magic, nothing like ever seen before.  Will you push them ever further like you push yourself, will you bring Neverwinter out of the Spellplague, and build a Civilization that will stand the test of time?"</Text>
		</Row>
		<Row Tag="TXT_KEY_CITY_NAME_NEVERWINTER_0">
			<Text>Neverwinter</Text>
		</Row>
		<Row Tag="TXT_KEY_CITY_NAME_NEVERWINTER_1">
			<Text>Waterdeep</Text>
		</Row>
		<Row Tag="TXT_KEY_CITY_NAME_NEVERWINTER_2">
			<Text>Luskan</Text>
		</Row>
		<Row Tag="TXT_KEY_CITY_NAME_NEVERWINTER_3">
			<Text>Daggerford</Text>
		</Row>
		<Row Tag="TXT_KEY_CITY_NAME_NEVERWINTER_4">
			<Text>Mirabar</Text>
		</Row>
		<Row Tag="TXT_KEY_CITY_NAME_NEVERWINTER_5">
			<Text>Lurkwood</Text>
		</Row>
		<Row Tag="TXT_KEY_CITY_NAME_NEVERWINTER_6">
			<Text>Sword Coast</Text>
		</Row>
		<Row Tag="TXT_KEY_CITY_NAME_NEVERWINTER_7">
			<Text>Gauntlgrym</Text>
		</Row>
		<Row Tag="TXT_KEY_CITY_NAME_NEVERWINTER_8">
			<Text>Helm's Hold</Text>
		</Row>
		<Row Tag="TXT_KEY_CITY_NAME_NEVERWINTER_9">
			<Text>Flint Rock</Text>
		</Row>
		<Row Tag="TXT_KEY_CITY_NAME_NEVERWINTER_10">
			<Text>New Neverwinter</Text>
		</Row>
		<Row Tag="TXT_KEY_CITY_NAME_NEVERWINTER_11">
			<Text>Raven Rock</Text>
		</Row>
		<Row Tag="TXT_KEY_CITY_NAME_NEVERWINTER_12">
			<Text>Thornhold</Text>
		</Row>
		<Row Tag="TXT_KEY_CITY_NAME_NEVERWINTER_13">
			<Text>Amphail</Text>
		</Row>
		<Row Tag="TXT_KEY_CITY_NAME_NEVERWINTER_14">
			<Text>Secomber</Text>
		</Row>
		<Row Tag="TXT_KEY_CITY_NAME_NEVERWINTER_15">
			<Text>Karse</Text>
		</Row>
		<Row Tag="TXT_KEY_CITY_NAME_NEVERWINTER_16">
			<Text>Yartar</Text>
		</Row>
		<Row Tag="TXT_KEY_CITY_NAME_NEVERWINTER_17">
			<Text>Triboar</Text>
		</Row>
		<Row Tag="TXT_KEY_CITY_NAME_NEVERWINTER_18">
			<Text>Silverymoon</Text>
		</Row>
		<Row Tag="TXT_KEY_CITY_NAME_NEVERWINTER_19">
			<Text>Felbarr Citadel</Text>
		</Row>
		<Row Tag="TXT_KEY_CITY_NAME_NEVERWINTER_20">
			<Text>Menzoberranzan</Text>
		</Row>
		<Row Tag="TXT_KEY_CITY_NAME_NEVERWINTER_21">
			<Text>Sundabar</Text>
		</Row>
		<Row Tag="TXT_KEY_CITY_NAME_NEVERWINTER_22">
			<Text>Beorunna's Well</Text>
		</Row>
		<Row Tag="TXT_KEY_CITY_NAME_NEVERWINTER_23">
			<Text>Adbar Citadel</Text>
		</Row>
		<Row Tag="TXT_KEY_CITY_NAME_NEVERWINTER_24">
			<Text>Hartwick Castle</Text>
		</Row>
		<Row Tag="TXT_KEY_CITY_NAME_NEVERWINTER_25">
			<Text>Ascore</Text>
		</Row>
		<Row Tag="TXT_KEY_CITY_NAME_NEVERWINTER_26">
			<Text>Blackford</Text>
		</Row>
		<Row Tag="TXT_KEY_CITY_NAME_NEVERWINTER_27">
			<Text>Ruathym</Text>
		</Row>
		<Row Tag="TXT_KEY_CITY_NAME_NEVERWINTER_28">
			<Text>Korinn</Text>
		</Row>
		<Row Tag="TXT_KEY_CITY_NAME_NEVERWINTER_29">
			<Text>Rogarsheim</Text>
		</Row>
		<Row Tag="TXT_KEY_CITY_NAME_NEVERWINTER_30">
			<Text>Caer Moray</Text>
		</Row>
		<Row Tag="TXT_KEY_CITY_NAME_NEVERWINTER_31">
			<Text>Iron Keep</Text>
		</Row>
		<Row Tag="TXT_KEY_SPY_NAME_NEVERWINTER_0">
			<Text>Sgt. Knox</Text>
		</Row>
		<Row Tag="TXT_KEY_SPY_NAME_NEVERWINTER_1">
			<Text>Gaelen</Text>
		</Row>
		<Row Tag="TXT_KEY_SPY_NAME_NEVERWINTER_2">
			<Text>Soulhearth</Text>
		</Row>
		<Row Tag="TXT_KEY_SPY_NAME_NEVERWINTER_3">
			<Text>Cpt. Janros</Text>
		</Row>
		<Row Tag="TXT_KEY_SPY_NAME_NEVERWINTER_4">
			<Text>Sgt. Creed</Text>
		</Row>
		<Row Tag="TXT_KEY_SPY_NAME_NEVERWINTER_5">
			<Text>Aelgar</Text>
		</Row>
		<Row Tag="TXT_KEY_SPY_NAME_NEVERWINTER_6">
			<Text>Anton Omeris</Text>
		</Row>
		<Row Tag="TXT_KEY_SPY_NAME_NEVERWINTER_7">
			<Text>Zoey Fargo</Text>
			<Gender>feminine</Gender>
		</Row>
		<Row Tag="TXT_KEY_SPY_NAME_NEVERWINTER_8">
			<Text>Khelben Arunsun</Text>
		</Row>
		<Row Tag="TXT_KEY_SPY_NAME_NEVERWINTER_9">
			<Text>Harper</Text>
		</Row>
		<Row Tag="TXT_KEY_SPY_NAME_NEVERWINTER_10">
			<Text>Bael An Ashock</Text>
		</Row>
	</Language_en_US>
</GameData>