<?xml version="1.0" encoding="utf-8"?>
<!-- Created by ModBuddy on 10/11/2017 11:00:14 AM -->
<GameData>
	<Language_en_US>
		<!--General phrases -->
		<!--Greeting (first time meeting) -->
		<Row Tag="TXT_KEY_LEADER_DAGULT_FIRSTGREETING_1">
			<Text>Who are you?  I don't have time for more suitors right now-- Oh.  Hello.  I see you're someone more worth my time.  I am Lord Neverember, Lord Protector of Neverwinter.</Text>
		</Row>
		<Row Tag="TXT_KEY_LEADER_DAGULT_FIRSTGREETING_2">
			<Text>Welcome, Traveler.  Welcome to Neverwinter, the Jewel of the North.  I am Dagult Neverember, Lord Protector of this city.  What is it that you want?</Text>
		</Row>
		<Row Tag="TXT_KEY_LEADER_DAGULT_FIRSTGREETING_3">
			<Text>I see we have a guest in our care this evening.  Hello, I am Lord Neverember, Lord Protector of the city of Neverwinter.  How may can I help you?</Text>
		</Row>
		<Row Tag="TXT_KEY_LEADER_DAGULT_DEFEATED_1">
			<Text>Damn it all.  First Waterdeep, now Neverwinter? Will Baldur's Gate fall too?!  May some intrepid Band of Heroes come together and strike you down!</Text>
		</Row>
		<Row Tag="TXT_KEY_LEADER_DAGULT_DEFEATED_2">
			<Text>It seems no intrepid mercenary or daring wizard will save our city another time.  Very well, Neverwinter is yours, warmonger.</Text>
		</Row>
		<Row Tag="TXT_KEY_LEADER_DAGULT_DEFEATED_3">
			<Text>Neverwinter may have fallen, but you will have your day of reckoning!  I swear it!!</Text>
		</Row>
	</Language_en_US>
</GameData>