<?xml version="1.0" encoding="utf-8"?>
<!-- Created by ModBuddy on 10/29/2016 6:08:35 PM -->
<GameData>
  <!-- TODO: Insert table creation example here. -->
 
  <!-- TODO: Insert table data example here.-->
  
  <!-- Enter your Game Data here. -->
	<Leaders>
		<Row>
			<Type>LEADER_DAGULT</Type>
			<Description>TXT_KEY_LEADER_DAGULT</Description>
			<Civilopedia>TXT_KEY_LEADER_DAGULT_PEDIA</Civilopedia>
			<CivilopediaTag>TXT_KEY_CIVILOPEDIA_LEADERS_DAGULT</CivilopediaTag>
			<ArtDefineTag>NW_scene.xml</ArtDefineTag>
			<VictoryCompetitiveness>8</VictoryCompetitiveness>
			<WonderCompetitiveness>6</WonderCompetitiveness>
			<MinorCivCompetitiveness>5</MinorCivCompetitiveness>
			<Boldness>8</Boldness>
			<DiploBalance>8</DiploBalance>
			<WarmongerHate>4</WarmongerHate>
			<WorkAgainstWillingness>6</WorkAgainstWillingness>
			<WorkWithWillingness>5</WorkWithWillingness>
			<DenounceWillingness>5</DenounceWillingness>
			<DoFWillingness>4</DoFWillingness>
			<Loyalty>6</Loyalty>
			<Neediness>5</Neediness>
			<Forgiveness>4</Forgiveness>
			<Chattiness>6</Chattiness>
			<Meanness>4</Meanness>
			<PortraitIndex>1</PortraitIndex>
			<IconAtlas>NEVERWINTER_COLOR_ATLAS</IconAtlas>
		</Row>
	</Leaders>
	<Leader_MajorCivApproachBiases>
		<Row>
			<LeaderType>LEADER_DAGULT</LeaderType>
			<MajorCivApproachType>MAJOR_CIV_APPROACH_WAR</MajorCivApproachType>
			<Bias>2</Bias>
		</Row>
		<Row>
			<LeaderType>LEADER_DAGULT</LeaderType>
			<MajorCivApproachType>MAJOR_CIV_APPROACH_HOSTILE</MajorCivApproachType>
			<Bias>3</Bias>
		</Row>
		<Row>
			<LeaderType>LEADER_DAGULT</LeaderType>
			<MajorCivApproachType>MAJOR_CIV_APPROACH_DECEPTIVE</MajorCivApproachType>
			<Bias>5</Bias>
		</Row>
		<Row>
			<LeaderType>LEADER_DAGULT</LeaderType>
			<MajorCivApproachType>MAJOR_CIV_APPROACH_GUARDED</MajorCivApproachType>
			<Bias>4</Bias>
		</Row>
		<Row>
			<LeaderType>LEADER_DAGULT</LeaderType>
			<MajorCivApproachType>MAJOR_CIV_APPROACH_AFRAID</MajorCivApproachType>
			<Bias>4</Bias>
		</Row>
		<Row>
			<LeaderType>LEADER_DAGULT</LeaderType>
			<MajorCivApproachType>MAJOR_CIV_APPROACH_FRIENDLY</MajorCivApproachType>
			<Bias>4</Bias>
		</Row>
		<Row>
			<LeaderType>LEADER_DAGULT</LeaderType>
			<MajorCivApproachType>MAJOR_CIV_APPROACH_NEUTRAL</MajorCivApproachType>
			<Bias>8</Bias>
		</Row>
	</Leader_MajorCivApproachBiases>
	<Leader_MinorCivApproachBiases>
		<Row>
			<LeaderType>LEADER_DAGULT</LeaderType>
			<MinorCivApproachType>MINOR_CIV_APPROACH_IGNORE</MinorCivApproachType>
			<Bias>6</Bias>
		</Row>
		<Row>
			<LeaderType>LEADER_DAGULT</LeaderType>
			<MinorCivApproachType>MINOR_CIV_APPROACH_FRIENDLY</MinorCivApproachType>
			<Bias>5</Bias>
		</Row>
		<Row>
			<LeaderType>LEADER_DAGULT</LeaderType>
			<MinorCivApproachType>MINOR_CIV_APPROACH_PROTECTIVE</MinorCivApproachType>
			<Bias>6</Bias>
		</Row>
		<Row>
			<LeaderType>LEADER_DAGULT</LeaderType>
			<MinorCivApproachType>MINOR_CIV_APPROACH_CONQUEST</MinorCivApproachType>
			<Bias>4</Bias>
		</Row>
		<Row>
			<LeaderType>LEADER_DAGULT</LeaderType>
			<MinorCivApproachType>MINOR_CIV_APPROACH_BULLY</MinorCivApproachType>
			<Bias>5</Bias>
		</Row>
	</Leader_MinorCivApproachBiases>
	<Leader_Flavors>
		<Row>
			<LeaderType>LEADER_DAGULT</LeaderType>
			<FlavorType>FLAVOR_OFFENSE</FlavorType>
			<Flavor>4</Flavor>
		</Row>
		<Row>
			<LeaderType>LEADER_DAGULT</LeaderType>
			<FlavorType>FLAVOR_DEFENSE</FlavorType>
			<Flavor>7</Flavor>
		</Row>
		<Row>
			<LeaderType>LEADER_DAGULT</LeaderType>
			<FlavorType>FLAVOR_CITY_DEFENSE</FlavorType>
			<Flavor>7</Flavor>
		</Row>
		<Row>
			<LeaderType>LEADER_DAGULT</LeaderType>
			<FlavorType>FLAVOR_MILITARY_TRAINING</FlavorType>
			<Flavor>5</Flavor>
		</Row>
		<Row>
			<LeaderType>LEADER_DAGULT</LeaderType>
			<FlavorType>FLAVOR_RECON</FlavorType>
			<Flavor>5</Flavor>
		</Row>
		<Row>
			<LeaderType>LEADER_DAGULT</LeaderType>
			<FlavorType>FLAVOR_RANGED</FlavorType>
			<Flavor>8</Flavor>
		</Row>
		<Row>
			<LeaderType>LEADER_DAGULT</LeaderType>
			<FlavorType>FLAVOR_MOBILE</FlavorType>
			<Flavor>4</Flavor>
		</Row>
		<Row>
			<LeaderType>LEADER_DAGULT</LeaderType>
			<FlavorType>FLAVOR_NAVAL</FlavorType>
			<Flavor>5</Flavor>
		</Row>
		<Row>
			<LeaderType>LEADER_DAGULT</LeaderType>
			<FlavorType>FLAVOR_NAVAL_RECON</FlavorType>
			<Flavor>4</Flavor>
		</Row>
		<Row>
			<LeaderType>LEADER_DAGULT</LeaderType>
			<FlavorType>FLAVOR_NAVAL_GROWTH</FlavorType>
			<Flavor>4</Flavor>
		</Row>
		<Row>
			<LeaderType>LEADER_DAGULT</LeaderType>
			<FlavorType>FLAVOR_NAVAL_TILE_IMPROVEMENT</FlavorType>
			<Flavor>6</Flavor>
		</Row>
		<Row>
			<LeaderType>LEADER_DAGULT</LeaderType>
			<FlavorType>FLAVOR_AIR</FlavorType>
			<Flavor>5</Flavor>
		</Row>
		<Row>
			<LeaderType>LEADER_DAGULT</LeaderType>
			<FlavorType>FLAVOR_EXPANSION</FlavorType>
			<Flavor>3</Flavor>
		</Row>
		<Row>
			<LeaderType>LEADER_DAGULT</LeaderType>
			<FlavorType>FLAVOR_GROWTH</FlavorType>
			<Flavor>10</Flavor>
		</Row>
		<Row>
			<LeaderType>LEADER_DAGULT</LeaderType>
			<FlavorType>FLAVOR_TILE_IMPROVEMENT</FlavorType>
			<Flavor>7</Flavor>
		</Row>
		<Row>
			<LeaderType>LEADER_DAGULT</LeaderType>
			<FlavorType>FLAVOR_INFRASTRUCTURE</FlavorType>
			<Flavor>7</Flavor>
		</Row>
		<Row>
			<LeaderType>LEADER_DAGULT</LeaderType>
			<FlavorType>FLAVOR_PRODUCTION</FlavorType>
			<Flavor>6</Flavor>
		</Row>
		<Row>
			<LeaderType>LEADER_DAGULT</LeaderType>
			<FlavorType>FLAVOR_GOLD</FlavorType>
			<Flavor>6</Flavor>
		</Row>
		<Row>
			<LeaderType>LEADER_DAGULT</LeaderType>
			<FlavorType>FLAVOR_SCIENCE</FlavorType>
			<Flavor>8</Flavor>
		</Row>
		<Row>
			<LeaderType>LEADER_DAGULT</LeaderType>
			<FlavorType>FLAVOR_CULTURE</FlavorType>
			<Flavor>5</Flavor>
		</Row>
		<Row>
			<LeaderType>LEADER_DAGULT</LeaderType>
			<FlavorType>FLAVOR_HAPPINESS</FlavorType>
			<Flavor>6</Flavor>
		</Row>
		<Row>
			<LeaderType>LEADER_DAGULT</LeaderType>
			<FlavorType>FLAVOR_GREAT_PEOPLE</FlavorType>
			<Flavor>6</Flavor>
		</Row>
		<Row>
			<LeaderType>LEADER_DAGULT</LeaderType>
			<FlavorType>FLAVOR_WONDER</FlavorType>
			<Flavor>6</Flavor>
		</Row>
		<Row>
			<LeaderType>LEADER_DAGULT</LeaderType>
			<FlavorType>FLAVOR_RELIGION</FlavorType>
			<Flavor>4</Flavor>
		</Row>
		<Row>
			<LeaderType>LEADER_DAGULT</LeaderType>
			<FlavorType>FLAVOR_DIPLOMACY</FlavorType>
			<Flavor>5</Flavor>
		</Row>
		<Row>
			<LeaderType>LEADER_DAGULT</LeaderType>
			<FlavorType>FLAVOR_SPACESHIP</FlavorType>
			<Flavor>8</Flavor>
		</Row>
		<Row>
			<LeaderType>LEADER_DAGULT</LeaderType>
			<FlavorType>FLAVOR_WATER_CONNECTION</FlavorType>
			<Flavor>5</Flavor>
		</Row>
		<Row>
			<LeaderType>LEADER_DAGULT</LeaderType>
			<FlavorType>FLAVOR_NUKE</FlavorType>
			<Flavor>5</Flavor>
		</Row>
		<Row>
			<LeaderType>LEADER_DAGULT</LeaderType>
			<FlavorType>FLAVOR_USE_NUKE</FlavorType>
			<Flavor>5</Flavor>
		</Row>
		<Row>
			<LeaderType>LEADER_DAGULT</LeaderType>
			<FlavorType>FLAVOR_ESPIONAGE</FlavorType>
			<Flavor>7</Flavor>
		</Row>
		<Row>
			<LeaderType>LEADER_DAGULT</LeaderType>
			<FlavorType>FLAVOR_ANTIAIR</FlavorType>
			<Flavor>7</Flavor>
		</Row>
		<Row>
			<LeaderType>LEADER_DAGULT</LeaderType>
			<FlavorType>FLAVOR_AIR_CARRIER</FlavorType>
			<Flavor>3</Flavor>
		</Row>
		<Row>
			<LeaderType>LEADER_DAGULT</LeaderType>
			<FlavorType>FLAVOR_I_LAND_TRADE_ROUTE</FlavorType>
			<Flavor>7</Flavor>
		</Row>
		<Row>
			<LeaderType>LEADER_DAGULT</LeaderType>
			<FlavorType>FLAVOR_I_SEA_TRADE_ROUTE</FlavorType>
			<Flavor>7</Flavor>
		</Row>
		<Row>
			<LeaderType>LEADER_DAGULT</LeaderType>
			<FlavorType>FLAVOR_ARCHAEOLOGY</FlavorType>
			<Flavor>4</Flavor>
		</Row>
		<Row>
			<LeaderType>LEADER_DAGULT</LeaderType>
			<FlavorType>FLAVOR_I_TRADE_ORIGIN</FlavorType>
			<Flavor>6</Flavor>
		</Row>
		<Row>
			<LeaderType>LEADER_DAGULT</LeaderType>
			<FlavorType>FLAVOR_I_TRADE_DESTINATION</FlavorType>
			<Flavor>6</Flavor>
		</Row>
		<Row>
			<LeaderType>LEADER_DAGULT</LeaderType>
			<FlavorType>FLAVOR_AIRLIFT</FlavorType>
			<Flavor>6</Flavor>
		</Row>
	</Leader_Flavors>
	
	<Leader_Traits>
		<Row>
			<LeaderType>LEADER_DAGULT</LeaderType>
			<TraitType>TRAIT_HIGHMAGIC</TraitType>
		</Row>
	</Leader_Traits>
	
	<Language_en_US>
		<Row Tag="TXT_KEY_LEADER_DAGULT">
			<Text>Dagult Neverember</Text>
		</Row>
		<Row Tag="TXT_KEY_CIVILOPEDIA_LEADERS_DAGULT_LIVED">
			<Text>1400 - 1500 DR</Text>
		</Row>
		<Row Tag="TXT_KEY_CIVILOPEDIA_LEADERS_DAGULT_NAME">
			<Text>Dagult Neverember</Text>
		</Row>
		<Row Tag="TXT_KEY_CIVILOPEDIA_LEADERS_DAGULT_SUBTITLE">
			<Text>Lord Protector of Neverwinter</Text>
		</Row>
		<Row Tag="TXT_KEY_CIVILOPEDIA_LEADERS_DAGULT_HEADING_1">
			<Text>Background</Text>
		</Row>
		<Row Tag="TXT_KEY_CIVILOPEDIA_LEADERS_DAGULT_HEADING_2">
			<Text>Personality</Text>
		</Row>
		<Row Tag="TXT_KEY_CIVILOPEDIA_LEADERS_DAGULT_HEADING_3">
			<Text>Early History</Text>
		</Row>
		<Row Tag="TXT_KEY_CIVILOPEDIA_LEADERS_DAGULT_HEADING_4">
			<Text>Rebuilding Neverwinter</Text>
		</Row>
		<Row Tag="TXT_KEY_CIVILOPEDIA_LEADERS_DAGULT_HEADING_5">
			<Text>Exile from Waterdeep</Text>
		</Row>
		<Row Tag="TXT_KEY_CIVILOPEDIA_LEADERS_DAGULT_TEXT_1">
			<Text>
				Dagult Neverember was the Open Lord of Waterdeep and the Lord Protector of New Neverwinter around 1479 DR. In 1489 DR, he focused entirely in his role as Lord Protector of Neverwinter. He also was a member of the Lords' Alliance.  [NEWLINE][NEWLINE]Neverember has "pumpkin-brown" hair, deep-set dark eyes, and broad shoulders. He was often called a "lion of a man" for both his appearance and bearing.
			</Text>
		</Row>
		<Row Tag="TXT_KEY_CIVILOPEDIA_LEADERS_DAGULT_TEXT_2">
			<Text>
				Neverember had a quick temper. He held a dislike of demihumans and abused them in private. Publicly, however, he was quite a diplomat and appeared to have Waterdeep's, and later Neverwinter's, best interests at heart.
			</Text>
		</Row>
		<Row Tag="TXT_KEY_CIVILOPEDIA_LEADERS_DAGULT_TEXT_3">
			<Text>
				Neverember married a member of the Brandarth family, adding her broad property holdings and wealth to his own. She bore him a son, Renaer Neverember, before dying when Renaer was still in his youth. She left everything to Renaer rather than Dagult, which contributed to Dagult's rocky relationship with his son.
			</Text>
		</Row>
		<Row Tag="TXT_KEY_CIVILOPEDIA_LEADERS_DAGULT_TEXT_4">
			<Text>
				Years after the destruction of Neverwinter in 1462 DR, Neverember hired Mintarn mercenaries to help rebuild the city, claiming himself to be a descendant of Neverwinter's former rulers and thus the rightful "Lord Protector" of Neverwinter. To make credence to his claims, Dagult invested a great deal of his own personal fortune to rebuild the city infrastructure, buy the interest of merchants to sent their caravans again to Neverwinter, and even ensuring Neverwintan refugees had enough food and gold in hand. Dagult's true intentions were to increase the prosperity of the city in order to gain the favor and love of the Neverwintan so that they would welcome him as their king in the future; and eventually, to use Neverwinter as the center of a powerful mercantile empire under his command. [NEWLINE][NEWLINE]Neverember left the day-to-day running of the city to General Sabine and Mayor Soman Galt. While in Neverwinter, Dagult operated out of the Hall of Justice and lived in the Lord's Residence. The Sons of Alagondar, an underground movement associated with the Harpers, resisted Neverember's reign, fearing that his aims were imperialistic and would not aid the city in the long run.
			</Text>
		</Row>
		<Row Tag="TXT_KEY_CIVILOPEDIA_LEADERS_DAGULT_TEXT_5">
			<Text>
				In 1479 DR, Dagult conspired with Khondar "Ten-Rings" Naomal to find the Overlord's Helm in order to find out the secrets of his fellow Lords of Waterdeep; it was unlikely, however, that he was aware of the full extent of Khondar's plans to establish wizards as the rulers of Waterdeep. [NEWLINE][NEWLINE]In 1489 DR, during the Tyranny of Dragons, Neverember was exiled from Waterdeep and replaced as Open Lord of Waterdeep by Laeral Silverhand. After being ousted of his city and former position, Dagult then focused all of his efforts in his role of Lord Protector of Neverwinter, who had slowly being restored as a center of civilization in the Sword Coast. Due to this commitment and his past accomplishments helping Neverwinter and its citizens, the people of Neverwinter finally accepted Dagult as the rightful leader of their city. Even his staunch opposition, the Sons of Alagondar, eventually began to serve under his command. When followers of Tyr went to Neverwinter to restore the temple of their god, Dagult gave them the Hall of Justice for that purpose and moved into a private villa. This action made him even more worthy of a leader in the eyes of the Neverwintan.
			</Text>
		</Row>
		<Row Tag="TXT_KEY_CIVILOPEDIA_LEADERS_DAGULT_TITLES_1">
			<Text>Open Lord,[NEWLINE]Lord Protector</Text>
		</Row>
	</Language_en_US>
</GameData>