<?xml version="1.0" encoding="utf-8"?>
<!-- Created by ModBuddy on 10/15/2017 5:55:03 PM -->
<GameData>
  <!-- TODO: Insert table creation example here. -->
 
  <!-- TODO: Insert table data example here.-->
  
  <!-- Enter your Game Data here. -->
	<Features>
		<Row>
			<Type>FEATURE_NEVERWINTER_MOUNTAIN</Type>
			<Description>Mountain</Description>
			<Civilopedia>Mountain</Civilopedia>
			<Help>Mountain</Help>
			<ArtDefineTag>NULL</ArtDefineTag>
			<Movement>2</Movement>
			<Impassable>true</Impassable>
			<PortraitIndex>8</PortraitIndex>
			<IconAtlas>NW_ATLAS</IconAtlas>
		</Row>
	</Features>

	<Building_FeatureYieldChanges>
		<Row>
			<BuildingType>BUILDING_NW_NWT</BuildingType>
			<FeatureType>FEATURE_NEVERWINTER_MOUNTAIN</FeatureType>
			<YieldType>YIELD_SCIENCE</YieldType>
			<Yield>2</Yield>
		</Row>
		<Row>
			<BuildingType>BUILDING_NW_NWT</BuildingType>
			<FeatureType>FEATURE_NEVERWINTER_MOUNTAIN</FeatureType>
			<YieldType>YIELD_FOOD</YieldType>
			<Yield>2</Yield>
		</Row>
		<Row>
			<BuildingType>BUILDING_NW_MAGICGUILD</BuildingType>
			<FeatureType>FEATURE_NEVERWINTER_MOUNTAIN</FeatureType>
			<YieldType>YIELD_FAITH</YieldType>
			<Yield>2</Yield>
		</Row>
	</Building_FeatureYieldChanges>
</GameData>