<?xml version="1.0" encoding="utf-8"?>
<!-- Created by ModBuddy on 10/15/2017 3:22:13 PM -->
<GameData>
  <!-- TODO: Insert table creation example here. -->
 
  <!-- TODO: Insert table data example here.-->
  
  <!-- Enter your Game Data here. -->
	<UnitPromotions>
		<Row>
			<Type>PROMOTION_NW_MAGUS</Type>
			<Description>TXT_KEY_PROMOTION_NW_MAGUS</Description>
			<Help>TXT_KEY_PROMOTION_NW_MAGUS_HELP</Help>
			<PediaType>PEDIA_ATTRIBUTES</PediaType>
			<PediaEntry>TXT_KEY_PROMOTION_NW_MAGUS_PEDIA</PediaEntry>
			<Sound>AS2D_IF_LEVELUP</Sound>
			<IconAtlas>NW_PROMOTION_ATLAS</IconAtlas>
			<PortraitIndex>3</PortraitIndex>
			<CannotBeChosen>true</CannotBeChosen>
			<LostWithUpgrade>true</LostWithUpgrade>

			<IgnoreZOC>true</IgnoreZOC>
			<AllowsEmbarkation>true</AllowsEmbarkation>
			<GreatGeneral>true</GreatGeneral>
			<CanMoveAfterAttacking>true</CanMoveAfterAttacking>
			<NearbyEnemyCombatMod>-15</NearbyEnemyCombatMod>
			<NearbyEnemyCombatRange>1</NearbyEnemyCombatRange>
			<ExtraWithdrawal>25</ExtraWithdrawal>
			<DefenseMod>15</DefenseMod>
			<RangedDefenseMod>15</RangedDefenseMod>
			<ExperiencePercent>-150</ExperiencePercent>
		</Row>
	</UnitPromotions>

	<Language_en_US>
		<Row Tag="TXT_KEY_PROMOTION_NW_MAGUS">
			<Text>Magus</Text>
		</Row>
		<Row Tag="TXT_KEY_PROMOTION_NW_MAGUS_HELP">
			<Text>Provides Great General Leadership bonus. May move after combat. Frightens nearby enemies, reducing their combat power 15% for 1 tile range. Provides 15% additional melee and ranged defense. 25% chance of withdrawing from combat if defeated. May embark</Text>
		</Row>
		<Row Tag="TXT_KEY_PROMOTION_NW_MAGUS_PEDIA">
			<Text>Magus Promotion provides significant capabilities to the unit possessing it. It provides the Great General Leadership bonus and frightens nearby enemies, reducing their combat power 15% for 1 tile range. It also provides 15% additional melee and ranged defense. Units with the promotion have a 25% chance of withdrawing from combat if defeated. They are also able to embark.</Text>
		</Row>
	</Language_en_US>
</GameData>