<?xml version="1.0" encoding="utf-8"?>
<!-- Created by ModBuddy on 10/30/2016 3:24:53 PM -->
<GameData>
  <!-- TODO: Insert table creation example here. -->
 
  <!-- TODO: Insert table data example here.-->
  
  <!-- Enter your Game Data here. -->
	<Audio_Sounds>
		<!-- Peace -->
		<Row>
			<SoundID>SND_LEADER_MUSIC_DAGULT_PEACE</SoundID>
			<Filename>NW_peace0</Filename>
			<LoadType>DynamicResident</LoadType>
		</Row>
		<Row>
			<SoundID>SND_NEVERWINTER_PEACE_01</SoundID>
			<Filename>NW_peace1</Filename>
			<LoadType>DynamicResident</LoadType>
		</Row>
		<Row>
			<SoundID>SND_NEVERWINTER_PEACE_02</SoundID>
			<Filename>NW_peace2</Filename>
			<LoadType>DynamicResident</LoadType>
		</Row>
		<Row>
			<SoundID>SND_NEVERWINTER_PEACE_03</SoundID>
			<Filename>NW_peace3</Filename>
			<LoadType>DynamicResident</LoadType>
		</Row>
		<Row>
			<SoundID>SND_NEVERWINTER_PEACE_04</SoundID>
			<Filename>NW_peace4</Filename>
			<LoadType>DynamicResident</LoadType>
		</Row>
		<Row>
			<SoundID>SND_NEVERWINTER_PEACE_05</SoundID>
			<Filename>NW_peace5</Filename>
			<LoadType>DynamicResident</LoadType>
		</Row>
		<Row>
			<SoundID>SND_NEVERWINTER_PEACE_06</SoundID>
			<Filename>NW_peace0</Filename>
			<LoadType>DynamicResident</LoadType>
		</Row>
		
		<!-- War -->
		<Row>
			<SoundID>SND_LEADER_MUSIC_DAGULT_WAR</SoundID>
			<Filename>NW_war0</Filename>
			<LoadType>DynamicResident</LoadType>
		</Row>
		<Row>
			<SoundID>SND_NEVERWINTER_WAR_01</SoundID>
			<Filename>NW_war1</Filename>
			<LoadType>DynamicResident</LoadType>
		</Row>
		<Row>
			<SoundID>SND_NEVERWINTER_WAR_02</SoundID>
			<Filename>NW_war2</Filename>
			<LoadType>DynamicResident</LoadType>
		</Row>
		<Row>
			<SoundID>SND_NEVERWINTER_WAR_03</SoundID>
			<Filename>NW_war3</Filename>
			<LoadType>DynamicResident</LoadType>
		</Row>
		<Row>
			<SoundID>SND_NEVERWINTER_WAR_04</SoundID>
			<Filename>NW_war4</Filename>
			<LoadType>DynamicResident</LoadType>
		</Row>
		<Row>
			<SoundID>SND_NEVERWINTER_WAR_05</SoundID>
			<Filename>NW_war0</Filename>
			<LoadType>DynamicResident</LoadType>
		</Row>
	</Audio_Sounds>

	<Audio_2DSounds>
		<!-- Peace -->
		<Row>
			<ScriptID>AS2D_LEADER_MUSIC_DAGULT_PEACE</ScriptID>
			<SoundID>SND_LEADER_MUSIC_DAGULT_PEACE</SoundID>
			<SoundType>GAME_MUSIC</SoundType>
			<MinVolume>65</MinVolume>
			<MaxVolume>85</MaxVolume>
			<IsMusic>true</IsMusic>
		</Row>
		<Row>
			<ScriptID>SONG_NEVERWINTER_PEACE_1</ScriptID>
			<SoundID>SND_NEVERWINTER_PEACE_01</SoundID>
			<SoundType>GAME_MUSIC</SoundType>
			<MinVolume>65</MinVolume>
			<MaxVolume>85</MaxVolume>
			<IsMusic>true</IsMusic>
		</Row>
		<Row>
			<ScriptID>SONG_NEVERWINTER_PEACE_2</ScriptID>
			<SoundID>SND_NEVERWINTER_PEACE_02</SoundID>
			<SoundType>GAME_MUSIC</SoundType>
			<MinVolume>65</MinVolume>
			<MaxVolume>85</MaxVolume>
			<IsMusic>true</IsMusic>
		</Row>
		<Row>
			<ScriptID>SONG_NEVERWINTER_PEACE_3</ScriptID>
			<SoundID>SND_NEVERWINTER_PEACE_03</SoundID>
			<SoundType>GAME_MUSIC</SoundType>
			<MinVolume>65</MinVolume>
			<MaxVolume>85</MaxVolume>
			<IsMusic>true</IsMusic>
		</Row>
		<Row>
			<ScriptID>SONG_NEVERWINTER_PEACE_4</ScriptID>
			<SoundID>SND_NEVERWINTER_PEACE_04</SoundID>
			<SoundType>GAME_MUSIC</SoundType>
			<MinVolume>65</MinVolume>
			<MaxVolume>85</MaxVolume>
			<IsMusic>true</IsMusic>
		</Row>
		<Row>
			<ScriptID>SONG_NEVERWINTER_PEACE_5</ScriptID>
			<SoundID>SND_NEVERWINTER_PEACE_05</SoundID>
			<SoundType>GAME_MUSIC</SoundType>
			<MinVolume>65</MinVolume>
			<MaxVolume>85</MaxVolume>
			<IsMusic>true</IsMusic>
		</Row>
		<Row>
			<ScriptID>SONG_NEVERWINTER_PEACE_6</ScriptID>
			<SoundID>SND_NEVERWINTER_PEACE_06</SoundID>
			<SoundType>GAME_MUSIC</SoundType>
			<MinVolume>65</MinVolume>
			<MaxVolume>85</MaxVolume>
			<IsMusic>true</IsMusic>
		</Row>
		
		<!-- War -->
		<Row>
			<ScriptID>AS2D_LEADER_MUSIC_DAGULT_WAR</ScriptID>
			<SoundID>SND_LEADER_MUSIC_DAGULT_WAR</SoundID>
			<SoundType>GAME_MUSIC</SoundType>
			<MinVolume>65</MinVolume>
			<MaxVolume>85</MaxVolume>
			<IsMusic>true</IsMusic>
		</Row>
		<Row>
			<ScriptID>SONG_NEVERWINTER_WAR_1</ScriptID>
			<SoundID>SND_NEVERWINTER_WAR_01</SoundID>
			<SoundType>GAME_MUSIC</SoundType>
			<MinVolume>65</MinVolume>
			<MaxVolume>85</MaxVolume>
			<IsMusic>true</IsMusic>
		</Row>
		<Row>
			<ScriptID>SONG_NEVERWINTER_WAR_2</ScriptID>
			<SoundID>SND_NEVERWINTER_WAR_02</SoundID>
			<SoundType>GAME_MUSIC</SoundType>
			<MinVolume>65</MinVolume>
			<MaxVolume>85</MaxVolume>
			<IsMusic>true</IsMusic>
		</Row>
		<Row>
			<ScriptID>SONG_NEVERWINTER_WAR_3</ScriptID>
			<SoundID>SND_NEVERWINTER_WAR_03</SoundID>
			<SoundType>GAME_MUSIC</SoundType>
			<MinVolume>65</MinVolume>
			<MaxVolume>85</MaxVolume>
			<IsMusic>true</IsMusic>
		</Row>
		<Row>
			<ScriptID>SONG_NEVERWINTER_WAR_4</ScriptID>
			<SoundID>SND_NEVERWINTER_WAR_04</SoundID>
			<SoundType>GAME_MUSIC</SoundType>
			<MinVolume>65</MinVolume>
			<MaxVolume>85</MaxVolume>
			<IsMusic>true</IsMusic>
		</Row>
		<Row>
			<ScriptID>SONG_NEVERWINTER_WAR_5</ScriptID>
			<SoundID>SND_NEVERWINTER_WAR_05</SoundID>
			<SoundType>GAME_MUSIC</SoundType>
			<MinVolume>65</MinVolume>
			<MaxVolume>85</MaxVolume>
			<IsMusic>true</IsMusic>
		</Row>
	</Audio_2DSounds>
</GameData>