<?xml version="1.0" encoding="utf-8"?>
<!-- Created by ModBuddy on 10/29/2016 9:11:51 PM -->
<GameData>
	<BuildingClasses>
		<Row>
			<Type>BUILDINGCLASS_NW_NWT</Type>
			<DefaultBuilding>BUILDING_NW_NWT</DefaultBuilding>
			<Description>TXT_KEY_BUILDING_NW_NWT</Description>
		</Row>
	</BuildingClasses>
	
	<Buildings>
		<Row>
			<Type>BUILDING_NW_NWT</Type>
			<Description>TXT_KEY_BUILDING_NW_NWT</Description>
			<Civilopedia>TXT_KEY_CIV5_NW_NWT_TEXT</Civilopedia>
			<Strategy>TXT_KEY_CIV5_NW_NWT_STRATEGY</Strategy>
			<Help></Help>
			<ThemingBonusHelp></ThemingBonusHelp>
			<Quote></Quote>
			<GoldMaintenance>0</GoldMaintenance>
			<MutuallyExclusiveGroup>-1</MutuallyExclusiveGroup>
			<TeamShare>0</TeamShare>
			<Water>0</Water>
			<River>0</River>
			<FreshWater>0</FreshWater>
			<Mountain>0</Mountain>
			<NearbyMountainRequired>0</NearbyMountainRequired>
			<Hill>0</Hill>
			<Flat>0</Flat>
			<FoundsReligion>0</FoundsReligion>
			<IsReligious>0</IsReligious>
			<BorderObstacle>0</BorderObstacle>
			<PlayerBorderObstacle>0</PlayerBorderObstacle>
			<Capital>0</Capital>
			<GoldenAge>0</GoldenAge>
			<MapCentering>0</MapCentering>
			<NeverCapture>1</NeverCapture>
			<NukeImmune>0</NukeImmune>
			<AllowsWaterRoutes>0</AllowsWaterRoutes>
			<ExtraLuxuries>0</ExtraLuxuries>
			<DiplomaticVoting>0</DiplomaticVoting>
			<AffectSpiesNow>0</AffectSpiesNow>
			<NullifyInfluenceModifier>0</NullifyInfluenceModifier>
			<Cost>-1</Cost>
			<FaithCost>-1</FaithCost>
			<LeagueCost>0</LeagueCost>
			<UnlockedByBelief>0</UnlockedByBelief>
			<UnlockedByLeague>0</UnlockedByLeague>
			<HolyCity>0</HolyCity>
			<NumCityCostMod>0</NumCityCostMod>
			<HurryCostModifier>0</HurryCostModifier>
			<MinAreaSize>-1</MinAreaSize>
			<ConquestProb>0</ConquestProb>
			<CitiesPrereq>0</CitiesPrereq>
			<LevelPrereq>0</LevelPrereq>
			<CultureRateModifier>0</CultureRateModifier>
			<GlobalCultureRateModifier>0</GlobalCultureRateModifier>
			<GreatPeopleRateModifier>0</GreatPeopleRateModifier>
			<GlobalGreatPeopleRateModifier>0</GlobalGreatPeopleRateModifier>
			<GreatGeneralRateModifier>0</GreatGeneralRateModifier>
			<GreatPersonExpendGold>0</GreatPersonExpendGold>
			<GoldenAgeModifier>0</GoldenAgeModifier>
			<UnitUpgradeCostMod>0</UnitUpgradeCostMod>
			<Experience>0</Experience>
			<GlobalExperience>0</GlobalExperience>
			<FoodKept>0</FoodKept>
			<Airlift>0</Airlift>
			<AirModifier>0</AirModifier>
			<NukeModifier>0</NukeModifier>
			<NukeExplosionRand>0</NukeExplosionRand>
			<HealRateChange>0</HealRateChange>
			<Happiness>0</Happiness>
			<UnmoddedHappiness>0</UnmoddedHappiness>
			<UnhappinessModifier>0</UnhappinessModifier>
			<HappinessPerCity>0</HappinessPerCity>
			<HappinessPerXPolicies>0</HappinessPerXPolicies>
			<CityCountUnhappinessMod>0</CityCountUnhappinessMod>
			<NoOccupiedUnhappiness>0</NoOccupiedUnhappiness>
			<WorkerSpeedModifier>0</WorkerSpeedModifier>
			<MilitaryProductionModifier>0</MilitaryProductionModifier>
			<SpaceProductionModifier>0</SpaceProductionModifier>
			<GlobalSpaceProductionModifier>0</GlobalSpaceProductionModifier>
			<BuildingProductionModifier>0</BuildingProductionModifier>
			<WonderProductionModifier>0</WonderProductionModifier>
			<CityConnectionTradeRouteModifier>0</CityConnectionTradeRouteModifier>
			<CapturePlunderModifier>0</CapturePlunderModifier>
			<PolicyCostModifier>0</PolicyCostModifier>
			<PlotCultureCostModifier>0</PlotCultureCostModifier>
			<GlobalPlotCultureCostModifier>0</GlobalPlotCultureCostModifier>
			<PlotBuyCostModifier>0</PlotBuyCostModifier>
			<GlobalPlotBuyCostModifier>0</GlobalPlotBuyCostModifier>
			<GlobalPopulationChange>0</GlobalPopulationChange>
			<TechShare>0</TechShare>
			<FreeTechs>0</FreeTechs>
			<FreePolicies>0</FreePolicies>
			<FreeGreatPeople>0</FreeGreatPeople>
			<MedianTechPercentChange>0</MedianTechPercentChange>
			<Gold>0</Gold>
			<AllowsRangeStrike>0</AllowsRangeStrike>
			<Espionage>0</Espionage>
			<AllowsFoodTradeRoutes>0</AllowsFoodTradeRoutes>
			<AllowsProductionTradeRoutes>0</AllowsProductionTradeRoutes>
			<Defense>0</Defense>
			<ExtraCityHitPoints>0</ExtraCityHitPoints>
			<GlobalDefenseMod>0</GlobalDefenseMod>
			<MinorFriendshipChange>0</MinorFriendshipChange>
			<VictoryPoints>0</VictoryPoints>
			<ExtraMissionarySpreads>0</ExtraMissionarySpreads>
			<ReligiousPressureModifier>0</ReligiousPressureModifier>
			<EspionageModifier>0</EspionageModifier>
			<GlobalEspionageModifier>0</GlobalEspionageModifier>
			<ExtraSpies>0</ExtraSpies>
			<SpyRankChange>0</SpyRankChange>
			<InstantSpyRankChange>0</InstantSpyRankChange>
			<TradeRouteRecipientBonus>0</TradeRouteRecipientBonus>
			<TradeRouteTargetBonus>0</TradeRouteTargetBonus>
			<NumTradeRouteBonus>0</NumTradeRouteBonus>
			<LandmarksTourismPercent>0</LandmarksTourismPercent>
			<InstantMilitaryIncrease>0</InstantMilitaryIncrease>
			<GreatWorksTourismModifier>0</GreatWorksTourismModifier>
			<XBuiltTriggersIdeologyChoice>0</XBuiltTriggersIdeologyChoice>
			<TradeRouteSeaDistanceModifier>0</TradeRouteSeaDistanceModifier>
			<TradeRouteSeaGoldBonus>0</TradeRouteSeaGoldBonus>
			<TradeRouteLandDistanceModifier>0</TradeRouteLandDistanceModifier>
			<TradeRouteLandGoldBonus>0</TradeRouteLandGoldBonus>
			<CityStateTradeRouteProductionModifier>0</CityStateTradeRouteProductionModifier>
			<GreatScientistBeakerModifier>0</GreatScientistBeakerModifier>
			<BuildingClass>BUILDINGCLASS_NW_NWT</BuildingClass>
			<ArtDefineTag>OPERA_HOUSE</ArtDefineTag>
			<NearbyTerrainRequired></NearbyTerrainRequired>
			<ProhibitedCityTerrain></ProhibitedCityTerrain>
			<VictoryPrereq></VictoryPrereq>
			<FreeStartEra></FreeStartEra>
			<MaxStartEra></MaxStartEra>
			<ObsoleteTech></ObsoleteTech>
			<EnhancedYieldTech></EnhancedYieldTech>
			<TechEnhancedTourism>0</TechEnhancedTourism>
			<FreeBuilding></FreeBuilding>
			<FreeBuildingThisCity></FreeBuildingThisCity>
			<FreePromotion></FreePromotion>
			<TrainedFreePromotion></TrainedFreePromotion>
			<FreePromotionRemoved></FreePromotionRemoved>
			<ReplacementBuildingClass></ReplacementBuildingClass>
			<PrereqTech>NULL</PrereqTech>
			<PolicyBranchType></PolicyBranchType>
			<SpecialistType></SpecialistType>
			<SpecialistCount>0</SpecialistCount>
			<GreatWorkSlotType></GreatWorkSlotType>
			<FreeGreatWork></FreeGreatWork>
			<GreatWorkCount>-1</GreatWorkCount>
			<SpecialistExtraCulture>0</SpecialistExtraCulture>
			<GreatPeopleRateChange>0</GreatPeopleRateChange>
			<ExtraLeagueVotes>0</ExtraLeagueVotes>
			<CityWall>0</CityWall>
			<DisplayPosition>0</DisplayPosition>
			<PortraitIndex>0</PortraitIndex>
			<WonderSplashImage></WonderSplashImage>
			<WonderSplashAnchor>R,T</WonderSplashAnchor>
			<WonderSplashAudio></WonderSplashAudio>
			<IconAtlas>EXPANSION_BW_ATLAS_1</IconAtlas>
			<ArtInfoCulturalVariation>0</ArtInfoCulturalVariation>
			<ArtInfoEraVariation>0</ArtInfoEraVariation>
			<ArtInfoRandomVariation>0</ArtInfoRandomVariation>
		</Row>
	</Buildings>

	<Language_en_US>
		<Row Tag="TXT_KEY_BUILDING_NW_NWT">
			<Text>Neverwinter Trait Building</Text>
			<Plurality>2</Plurality>
		</Row>
		<Row Tag="TXT_KEY_CIV5_NW_NWT_TEXT">
			<Text>
				Dummy Text.
			</Text>
		</Row>
		<Row Tag="TXT_KEY_CIV5_NW_NWT_STRATEGY">
			<Text>Dummy Text.</Text>
		</Row>
	</Language_en_US>
</GameData>