<?xml version="1.0" encoding="utf-8"?>
<!-- Created by ModBuddy on 10/15/2017 1:02:24 AM -->
<GameData>
	<ArtDefine_UnitInfos>
		<Row>
			<Type>ART_DEF_UNIT_SORCERER</Type>
			<DamageStates>1</DamageStates>
			<Formation>Unformed</Formation>
		</Row>
	</ArtDefine_UnitInfos>

	<ArtDefine_UnitInfoMemberInfos>
		<Row>
			<UnitInfoType>ART_DEF_UNIT_SORCERER</UnitInfoType>
			<UnitMemberInfoType>ART_DEF_UNIT_MEMBER_SORCERER</UnitMemberInfoType>
			<NumMembers>1</NumMembers>
		</Row>
	</ArtDefine_UnitInfoMemberInfos>

	<ArtDefine_UnitMemberInfos>
		<Row>
			<Type>ART_DEF_UNIT_MEMBER_SORCERER</Type>
			<Scale>0.16</Scale>
			<!--0.140000000596046/-->
			<Model>Wizard_M6.fxsxml</Model>
			<MaterialTypeTag>CLOTH</MaterialTypeTag>
			<MaterialTypeSoundOverrideTag>FLESH</MaterialTypeSoundOverrideTag>
		</Row>
	</ArtDefine_UnitMemberInfos>

	<ArtDefine_UnitMemberCombats>
		<Row>
			<UnitMemberType>ART_DEF_UNIT_MEMBER_SORCERER</UnitMemberType>
			<EnableActions>Idle Attack RunCharge AttackCity Bombard Death BombardDefend Run Fortify CombatReady Walk AttackCharge</EnableActions>
			<ShortMoveRadius>12.0</ShortMoveRadius>
			<ShortMoveRate>0.349999994039536</ShortMoveRate>
			<TargetHeight>8.0</TargetHeight>
			<HasRefaceAfterCombat>1</HasRefaceAfterCombat>
		</Row>
	</ArtDefine_UnitMemberCombats>

	<ArtDefine_UnitMemberCombatWeapons>
		<Row>
			<UnitMemberType>ART_DEF_UNIT_MEMBER_SORCERER</UnitMemberType>
			<Index>0</Index>
			<SubIndex>0</SubIndex>
			<WeaponTypeTag>BLUNT</WeaponTypeTag>
			<WeaponTypeSoundOverrideTag>SPEAR</WeaponTypeSoundOverrideTag>
		</Row>
	</ArtDefine_UnitMemberCombatWeapons>

	<ArtDefine_StrategicView>
		<Row>
			<StrategicViewType>ART_DEF_UNIT_SORCERER</StrategicViewType>
			<TileType>Unit</TileType>
			<Asset>sv_magus.dds</Asset>
		</Row>
	</ArtDefine_StrategicView>
</GameData>