<?xml version="1.0" encoding="utf-8"?>
<!-- Created by ModBuddy on 10/29/2016 7:58:52 PM -->
<GameData>
  <!-- TODO: Insert table creation example here. -->
 
  <!-- TODO: Insert table data example here.-->
  
  <!-- Enter your Game Data here. -->
	<Units>
		<Row>
			<Type>UNIT_RANGEDELITE</Type>
			<Description>TXT_KEY_UNIT_RANGEDELITE</Description>
			<Civilopedia>TXT_KEY_CIVILOPEDIA_UNITS_RANGEDELITE_TEXT</Civilopedia>
			<Strategy>TXT_KEY_UNIT_RANGEDELITE_STRATEGY</Strategy>
			<Help>TXT_KEY_UNIT_HELP_RANGEDELITE</Help>
			<Requirements></Requirements>
			<Combat>10</Combat>
			<RangedCombat>14</RangedCombat>
			<Cost>120</Cost>
			<FaithCost>240</FaithCost>
			<RequiresFaithPurchaseEnabled>1</RequiresFaithPurchaseEnabled>
			<Moves>2</Moves>
			<Range>2</Range>
			<BaseSightRange>2</BaseSightRange>
			<Class>UNITCLASS_CROSSBOWMAN</Class>
			<Special></Special>
			<Capture></Capture>
			<CombatClass>UNITCOMBAT_ARCHER</CombatClass>
			<Domain>DOMAIN_LAND</Domain>
			<CivilianAttackPriority></CivilianAttackPriority>
			<DefaultUnitAI>UNITAI_RANGED</DefaultUnitAI>
			<Food>0</Food>
			<NoBadGoodies>0</NoBadGoodies>
			<RivalTerritory>0</RivalTerritory>
			<MilitarySupport>1</MilitarySupport>
			<MilitaryProduction>1</MilitaryProduction>
			<Pillage>1</Pillage>
			<PillagePrereqTech></PillagePrereqTech>
			<Found>0</Found>
			<FoundAbroad>0</FoundAbroad>
			<CultureBombRadius>0</CultureBombRadius>
			<GoldenAgeTurns>0</GoldenAgeTurns>
			<FreePolicies>0</FreePolicies>
			<OneShotTourism>0</OneShotTourism>
			<OneShotTourismPercentOthers>0</OneShotTourismPercentOthers>
			<IgnoreBuildingDefense>0</IgnoreBuildingDefense>
			<PrereqResources>0</PrereqResources>
			<Mechanized>0</Mechanized>
			<Suicide>0</Suicide>
			<CaptureWhileEmbarked>0</CaptureWhileEmbarked>
			<PrereqTech>TECH_MACHINERY</PrereqTech>
			<ObsoleteTech></ObsoleteTech>
			<GoodyHutUpgradeUnitClass>UNITCLASS_GATLINGGUN</GoodyHutUpgradeUnitClass>
			<HurryCostModifier>0</HurryCostModifier>
			<AdvancedStartCost>20</AdvancedStartCost>
			<MinAreaSize>-1</MinAreaSize>
			<AirInterceptRange>0</AirInterceptRange>
			<AirUnitCap>0</AirUnitCap>
			<NukeDamageLevel>-1</NukeDamageLevel>
			<WorkRate>0</WorkRate>
			<NumFreeTechs>0</NumFreeTechs>
			<BaseBeakersTurnsToCount>0</BaseBeakersTurnsToCount>
			<BaseCultureTurnsToCount>0</BaseCultureTurnsToCount>
			<RushBuilding>0</RushBuilding>
			<BaseHurry>0</BaseHurry>
			<HurryMultiplier>0</HurryMultiplier>
			<BaseGold>0</BaseGold>
			<NumGoldPerEra>0</NumGoldPerEra>
			<SpreadReligion>0</SpreadReligion>
			<RemoveHeresy>0</RemoveHeresy>
			<ReligionSpreads>0</ReligionSpreads>
			<ReligiousStrength>0</ReligiousStrength>
			<FoundReligion>0</FoundReligion>
			<RequiresEnhancedReligion>0</RequiresEnhancedReligion>
			<ProhibitsSpread>0</ProhibitsSpread>
			<CanBuyCityState>0</CanBuyCityState>
			<CombatLimit>100</CombatLimit>
			<RangeAttackOnlyInDomain>0</RangeAttackOnlyInDomain>
			<RangeAttackIgnoreLOS>0</RangeAttackIgnoreLOS>
			<Trade>0</Trade>
			<NumExoticGoods>0</NumExoticGoods>
			<RangedCombatLimit>0</RangedCombatLimit>
			<XPValueAttack>3</XPValueAttack>
			<XPValueDefense>3</XPValueDefense>
			<SpecialCargo></SpecialCargo>
			<DomainCargo></DomainCargo>
			<Conscription>0</Conscription>
			<ExtraMaintenanceCost>0</ExtraMaintenanceCost>
			<NoMaintenance>0</NoMaintenance>
			<Unhappiness>0</Unhappiness>
			<UnitArtInfo>ART_DEF_UNIT_U_CHINESE_CHUKONU</UnitArtInfo>
			<UnitArtInfoCulturalVariation>0</UnitArtInfoCulturalVariation>
			<UnitArtInfoEraVariation>0</UnitArtInfoEraVariation>
			<ProjectPrereq></ProjectPrereq>
			<SpaceshipProject></SpaceshipProject>
			<LeaderPromotion></LeaderPromotion>
			<LeaderExperience>0</LeaderExperience>
			<DontShowYields>0</DontShowYields>
			<ShowInPedia>1</ShowInPedia>
			<MoveRate>BIPED</MoveRate>
			<UnitFlagIconOffset>0</UnitFlagIconOffset>
			<PortraitIndex>2</PortraitIndex>
			<IconAtlas>NEVERWINTER_COLOR_ATLAS</IconAtlas>
			<UnitFlagAtlas>NEVERWINTER_UNITA_FLAG_ATLAS</UnitFlagAtlas>
		</Row>
	</Units>

	<Unit_AITypes>
		<Row>
			<UnitType>UNIT_RANGEDELITE</UnitType>
			<UnitAIType>UNITAI_RANGED</UnitAIType>
		</Row>
	</Unit_AITypes>
	<!-- Unit_Buildings -->
	<!-- Unit_BuildingClassRequireds -->
	<!-- Unit_ProductionModifierBuildings -->
	<!-- Unit_Builds -->
	<Unit_ClassUpgrades>
		<Row>
			<UnitType>UNIT_RANGEDELITE</UnitType>
			<UnitClassType>UNITCLASS_GATLINGGUN</UnitClassType>
		</Row>
	</Unit_ClassUpgrades>
	<Unit_FreePromotions>
		<Row>
			<UnitType>UNIT_RANGEDELITE</UnitType>
			<PromotionType>PROMOTION_DEFEND_NEAR_CAPITAL</PromotionType>
		</Row>
		<Row>
			<UnitType>UNIT_RANGEDELITE</UnitType>
			<PromotionType>PROMOTION_SECOND_ATTACK</PromotionType>
		</Row>
	</Unit_FreePromotions>
	<Unit_Flavors>
		<Row>
			<UnitType>UNIT_RANGEDELITE</UnitType>
			<FlavorType>FLAVOR_OFFENSE</FlavorType>
			<Flavor>4</Flavor>
		</Row>
		<Row>
			<UnitType>UNIT_RANGEDELITE</UnitType>
			<FlavorType>FLAVOR_DEFENSE</FlavorType>
			<Flavor>8</Flavor>
		</Row>
		<Row>
			<UnitType>UNIT_RANGEDELITE</UnitType>
			<FlavorType>FLAVOR_RANGED</FlavorType>
			<Flavor>10</Flavor>
		</Row>
	</Unit_Flavors>
	<!-- Unit_GreatPersons -->
	<!-- Unit_ResourceQuantityRequirements -->
	<!-- Unit_UniqueNames -->
	<!-- Unit_YieldFromKills -->
	<!-- Unit_NotAITypes -->
	<!-- Unit_ProductionTraits -->
	<!-- Unit_TechTypes -->
	<!-- UnitPromotions_CivilianUnitType -->
	<UnitGameplay2DScripts>
		<Row>
			<UnitType>UNIT_RANGEDELITE</UnitType>
			<SelectionSound>AS2D_SELECT_CROSSBOWMAN</SelectionSound>
			<FirstSelectionSound>AS2D_BIRTH_CROSSBOWMAN</FirstSelectionSound>
		</Row>
	</UnitGameplay2DScripts>

	<Language_en_US>
		<Row Tag="TXT_KEY_UNIT_RANGEDELITE">
			<Text>Ranged Elite</Text>
		</Row>
		<Row Tag="TXT_KEY_CIVILOPEDIA_UNITS_RANGEDELITE_TEXT">
			<Text>
				Neverwinter's Ranged Elite.
			</Text>
		</Row>
		<Row Tag="TXT_KEY_UNIT_RANGEDELITE_STRATEGY">
			<Text>The Ranged Elite is the Neverwintan unique unit, replacing the Crossbowman. The Ranged Elite is a defense-based ranged unit, specializing in a double-attack per turn at the cost of less power.  It however gains a bonus when near the Capital.</Text>
		</Row>
		<Row Tag="TXT_KEY_UNIT_HELP_RANGEDELITE">
			<Text>Medieval ranged infantry Unit. Only the Neverwintan may build it. This Unit is weaker than the Crossbowman it replaces, but may attack twice per turn and is stronger when close to the Capital.</Text>
		</Row>
	</Language_en_US>
</GameData>