<?xml version="1.0" encoding="utf-8"?>
<!-- Created by ModBuddy on 10/30/2016 6:04:04 PM -->
<GameData>
  <!-- TODO: Insert table creation example here. -->
 
  <!-- TODO: Insert table data example here.-->
  
  <!-- Enter your Game Data here. -->
	<Buildings>
		<Row>
			<Type>BUILDING_NW_MAGICGUILD</Type>
			<Description>TXT_KEY_BUILDING_NW_MAGICGUILD</Description>
			<Civilopedia>TXT_KEY_CIV5_BUILDINGS_NW_MAGICGUILD_TEXT</Civilopedia>
			<Strategy>TXT_KEY_BUILDING_NW_MAGICGUILD_STRATEGY</Strategy>
			<Help>TXT_KEY_BUILDING_NW_MAGICGUILD_HELP</Help>
			<GoldMaintenance>1</GoldMaintenance>
			<MutuallyExclusiveGroup>-1</MutuallyExclusiveGroup>
			<NeverCapture>1</NeverCapture>
			<NukeImmune>0</NukeImmune>
			<Cost>75</Cost>
			<FaithCost>0</FaithCost>
			<HurryCostModifier>25</HurryCostModifier>
			<MinAreaSize>-1</MinAreaSize>
			<GreatScientistBeakerModifier>0</GreatScientistBeakerModifier>
			<BuildingClass>BUILDINGCLASS_LIBRARY</BuildingClass>
			<ArtDefineTag>ART_DEF_BUILDING_LIBRARY</ArtDefineTag>
			<EnhancedYieldTech></EnhancedYieldTech>
			<ReplacementBuildingClass></ReplacementBuildingClass>
			<PrereqTech>TECH_WRITING</PrereqTech>
			<SpecialistType>SPECIALIST_SCIENTIST</SpecialistType>
			<SpecialistCount>1</SpecialistCount>
			<DisplayPosition>0</DisplayPosition>
			<PortraitIndex>4</PortraitIndex>
			<WonderSplashImage></WonderSplashImage>
			<WonderSplashAnchor>R,T</WonderSplashAnchor>
			<WonderSplashAudio></WonderSplashAudio>
			<IconAtlas>NEVERWINTER_COLOR_ATLAS</IconAtlas>
			<ArtInfoCulturalVariation>0</ArtInfoCulturalVariation>
			<ArtInfoEraVariation>1</ArtInfoEraVariation>
			<ArtInfoRandomVariation>0</ArtInfoRandomVariation>
		</Row>
	</Buildings>
	
	<Building_Flavors>
		<Row>
			<BuildingType>BUILDING_NW_MAGICGUILD</BuildingType>
			<FlavorType>FLAVOR_SCIENCE</FlavorType>
			<Flavor>35</Flavor>
		</Row>
		<Row>
			<BuildingType>BUILDING_NW_MAGICGUILD</BuildingType>
			<FlavorType>FLAVOR_CULTURE</FlavorType>
			<Flavor>10</Flavor>
		</Row>
		<Row>
			<BuildingType>BUILDING_NW_MAGICGUILD</BuildingType>
			<FlavorType>FLAVOR_GREAT_PEOPLE</FlavorType>
			<Flavor>15</Flavor>
		</Row>
	</Building_Flavors>

	<Building_YieldChanges>
		<Row>
			<BuildingType>BUILDING_NW_MAGICGUILD</BuildingType>
			<YieldType>YIELD_SCIENCE</YieldType>
			<Yield>2</Yield>
		</Row>
		<Row>
			<BuildingType>BUILDING_NW_MAGICGUILD</BuildingType>
			<YieldType>YIELD_CULTURE</YieldType>
			<Yield>1</Yield>
		</Row>
	</Building_YieldChanges>

	<Building_YieldChangesPerPop>
		<Row>
			<BuildingType>BUILDING_NW_MAGICGUILD</BuildingType>
			<YieldType>YIELD_SCIENCE</YieldType>
			<Yield>50</Yield>
		</Row>
	</Building_YieldChangesPerPop>

	<Language_en_US>
		<Row Tag="TXT_KEY_BUILDING_NW_MAGICGUILD">
			<Text>Mages Guild</Text>
		</Row>
		<Row Tag="TXT_KEY_CIV5_BUILDINGS_NW_MAGICGUILD_TEXT">
			<Text>
				Magic is powerful.  Wizards and Mages across Faerun study magic to further... something.
			</Text>
		</Row>
		<Row Tag="TXT_KEY_BUILDING_NW_MAGICGUILD_STRATEGY">
			<Text>The Mages Guild is the Neverwintan unique building, replacing the Library. The Mages Guild increases the city's acquisition of [ICON_RESEARCH] Science and also provides some [ICON_CULTURE] Culture per turn, and offers an early Scientist Specialist slot.  It also grants a Faith Yield to Mountains.</Text>
		</Row>
		<Row Tag="TXT_KEY_BUILDING_NW_MAGICGUILD_HELP">
			<Text>Provides +1 [ICON_RESEARCH] Science for every 2 [ICON_CITIZEN] Citizens in this City. +2 [ICON_RESEARCH] Science, and +1 [ICON_CULTURE] Culture.  One scientist specialist slot.  Mountains provide +2 [ICON_PEACE] Faith when worked.</Text>
		</Row>
	</Language_en_US>
</GameData>