<?xml version="1.0" encoding="utf-8"?>
<!-- Created by ModBuddy on 10/15/2017 1:01:02 AM -->
<GameData>
	<UnitClasses>
		<Row>
			<Type>UNITCLASS_SORCERER</Type>
			<Description>TXT_KEY_UNIT_SORCERER</Description>
			<DefaultUnit>UNIT_WIZARD</DefaultUnit>
		</Row>
	</UnitClasses>

	<Units>
		<Row>
			<Class>UNITCLASS_WIZARD</Class>
			<Type>UNIT_WIZARD</Type>
			<Combat>1</Combat>
			<RangedCombat>1</RangedCombat>
			<Cost>-1</Cost>
			<Moves>2</Moves>
			<Range>2</Range>
			<BaseSightRange>2</BaseSightRange>
			<PrereqTech>NULL</PrereqTech>
			<ObsoleteTech>NULL</ObsoleteTech>
			<CombatClass>UNITCOMBAT_RECON</CombatClass>
			<Domain>DOMAIN_LAND</Domain>
			<DefaultUnitAI>UNITAI_RANGED</DefaultUnitAI>
			<Description>TXT_KEY_UNIT_WIZARD</Description>
			<Help>TXT_KEY_UNIT_WIZARD_HELP</Help>
			<Strategy>TXT_KEY_UNIT_WIZARD_STRATEGY</Strategy>
			<Civilopedia>TXT_KEY_UNIT_WIZARD_PEDIA</Civilopedia>
			<WorkRate>1</WorkRate>
			<MilitarySupport>true</MilitarySupport>
			<MilitaryProduction>true</MilitaryProduction>
			<Pillage>true</Pillage>
			<AdvancedStartCost>10</AdvancedStartCost>
			<XPValueAttack>3</XPValueAttack>
			<XPValueDefense>3</XPValueDefense>
			<Conscription>1</Conscription>
			<UnitArtInfo>ART_DEF_UNIT_SORCERER</UnitArtInfo>
			<IconAtlas>NEVERWINTER_COLOR_ATLAS</IconAtlas>
			<PortraitIndex>3</PortraitIndex>
			<UnitFlagAtlas>NEVERWINTER_UNITB_FLAG_ATLAS</UnitFlagAtlas>
			<UnitFlagIconOffset>0</UnitFlagIconOffset>
			<ShowInPedia>0</ShowInPedia>
		</Row>
		<Row>
			<Class>UNITCLASS_SORCERER</Class>
			<Type>UNIT_SORCERER</Type>
			<Combat>20</Combat>
			<RangedCombat>30</RangedCombat>
			<Cost>350</Cost>
			<FaithCost>750</FaithCost>
			<Moves>3</Moves>
			<Range>2</Range>
			<BaseSightRange>3</BaseSightRange>
			<PrereqTech>TECH_ASTRONOMY</PrereqTech>
			<ObsoleteTech>NULL</ObsoleteTech>
			<CombatClass>UNITCOMBAT_RECON</CombatClass>
			<Domain>DOMAIN_LAND</Domain>
			<DefaultUnitAI>UNITAI_RANGED</DefaultUnitAI>
			<Description>TXT_KEY_UNIT_SORCERER</Description>
			<Help>TXT_KEY_UNIT_SORCERER_HELP</Help>
			<Strategy>TXT_KEY_UNIT_SORCERER_STRATEGY</Strategy>
			<Civilopedia>TXT_KEY_UNIT_SORCERER_PEDIA</Civilopedia>
			<WorkRate>1</WorkRate>
			<MilitarySupport>true</MilitarySupport>
			<MilitaryProduction>true</MilitaryProduction>
			<Pillage>true</Pillage>
			<AdvancedStartCost>10</AdvancedStartCost>
			<XPValueAttack>3</XPValueAttack>
			<XPValueDefense>3</XPValueDefense>
			<Conscription>1</Conscription>
			<UnitArtInfo>ART_DEF_UNIT_SORCERER</UnitArtInfo>
			<IconAtlas>NEVERWINTER_COLOR_ATLAS</IconAtlas>
			<PortraitIndex>3</PortraitIndex>
			<UnitFlagAtlas>NEVERWINTER_UNITB_FLAG_ATLAS</UnitFlagAtlas>
			<UnitFlagIconOffset>0</UnitFlagIconOffset>
		</Row>
	</Units>

	<Unit_AITypes>
		<Row>
			<UnitType>UNIT_SORCERER</UnitType>
			<UnitAIType>UNITAI_ATTACK</UnitAIType>
		</Row>
		<Row>
			<UnitType>UNIT_SORCERER</UnitType>
			<UnitAIType>UNITAI_EXPLORE</UnitAIType>
		</Row>
	</Unit_AITypes>

	<Unit_FreePromotions>
		<Row>
			<UnitType>UNIT_SORCERER</UnitType>
			<PromotionType>PROMOTION_NW_MAGUS</PromotionType>
		</Row>
	</Unit_FreePromotions>

	<Unit_YieldFromKills>
		<Row>
			<UnitType>UNIT_SORCERER</UnitType>
			<YieldType>YIELD_FAITH</YieldType>
			<Yield>50</Yield>
		</Row>
	</Unit_YieldFromKills>

	<Unit_Builds>
		<Row>
			<UnitType>UNIT_SORCERER</UnitType>
			<BuildType>BUILD_ACADEMY</BuildType>
		</Row>
	</Unit_Builds>

	<Unit_Flavors>
		<Row>
			<UnitType>UNIT_SORCERER</UnitType>
			<FlavorType>FLAVOR_OFFENSE</FlavorType>
			<Flavor>40</Flavor>
		</Row>
		<Row>
			<UnitType>UNIT_SORCERER</UnitType>
			<FlavorType>FLAVOR_RECON</FlavorType>
			<Flavor>25</Flavor>
		</Row>
		<Row>
			<UnitType>UNIT_SORCERER</UnitType>
			<FlavorType>FLAVOR_TILE_IMPROVEMENT</FlavorType>
			<Flavor>2</Flavor>
		</Row>
	</Unit_Flavors>

	<UnitGameplay2DScripts>
		<Row>
			<UnitType>UNIT_SORCERER</UnitType>
			<SelectionSound>AS2D_SELECT_SETTLER</SelectionSound>
			<FirstSelectionSound>AS2D_BIRTH_SETTLER</FirstSelectionSound>
		</Row>
	</UnitGameplay2DScripts>


	<Language_en_US>
		<Row Tag="TXT_KEY_UNIT_SORCERER">
			<Text>Wizard</Text>
		</Row>
		<Row Tag="TXT_KEY_UNIT_SORCERER_HELP">
			<Text>Wizards ignore enemy Zone of Control, may move after combat, frighten nearby enemies, better lead soldiers, withdraw from lost battles, and better lead adjacent soldiers.</Text>
		</Row>
		<Row Tag="TXT_KEY_UNIT_SORCERER_STRATEGY">
			<Text>The Wizard is a powerful unit that can ignore enemy Zone of Control, withdraw from combat losses, move after combat, frighten nearby enemies, and better lead soldiers.  In times of peace, the Sorcerer can also expend itself to produce an Academy.</Text>
		</Row>
		<Row Tag="TXT_KEY_UNIT_SORCERER_PEDIA">
			<Text>Wizards represent the evolution of understanding of the world, both physical and spiritual, and demonstrate how this understanding can be used to harness and direct power from both plains in accomplishing feats in the physical world.  They represent the transition from being in wonder at the powers existing in the world, to being able to bend those powers to their own will.</Text>
		</Row>
		<Row Tag="TXT_KEY_UNIT_WIZARD">
			<Text>Wizard Dummy</Text>
		</Row>
		<Row Tag="TXT_KEY_UNIT_WIZARD_HELP">
			<Text>Dummy.</Text>
		</Row>
		<Row Tag="TXT_KEY_UNIT_WIZARD_STRATEGY">
			<Text>Dummies aren't strategic.</Text>
		</Row>
		<Row Tag="TXT_KEY_UNIT_WIZARD_PEDIA">
			<Text>Dummies can't provide help either.</Text>
		</Row>
	</Language_en_US>
</GameData>