<?xml version="1.0" encoding="utf-8"?>
<!-- Created by ModBuddy on 3/22/2013 7:29:07 PM -->
<GameData>
	<Language_en_US>
		<Row Tag="TXT_KEY_CITY_NAME_LONDON_CONVERTED">
			<Text>The Realm of Shadows</Text>
		</Row>
		<Row Tag="TXT_KEY_CITY_NAME_YORK_CONVERTED">
			<Text>Aglarond</Text>
		</Row>
		<Row Tag="TXT_KEY_CITY_NAME_CANTERBURY_CONVERTED">
			<Text>Crebain</Text>
		</Row>
		<Row Tag="TXT_KEY_CITY_NAME_COVENTRY_CONVERTED">
			<Text>Gilgalad</Text>
		</Row>
		<Row Tag="TXT_KEY_CITY_NAME_WARWICK_CONVERTED">
			<Text>Mount Olympus</Text>
		</Row>
		<Row Tag="TXT_KEY_CITY_NAME_OXFORD_CONVERTED">
			<Text>Lovakin</Text>
		</Row>
		<Row Tag="TXT_KEY_CITY_NAME_LIVERPOOL_CONVERTED">
			<Text>Wa'tek-chy'tel</Text>
		</Row>
		<Row Tag="TXT_KEY_CITY_NAME_BRIGHTON_CONVERTED">
			<Text>Biir Ansrivarr</Text>
		</Row>
		<Row Tag="TXT_KEY_CITY_NAME_LEEDS_CONVERTED">
			<Text>Stonehearth</Text>
		</Row>
		<Row Tag="TXT_KEY_CITY_NAME_READING_CONVERTED">
			<Text>Mythrodir</Text>
		</Row>
		<Row Tag="TXT_KEY_CITY_NAME_MANCHESTER_CONVERTED">
			<Text>Trebarkska</Text>
		</Row>
		<Row Tag="TXT_KEY_CITY_NAME_GLOUCESTER_CONVERTED">
			<Text>Nikshivaliir</Text>
		</Row>
		<Row Tag="TXT_KEY_CITY_NAME_NEW_YORK_CONVERTED">
			<Text>Kelemvor</Text>
		</Row>
		<Row Tag="TXT_KEY_CITY_NAME_SHANGHAI_CONVERTED">
			<Text>Ruthalik</Text>
		</Row>
		<Row Tag="TXT_KEY_CITY_NAME_TORONTO_CONVERTED">
			<Text>Isle of Ju'ul</Text>
		</Row>
		<Row Tag="TXT_KEY_CITY_NAME_ROME_CONVERTED">
			<Text>The Great Whirlpool</Text>
		</Row>
		<Row Tag="TXT_KEY_CITY_NAME_PARIS_CONVERTED">
			<Text>Athens</Text>
		</Row>
		<Row Tag="TXT_KEY_SPY_NAME_CYBERMAT_0">
			<Text>Gongzhu</Text>
		</Row>
		<Row Tag="TXT_KEY_SPY_NAME_CYBERMAT_1">
			<Text>Hong</Text>
		</Row>
		<Row Tag="TXT_KEY_SPY_NAME_CYBERMAT_2">
			<Text>The Jester</Text>
		</Row>
		<Row Tag="TXT_KEY_SPY_NAME_CYBERMAT_3">
			<Text>Worldstar</Text>
		</Row>
		<Row Tag="TXT_KEY_SPY_NAME_CYBERMAT_4">
			<Text>The Dragonborn</Text>
		</Row>
		<Row Tag="TXT_KEY_SPY_NAME_CYBERMAT_5">
			<Text>Contagion</Text>
		</Row>
		<Row Tag="TXT_KEY_SPY_NAME_CYBERMAT_6">
			<Text>Saeval</Text>
		</Row>
		<Row Tag="TXT_KEY_SPY_NAME_CYBERMAT_7">
			<Text>Rherdum</Text>
		</Row>
		<Row Tag="TXT_KEY_SPY_NAME_CYBERMAT_8">
			<Text>Donnie</Text>
		</Row>
		<Row Tag="TXT_KEY_SPY_NAME_CYBERMAT_9">
			<Text>Shredder</Text>
		</Row>
		<Row Tag="TXT_KEY_CIV_CYBERMEN_ADJECTIVE">
			<Text>Veruntillian</Text>
		</Row>
		<Row Tag="TXT_KEY_CIV_CYBERMEN_DESC">
			<Text>The Black Crows of Veruntil</Text>
		</Row>
		<Row Tag="TXT_KEY_CIV_CYBERMEN_SHORT_DESC">
			<Text>The Crows</Text>
		</Row>
		<Row Tag="TXT_KEY_CIV5_CYBERMEN_HEADING_1">
			<Text>Description</Text>
		</Row>
		<Row Tag="TXT_KEY_CIV5_CYBERMEN_TEXT_1">
			<Text>
				Your grace - you once sought nothing. You once desired nothing, because you had everything. But joy was ripped from you, and your life would never be the same. Now, you want everything. You dream of vengeance against those who have wronged you and your kind, and you will stop at nothing to achieve this dream.
			</Text>
		</Row>
		<Row Tag="TXT_KEY_CIV_CYBERMEN_DOM">
			<Text>
				Your grace - you once sought nothing. You once desired nothing, because you had everything. But joy was ripped from you, and your life would never be the same. Now, you want everything. You dream of vengeance against those who have wronged you and your kind, and you will stop at nothing to achieve this dream. [NEWLINE][NEWLINE]Still, there are those who oppose you, and fight on the enemy's side. Can you crush all who stand in your way? Can you build a civilization that will stand the test of time?
			</Text>
		</Row>
		<Row Tag="TXT_KEY_CIVILOPEDIA_LEADERS_JLUMIC_HEADING_1">
			<Text>About</Text>
		</Row>
		<Row Tag="TXT_KEY_CIVILOPEDIA_LEADERS_JLUMIC_TEXT_1">
			<Text>Malphus is a demon who seeks vengeance against the "false gods", and seeks to replace them once they are dead.</Text>
		</Row>
		<Row Tag="TXT_KEY_CIVILOPEDIA_LEADERS_JLUMIC_LIVED">
			<Text>????</Text>
		</Row>
		<Row Tag="TXT_KEY_CIVILOPEDIA_LEADERS_JLUMIC_NAME">
			<Text>Malphus</Text>
		</Row>
		<Row Tag="TXT_KEY_CIVILOPEDIA_LEADERS_JLUMIC_SUBTITLE">
			<Text>The Crow</Text>
		</Row>
		<Row Tag="TXT_KEY_LEADER_JLUMIC">
			<Text>Malphus</Text>
		</Row>
		<Row Tag="TXT_KEY_TRAIT_NO_EMOTION">
			<Text> [ICON_RESEARCH] Science research increased by 10%. [ICON_FAITH] Faith decreased by 999%. [NEWLINE] Units receive the promotion, "Energy Siphon", which heals the unit every turn (navy, air, and horse units do not receive this).</Text>
		</Row>
		<Row Tag="TXT_KEY_TRAIT_NO_EMOTION_SHORT">
			<Text>Godkiller</Text>
		</Row>
		<Row Tag="TXT_KEY_BUILDING_CYBER_SHIP">
			<Text>The Black Order</Text>
		</Row>
		<Row Tag="TXT_KEY_BUILDING_CYBER_SHIP_STRATEGY">
			<Text>15% Production and +15 exp for Melee Units. -2% unhappiness. +10 defensive bonus for the city it was built in.</Text>
		</Row>
		<Row Tag="TXT_KEY_BUILDING_CYBER_SHIP_HELP">
			<Text>The Black Order is an important part of every Malphus city. 15% Production and +15 exp for Melee Units. -2% unhappiness. +10 defensive bonus for the city it was built in. Unlocks at Guilds instead of Horseback Riding. </Text>
		</Row>
		<Row Tag="TXT_KEY_CIV5_BUILDINGS_CYBER_SHIP_TEXT">
			<Text>The Black Order is an important asset to Malphus. They can fall back to it if a defensive structure is needed, and Malphus' black magic enhances all units that serve you.</Text>
		</Row>
		<Row Tag="TXT_KEY_UNIT_CYBERMEN_SQUAD">  
			<Text>Blackcloak</Text>
		</Row>
		<Row Tag="TXT_KEY_UNIT_CYBERMEN_SQUAD_STRATEGY">
			<Text> They have a powerful melee attack and replace lancers. They heal every turn with aid from the promotion, "Energy Siphon". Costs slightly more to produce.</Text>
		</Row>
		<Row Tag="TXT_KEY_UNIT_HELP_CYBERMEN_SQUAD">
			<Text>The Blackcloaks are Malphus' main units. Receives more experience than equivalent units.</Text>
		</Row>
		<Row Tag="TXT_KEY_CIVILOPEDIA_UNITS_CYBERMEN_SQUAD">
			<Text>Malphus will show you no mercy. He is bent on destroying everyone who stands in his way.</Text>
		</Row>
		<Row Tag="TXT_KEY_PROMOTION_REPLACECT">
			<Text>Energy Siphon</Text>
		</Row>
		<Row Tag="TXT_KEY_PROMOTION_REPLACECT_HELP">
			<Text>Always heals 4</Text>
		</Row>
		<Row Tag="TXT_KEY_LEADER_JLUMIC_FIRSTGREETING_1">
			<Text>Greetings. I am Malphus, and I will have my revenge.</Text>     
		</Row>
		<Row Tag="TXT_KEY_LEADER_JLUMIC_FIRSTGREETING_2">
			<Text>I am Malphus. Will you join me in my quest, or will you die opposing me?</Text> 
		</Row>
		<Row Tag="TXT_KEY_LEADER_JLUMIC_FIRSTGREETING_3">
			<Text>I am Malphus. Will you join me in my quest, or will you die opposing me?</Text>       
		</Row> 
		<Row Tag="TXT_KEY_LEADER_JLUMIC_WARBLUFF_1">
			<Text>Before you die, I will make sure to drain your life force slowly and painfully.</Text>       
		</Row>
		<Row Tag="TXT_KEY_LEADER_JLUMIC_WARBLUFF_2">
			<Text>So you have chosen... death.</Text>    
		</Row>
		<Row Tag="TXT_KEY_LEADER_JLUMIC_WINWAR_1">
			<Text>Die!</Text>		
		</Row>
		<Row Tag="TXT_KEY_LEADER_JLUMIC_LOSEWAR_1">
			<Text>I will never die. I will have my vengeance.</Text>     
		</Row>
		<Row Tag="TXT_KEY_LEADER_JLUMIC_DEFEATED_1">
			<Text>How... I need... energy...</Text>   
		</Row>
		<Row Tag="TXT_KEY_LEADER_JLUMIC_DEFEATED_2">		
			<Text>What is happening?</Text>
		</Row>
		<Row Tag="TXT_KEY_LEADER_JLUMIC_DEFEATED_3">
			<Text>I cannot lose... I will not lose!</Text>
		</Row>
		<Row Tag="TXT_KEY_LEADER_JLUMIC_TRIBUTE_YES_NEUTRAL">
			<Text>You have my word.</Text>				
		</Row>
		<Row Tag="TXT_KEY_LEADER_JLUMIC_TRIBUTE_NO_NEUTRAL">	
			<Text>You are incorrect.</Text>
		</Row>
		<Row Tag="TXT_KEY_LEADER_JLUMIC_TRIBUTE_YES_ANGRY">  
			<Text>You will be destroyed.</Text>
		</Row>
		<Row Tag="TXT_KEY_LEADER_JLUMIC_TRIBUTE_NO_ANGRY">
			<Text>Bastard.</Text>
		</Row>
		<Row Tag="TXT_KEY_LEADER_JLUMIC_TRIBUTE_YES_HAPPY">    
			<Text>Very well.</Text>
		</Row>
		<Row Tag="TXT_KEY_LEADER_JLUMIC_TRIBUTE_NO_HAPPY">
			<Text>I would rather die.</Text>
		</Row>
		<Row Tag="TXT_KEY_LEADER_JLUMIC_RESPONSE_REQUEST">
			<Text>Do you want to trade?</Text>
		</Row>
		<Row Tag="TXT_KEY_LEADER_JLUMIC_DEMANDTRIBUTE_HAPPY">
			<Text>Provide me with your life.</Text>
		</Row>
		<Row Tag="TXT_KEY_LEADER_JLUMIC_DEMANDTRIBUTE_ANGRY">
			<Text>Provide me with your life.</Text> 
		</Row>
		<Row Tag="TXT_KEY_LEADER_JLUMIC_TRADEREQUEST_ANGRY">    
			<Text>Provide me with your life.</Text>
		</Row>
		<Row Tag="TXT_KEY_LEADER_JLUMIC_DECLAREWAR_1">
			<Text>You will die like the rest. You have no chance of victory.</Text>  
		</Row>
		<Row Tag="TXT_KEY_LEADER_JLUMIC_DECLAREWAR_2">
			<Text>You will die like the rest. You have no chance of victory.</Text>	
		</Row>
		<Row Tag="TXT_KEY_LEADER_JLUMIC_DECLAREWAR_3">
			<Text>WYou will die like the rest. You have no chance of victory.</Text>
		</Row>
		<Row Tag="TXT_KEY_LEADER_JLUMIC_ATTACKED_1">
			<Text>You will die like the rest. You have no chance of victory.</Text>  
		</Row>
		<Row Tag="TXT_KEY_LEADER_JLUMIC_ATTACKED_2">
			<Text>You will die like the rest. You have no chance of victory.</Text>		
		</Row>
		<Row Tag="TXT_KEY_LEADER_JLUMIC_ATTACKED_3">
			<Text>You will die like the rest. You have no chance of victory.</Text>
		</Row>
		<Row Tag="TXT_KEY_LEADER_JLUMIC_NEEDMORE_ANGRY">
			<Text>Provide me with your life.</Text>			
		</Row>
		<Row Tag="TXT_KEY_LEADER_JLUMIC_OPEN_BORDERS_EXCHANGE">
			<Text>We require passage through your lands. What do you say about this?</Text>
		</Row>
		<Row Tag="TXT_KEY_LEADER_JLUMIC_EXPANSION_SERIOUS_WARNING">
			<Text>That land belongs to me and you're getting too close for my liking. Don't build near my people.</Text>
		</Row>
		<Row Tag="TXT_KEY_LEADER_JLUMIC_LUXURY_TRADE">
			<Text>Provide me with your life.</Text>
		</Row>
		<Row Tag="TXT_KEY_LEADER_JLUMIC_HOSTILE_AGGRESSIVE_MILITARY_WARNING">
			<Text>If you want a war, then you will lose.</Text>
		</Row>
		<Row Tag="TXT_KEY_LEADER_JLUMIC_GREETING_1">
			<Text>Speak.</Text>
		</Row>
		<Row Tag="TXT_KEY_LEADER_JLUMIC_GREETING_3">
			<Text>What?</Text>
		</Row>
		<Row Tag="TXT_KEY_LEADER_JLUMIC_GREETING_5">
			<Text>Do you need something?</Text>
		</Row>
	</Language_en_US>
</GameData>