<GameData>
	<UnitClasses>
		<Row>
			<Type>UNITCLASS_DRAGON</Type>
			<Description>Dragon</Description>
			<DefaultUnit>UNIT_DRAGON</DefaultUnit>
		</Row>
		<Row>
			<Type>UNITCLASS_DRAGONN</Type>
			<Description>Dragon</Description>
			<DefaultUnit>UNIT_DRAGONN</DefaultUnit>
		</Row>
		<Row>
			<Type>UNITCLASS_DRAGONNN</Type>
			<Description>Dragon</Description>
			<DefaultUnit>UNIT_DRAGONNN</DefaultUnit>
		</Row>
	</UnitClasses>
	<Units>	
		<Row>
			<Class>UNITCLASS_CANNON</Class>
			<Type>UNIT_ELVEN_BLACK_DRAGON</Type>
			<Combat>4</Combat>
			<RangedCombat>5</RangedCombat>
			<Cost>-1</Cost>
			<FaithCost>99999</FaithCost>
			<RequiresFaithPurchaseEnabled>0</RequiresFaithPurchaseEnabled>
			<Moves>1</Moves>
			<Range>2</Range>
			<CombatClass>UNITCOMBAT_ARCHER</CombatClass>
			<Domain>DOMAIN_LAND</Domain>
			<DefaultUnitAI>UNITAI_RANGED</DefaultUnitAI>
			<Description>Dragon</Description>
			<Civilopedia>NONE</Civilopedia>
			<Strategy>TXT_KEY_CIV5_ELVEN_BLACK_DRAGON_UNIT_STRATEGY</Strategy>
			<Help>TXT_KEY_CIV5_ELVEN_BLACK_DRAGON_UNIT_HELP</Help>
			<MilitarySupport>true</MilitarySupport>
			<MilitaryProduction>true</MilitaryProduction>
			<Pillage>true</Pillage>
			<NukeDamageLevel>-1</NukeDamageLevel>
			<PrereqTech>TECH_AGRICULTURE</PrereqTech>
			<ObsoleteTech>TECH_AGRICULTURE</ObsoleteTech>
			<GoodyHutUpgradeUnitClass>UNITCLASS_DRAGON</GoodyHutUpgradeUnitClass>
			<AdvancedStartCost>25</AdvancedStartCost>
			<XPValueAttack>3</XPValueAttack>
			<XPValueDefense>3</XPValueDefense>
			<Conscription>0</Conscription>
			<ExtraMaintenanceCost>1</ExtraMaintenanceCost>
			<UnitArtInfo>ART_DEF_UNIT_ELVEN_BLACK_DRAGON</UnitArtInfo>
			<IconAtlas>CIV_BLACK_DRAGON_ICONATLAS</IconAtlas>
			<UnitFlagAtlas>CIV_BLACK_DRAGON_FLAG</UnitFlagAtlas>
			<UnitFlagIconOffset>0</UnitFlagIconOffset>
			<PortraitIndex>0</PortraitIndex>
		</Row>
		<Row>
			<Class>UNITCLASS_DRAGON</Class>
			<Type>UNIT_DRAGON</Type>
			<Combat>14</Combat>
			<RangedCombat>18</RangedCombat>
			<Cost>-1</Cost>
			<FaithCost>99999</FaithCost>
			<RequiresFaithPurchaseEnabled>0</RequiresFaithPurchaseEnabled>
			<Moves>3</Moves>
			<Range>2</Range>
			<CombatClass>UNITCOMBAT_ARCHER</CombatClass>
			<Domain>DOMAIN_LAND</Domain>
			<DefaultUnitAI>UNITAI_RANGED</DefaultUnitAI>
			<Description>Dragon</Description>
			<Civilopedia>NONE</Civilopedia>
			<Strategy>TXT_KEY_CIV5_ELVEN_BLACK_DRAGON_UNIT_STRATEGY</Strategy>
			<Help>TXT_KEY_CIV5_ELVEN_BLACK_DRAGON_UNIT_HELP</Help>
			<MilitarySupport>true</MilitarySupport>
			<MilitaryProduction>true</MilitaryProduction>
			<Pillage>true</Pillage>
			<NukeDamageLevel>-1</NukeDamageLevel>
			<PrereqTech>TECH_HORSEBACK_RIDING</PrereqTech>
			<GoodyHutUpgradeUnitClass>UNITCLASS_DRAGONN</GoodyHutUpgradeUnitClass>
			<AdvancedStartCost>25</AdvancedStartCost>
			<XPValueAttack>3</XPValueAttack>
			<XPValueDefense>3</XPValueDefense>
			<Conscription>0</Conscription>
			<ExtraMaintenanceCost>2</ExtraMaintenanceCost>
			<UnitArtInfo>ART_DEF_UNIT_DRAGON</UnitArtInfo>
			<IconAtlas>CIV_BLACK_DRAGON_ICONATLAS</IconAtlas>
			<UnitFlagAtlas>CIV_BLACK_DRAGON_FLAG</UnitFlagAtlas>
			<UnitFlagIconOffset>0</UnitFlagIconOffset>
			<PortraitIndex>0</PortraitIndex>
		</Row>
		<Row>
			<Class>UNITCLASS_DRAGONN</Class>
			<Type>UNIT_DRAGONN</Type>
			<Combat>25</Combat>
			<RangedCombat>35</RangedCombat>
			<Cost>-1</Cost>
			<FaithCost>99999</FaithCost>
			<RequiresFaithPurchaseEnabled>0</RequiresFaithPurchaseEnabled>
			<Moves>4</Moves>
			<Range>2</Range>
			<CombatClass>UNITCOMBAT_ARCHER</CombatClass>
			<Domain>DOMAIN_LAND</Domain>
			<DefaultUnitAI>UNITAI_RANGED</DefaultUnitAI>
			<Description>Dragon</Description>
			<Civilopedia>NONE</Civilopedia>
			<Strategy>TXT_KEY_CIV5_ELVEN_BLACK_DRAGON_UNIT_STRATEGY</Strategy>
			<Help>TXT_KEY_CIV5_ELVEN_BLACK_DRAGON_UNIT_HELP</Help>
			<MilitarySupport>true</MilitarySupport>
			<MilitaryProduction>true</MilitaryProduction>
			<Pillage>true</Pillage>
			<NukeDamageLevel>-1</NukeDamageLevel>
			<PrereqTech>TECH_CIVIL_SERVICE</PrereqTech>
			<GoodyHutUpgradeUnitClass>UNITCLASS_DRAGONNN</GoodyHutUpgradeUnitClass>
			<AdvancedStartCost>25</AdvancedStartCost>
			<XPValueAttack>3</XPValueAttack>
			<XPValueDefense>3</XPValueDefense>
			<Conscription>0</Conscription>
			<ExtraMaintenanceCost>3</ExtraMaintenanceCost>
			<UnitArtInfo>ART_DEF_UNIT_DRAGONN</UnitArtInfo>
			<IconAtlas>CIV_BLACK_DRAGON_ICONATLAS</IconAtlas>
			<UnitFlagAtlas>CIV_BLACK_DRAGON_FLAG</UnitFlagAtlas>
			<UnitFlagIconOffset>0</UnitFlagIconOffset>
			<PortraitIndex>0</PortraitIndex>
		</Row>
		<Row>
			<Class>UNITCLASS_DRAGONNN</Class>
			<Type>UNIT_DRAGONNN</Type>
			<Combat>40</Combat>
			<RangedCombat>55</RangedCombat>
			<Cost>-1</Cost>
			<FaithCost>99999</FaithCost>
			<RequiresFaithPurchaseEnabled>0</RequiresFaithPurchaseEnabled>
			<Moves>4</Moves>
			<Range>3</Range>
			<CombatClass>UNITCOMBAT_ARCHER</CombatClass>
			<Domain>DOMAIN_LAND</Domain>
			<DefaultUnitAI>UNITAI_RANGED</DefaultUnitAI>
			<Description>Dragon</Description>
			<Civilopedia>NONE</Civilopedia>
			<Strategy>TXT_KEY_CIV5_ELVEN_BLACK_DRAGON_UNIT_STRATEGY</Strategy>
			<Help>TXT_KEY_CIV5_ELVEN_BLACK_DRAGON_UNIT_HELP</Help>
			<MilitarySupport>true</MilitarySupport>
			<MilitaryProduction>true</MilitaryProduction>
			<Pillage>true</Pillage>
			<NukeDamageLevel>-1</NukeDamageLevel>
			<PrereqTech>TECH_NAVIGATION</PrereqTech>
			<GoodyHutUpgradeUnitClass></GoodyHutUpgradeUnitClass>
			<AdvancedStartCost>25</AdvancedStartCost>
			<XPValueAttack>3</XPValueAttack>
			<XPValueDefense>3</XPValueDefense>
			<Conscription>0</Conscription>
			<ExtraMaintenanceCost>4</ExtraMaintenanceCost>
			<UnitArtInfo>ART_DEF_UNIT_DRAGONNN</UnitArtInfo>
			<IconAtlas>CIV_BLACK_DRAGON_ICONATLAS</IconAtlas>
			<UnitFlagAtlas>CIV_BLACK_DRAGON_FLAG</UnitFlagAtlas>
			<UnitFlagIconOffset>0</UnitFlagIconOffset>
			<PortraitIndex>0</PortraitIndex>
		</Row>
		<Row>
			<Class>UNITCLASS_PIKEMAN</Class>
			<Type>UNIT_DARK_WIZARD</Type>
			<Description>TXT_KEY_UNIT_DARK_WIZARD</Description>
			<Civilopedia>TXT_KEY_CIVILOPEDIA_UNITS_DARK_WIZARD_TEXT</Civilopedia>
			<Strategy>TXT_KEY_UNIT_DARK_WIZARD_STRATEGY</Strategy>
			<Help>TXT_KEY_UNIT_HELP_DARK_WIZARD</Help>
			<Combat>16</Combat>
			<Cost>90</Cost>
			<FaithCost>200</FaithCost>
			<RequiresFaithPurchaseEnabled>1</RequiresFaithPurchaseEnabled>
			<Moves>2</Moves>
			<Immobile>0</Immobile>
			<BaseSightRange>2</BaseSightRange>
			<CombatClass>UNITCOMBAT_MELEE</CombatClass>
			<Domain>DOMAIN_LAND</Domain>
			<CivilianAttackPriority></CivilianAttackPriority>
			<DefaultUnitAI>UNITAI_DEFENSE</DefaultUnitAI>
			<Food>0</Food>
			<NoBadGoodies>0</NoBadGoodies>
			<RivalTerritory>0</RivalTerritory>
			<MilitarySupport>1</MilitarySupport>
			<MilitaryProduction>1</MilitaryProduction>
			<Pillage>1</Pillage>
			<PillagePrereqTech></PillagePrereqTech>
			<Found>0</Found>
			<FoundAbroad>0</FoundAbroad>
			<CultureBombRadius>0</CultureBombRadius>
			<GoldenAgeTurns>0</GoldenAgeTurns>
			<FreePolicies>0</FreePolicies>
			<OneShotTourism>0</OneShotTourism>
			<OneShotTourismPercentOthers>0</OneShotTourismPercentOthers>
			<IgnoreBuildingDefense>0</IgnoreBuildingDefense>
			<PrereqResources>0</PrereqResources>
			<Mechanized>0</Mechanized>
			<Suicide>0</Suicide>
			<CaptureWhileEmbarked>0</CaptureWhileEmbarked>
			<PrereqTech>TECH_CURRENCY</PrereqTech>
			<ObsoleteTech>TECH_INDUSTRIALIZATION</ObsoleteTech>
			<GoodyHutUpgradeUnitClass>UNITCLASS_LANCER</GoodyHutUpgradeUnitClass>
			<HurryCostModifier>0</HurryCostModifier>
			<AdvancedStartCost>20</AdvancedStartCost>
			<MinAreaSize>-1</MinAreaSize>
			<AirInterceptRange>0</AirInterceptRange>
			<AirUnitCap>0</AirUnitCap>
			<NukeDamageLevel>-1</NukeDamageLevel>
			<WorkRate>0</WorkRate>
			<NumFreeTechs>0</NumFreeTechs>
			<BaseBeakersTurnsToCount>0</BaseBeakersTurnsToCount>
			<BaseCultureTurnsToCount>0</BaseCultureTurnsToCount>
			<RushBuilding>0</RushBuilding>
			<BaseHurry>0</BaseHurry>
			<HurryMultiplier>0</HurryMultiplier>
			<BaseGold>0</BaseGold>
			<NumGoldPerEra>0</NumGoldPerEra>
			<SpreadReligion>0</SpreadReligion>
			<RemoveHeresy>0</RemoveHeresy>
			<ReligionSpreads>0</ReligionSpreads>
			<ReligiousStrength>0</ReligiousStrength>
			<FoundReligion>0</FoundReligion>
			<RequiresEnhancedReligion>0</RequiresEnhancedReligion>
			<ProhibitsSpread>0</ProhibitsSpread>
			<CanBuyCityState>0</CanBuyCityState>
			<CombatLimit>100</CombatLimit>
			<RangeAttackOnlyInDomain>0</RangeAttackOnlyInDomain>
			<RangeAttackIgnoreLOS>0</RangeAttackIgnoreLOS>
			<Trade>0</Trade>
			<NumExoticGoods>0</NumExoticGoods>
			<RangedCombatLimit>0</RangedCombatLimit>
			<XPValueAttack>3</XPValueAttack>
			<XPValueDefense>3</XPValueDefense>
			<SpecialCargo></SpecialCargo>
			<DomainCargo></DomainCargo>
			<Conscription>0</Conscription>
			<ExtraMaintenanceCost>0</ExtraMaintenanceCost>
			<NoMaintenance>0</NoMaintenance>
			<Unhappiness>0</Unhappiness>
			<UnitArtInfo>ART_DEF_UNIT_SPEARMAN</UnitArtInfo>
			<UnitArtInfoCulturalVariation>0</UnitArtInfoCulturalVariation>
			<UnitArtInfoEraVariation>0</UnitArtInfoEraVariation>
			<LeaderExperience>0</LeaderExperience>
			<DontShowYields>0</DontShowYields>
			<ShowInPedia>0</ShowInPedia>
			<MoveRate>BIPED</MoveRate>
			<UnitFlagIconOffset>0</UnitFlagIconOffset>
			<PortraitIndex>0</PortraitIndex>
			<IconAtlas>CIV_DARK_WIZARD_ICONATLAS</IconAtlas>
			<UnitFlagAtlas>CIV_DARK_WIZARD_FLAG</UnitFlagAtlas>
		</Row>
	</Units>
	<Unit_AITypes>				
		<Row>
			<UnitType>UNIT_ELVEN_BLACK_DRAGON</UnitType>
			<UnitAIType>UNITAI_COUNTER</UnitAIType>
		</Row>
		<Row>
			<UnitType>UNIT_ELVEN_BLACK_DRAGON</UnitType>
			<UnitAIType>UNITAI_ATTACK</UnitAIType>
		</Row>					
		<Row>
			<UnitType>UNIT_ELVEN_BLACK_DRAGON</UnitType>
			<UnitAIType>UNITAI_SIEGE</UnitAIType>
		</Row>
		<Row>
			<UnitType>UNIT_ELVEN_BLACK_DRAGON</UnitType>
			<UnitAIType>UNITAI_EXPLORE</UnitAIType>
		</Row>
		<Row>
			<UnitType>UNIT_ELVEN_BLACK_DRAGON</UnitType>
			<UnitAIType>UNITAI_RANGED</UnitAIType>
		</Row>
		<Row>
			<UnitType>UNIT_DRAGON</UnitType>
			<UnitAIType>UNITAI_COUNTER</UnitAIType>
		</Row>
		<Row>
			<UnitType>UNIT_DRAGON</UnitType>
			<UnitAIType>UNITAI_ATTACK</UnitAIType>
		</Row>					
		<Row>
			<UnitType>UNIT_DRAGON</UnitType>
			<UnitAIType>UNITAI_SIEGE</UnitAIType>
		</Row>
		<Row>
			<UnitType>UNIT_DRAGON</UnitType>
			<UnitAIType>UNITAI_EXPLORE</UnitAIType>
		</Row>
		<Row>
			<UnitType>UNIT_DRAGON</UnitType>
			<UnitAIType>UNITAI_RANGED</UnitAIType>
		</Row>
		<Row>
			<UnitType>UNIT_DRAGONN</UnitType>
			<UnitAIType>UNITAI_COUNTER</UnitAIType>
		</Row>
		<Row>
			<UnitType>UNIT_DRAGONN</UnitType>
			<UnitAIType>UNITAI_ATTACK</UnitAIType>
		</Row>					
		<Row>
			<UnitType>UNIT_DRAGONN</UnitType>
			<UnitAIType>UNITAI_SIEGE</UnitAIType>
		</Row>
		<Row>
			<UnitType>UNIT_DRAGONN</UnitType>
			<UnitAIType>UNITAI_EXPLORE</UnitAIType>
		</Row>
		<Row>
			<UnitType>UNIT_DRAGONN</UnitType>
			<UnitAIType>UNITAI_RANGED</UnitAIType>
		</Row>
		<Row>
			<UnitType>UNIT_DRAGONNN</UnitType>
			<UnitAIType>UNITAI_COUNTER</UnitAIType>
		</Row>
		<Row>
			<UnitType>UNIT_DRAGONNN</UnitType>
			<UnitAIType>UNITAI_ATTACK</UnitAIType>
		</Row>					
		<Row>
			<UnitType>UNIT_DRAGONNN</UnitType>
			<UnitAIType>UNITAI_SIEGE</UnitAIType>
		</Row>
		<Row>
			<UnitType>UNIT_DRAGONNN</UnitType>
			<UnitAIType>UNITAI_EXPLORE</UnitAIType>
		</Row>
		<Row>
			<UnitType>UNIT_DRAGONNN</UnitType>
			<UnitAIType>UNITAI_RANGED</UnitAIType>
		</Row>
		<Row>
			<UnitType>UNIT_DARK_WIZARD</UnitType>
			<UnitAIType>UNITAI_DEFENSE</UnitAIType>
		</Row>
	</Unit_AITypes>
	<!-- Unit_Buildings -->
	<!-- Unit_BuildingClassRequireds -->
	<!-- Unit_ProductionModifierBuildings -->
	<!-- Unit_Builds -->
	<Unit_ClassUpgrades>
		<Row>
			<UnitType>UNIT_ELVEN_BLACK_DRAGON</UnitType>
			<UnitClassType>UNITCLASS_DRAGON</UnitClassType>
		</Row>
		<Row>
			<UnitType>UNIT_DRAGON</UnitType>
			<UnitClassType>UNITCLASS_DRAGONN</UnitClassType>
		</Row>
		<Row>
			<UnitType>UNIT_DRAGONN</UnitType>
			<UnitClassType>UNITCLASS_DRAGONNN</UnitClassType>
		</Row>
		<Row>
			<UnitType>UNIT_DARK_WIZARD</UnitType>
			<UnitClassType>UNITCLASS_LANCER</UnitClassType>
		</Row>
	</Unit_ClassUpgrades>
	<Unit_FreePromotions>
		<Row>
			<UnitType>UNIT_ELVEN_BLACK_DRAGON</UnitType>
			<PromotionType>PROMOTION_CITY_SIEGE</PromotionType>
		</Row>
		<Row>
			<UnitType>UNIT_ELVEN_BLACK_DRAGON</UnitType>
			<PromotionType>PROMOTION_IGNORE_TERRAIN_COST</PromotionType>
		</Row>
		<Row>
			<UnitType>UNIT_ELVEN_BLACK_DRAGON</UnitType>
			<PromotionType>PROMOTION_NO_DEFENSIVE_BONUSES</PromotionType>
		</Row>
		<Row>
			<UnitType>UNIT_ELVEN_BLACK_DRAGON</UnitType>
			<PromotionType>PROMOTION_MOVE_ALL_TERRAIN</PromotionType>
		</Row>
		<Row>
			<UnitType>UNIT_ELVEN_BLACK_DRAGON</UnitType>
			<PromotionType>PROMOTION_ONLY_DEFENSIVE</PromotionType>
		</Row>	
		<Row>
			<UnitType>UNIT_DRAGON</UnitType>
			<PromotionType>PROMOTION_CITY_SIEGE</PromotionType>
		</Row>
		<Row>
			<UnitType>UNIT_DRAGON</UnitType>
			<PromotionType>PROMOTION_IGNORE_TERRAIN_COST</PromotionType>
		</Row>
		<Row>
			<UnitType>UNIT_DRAGON</UnitType>
			<PromotionType>PROMOTION_NO_DEFENSIVE_BONUSES</PromotionType>
		</Row>
		<Row>
			<UnitType>UNIT_DRAGON</UnitType>
			<PromotionType>PROMOTION_MOVE_ALL_TERRAIN</PromotionType>
		</Row>
		<Row>
			<UnitType>UNIT_DRAGON</UnitType>
			<PromotionType>PROMOTION_ONLY_DEFENSIVE</PromotionType>
		</Row>
		<Row>
			<UnitType>UNIT_DRAGONN</UnitType>
			<PromotionType>PROMOTION_CITY_SIEGE</PromotionType>
		</Row>
		<Row>
			<UnitType>UNIT_DRAGONN</UnitType>
			<PromotionType>PROMOTION_IGNORE_TERRAIN_COST</PromotionType>
		</Row>
		<Row>
			<UnitType>UNIT_DRAGONN</UnitType>
			<PromotionType>PROMOTION_NO_DEFENSIVE_BONUSES</PromotionType>
		</Row>
		<Row>
			<UnitType>UNIT_DRAGONN</UnitType>
			<PromotionType>PROMOTION_MOVE_ALL_TERRAIN</PromotionType>
		</Row>
		<Row>
			<UnitType>UNIT_DRAGONN</UnitType>
			<PromotionType>PROMOTION_HOVERING_UNIT</PromotionType>
		</Row>
		<Row>
			<UnitType>UNIT_DRAGONN</UnitType>
			<PromotionType>PROMOTION_ONLY_DEFENSIVE</PromotionType>
		</Row>
		<Row>
			<UnitType>UNIT_DRAGONNN</UnitType>
			<PromotionType>PROMOTION_CITY_SIEGE</PromotionType>
		</Row>
		<Row>
			<UnitType>UNIT_DRAGONNN</UnitType>
			<PromotionType>PROMOTION_IGNORE_TERRAIN_COST</PromotionType>
		</Row>
		<Row>
			<UnitType>UNIT_DRAGONNN</UnitType>
			<PromotionType>PROMOTION_NO_DEFENSIVE_BONUSES</PromotionType>
		</Row>
		<Row>
			<UnitType>UNIT_DRAGONNN</UnitType>
			<PromotionType>PROMOTION_MOVE_ALL_TERRAIN</PromotionType>
		</Row>
		<Row>
			<UnitType>UNIT_DRAGONNN</UnitType>
			<PromotionType>PROMOTION_HOVERING_UNIT</PromotionType>
		</Row>
		<Row>
			<UnitType>UNIT_DRAGONNN</UnitType>
			<PromotionType>PROMOTION_ONLY_DEFENSIVE</PromotionType>
		</Row>
		<Row>
			<UnitType>UNIT_DARK_WIZARD</UnitType>
			<PromotionType>PROMOTION_COVER_1</PromotionType>
		</Row>	
		<Row>
			<UnitType>UNIT_DARK_WIZARD</UnitType>
			<PromotionType>PROMOTION_FORMATION_2</PromotionType>
		</Row>	
		<Row>
			<UnitType>UNIT_DARK_WIZARD</UnitType>
			<PromotionType>PROMOTION_FORMATION_1</PromotionType>
		</Row>	
	</Unit_FreePromotions>
	<Unit_Flavors>
		<Row>
			<UnitType>UNIT_ELVEN_BLACK_DRAGON</UnitType>
			<FlavorType>FLAVOR_OFFENSE</FlavorType>
			<Flavor>15</Flavor>
		</Row>
		<Row>
			<UnitType>UNIT_ELVEN_BLACK_DRAGON</UnitType>
			<FlavorType>FLAVOR_DEFENSE</FlavorType>
			<Flavor>5</Flavor>
		</Row>		
		<Row>
			<UnitType>UNIT_ELVEN_BLACK_DRAGON</UnitType>
			<FlavorType>FLAVOR_SIEGE</FlavorType>
			<Flavor>15</Flavor>
		</Row>
		<Row>
			<UnitType>UNIT_DRAGON</UnitType>
			<FlavorType>FLAVOR_OFFENSE</FlavorType>
			<Flavor>15</Flavor>
		</Row>
		<Row>
			<UnitType>UNIT_DRAGON</UnitType>
			<FlavorType>FLAVOR_DEFENSE</FlavorType>
			<Flavor>5</Flavor>
		</Row>		
		<Row>
			<UnitType>UNIT_DRAGON</UnitType>
			<FlavorType>FLAVOR_SIEGE</FlavorType>
			<Flavor>15</Flavor>
		</Row>
		<Row>
			<UnitType>UNIT_DRAGONN</UnitType>
			<FlavorType>FLAVOR_OFFENSE</FlavorType>
			<Flavor>15</Flavor>
		</Row>
		<Row>
			<UnitType>UNIT_DRAGONN</UnitType>
			<FlavorType>FLAVOR_DEFENSE</FlavorType>
			<Flavor>5</Flavor>
		</Row>		
		<Row>
			<UnitType>UNIT_DRAGONN</UnitType>
			<FlavorType>FLAVOR_SIEGE</FlavorType>
			<Flavor>15</Flavor>
		</Row>
		<Row>
			<UnitType>UNIT_DRAGONNN</UnitType>
			<FlavorType>FLAVOR_OFFENSE</FlavorType>
			<Flavor>15</Flavor>
		</Row>
		<Row>
			<UnitType>UNIT_DRAGONNN</UnitType>
			<FlavorType>FLAVOR_DEFENSE</FlavorType>
			<Flavor>5</Flavor>
		</Row>		
		<Row>
			<UnitType>UNIT_DRAGONNN</UnitType>
			<FlavorType>FLAVOR_SIEGE</FlavorType>
			<Flavor>15</Flavor>
		</Row>
		<Row>
			<UnitType>UNIT_DARK_WIZARD</UnitType>
			<FlavorType>FLAVOR_OFFENSE</FlavorType>
			<Flavor>5</Flavor>
		</Row>
		<Row>
			<UnitType>UNIT_DARK_WIZARD</UnitType>
			<FlavorType>FLAVOR_DEFENSE</FlavorType>
			<Flavor>5</Flavor>
		</Row>
	</Unit_Flavors>
	<!-- Unit_GreatPersons -->
	<!-- Unit_ResourceQuantityRequirements -->
	<!-- Unit_UniqueNames -->
	<!-- Unit_YieldFromKills -->
	<!-- Unit_NotAITypes -->
	<!-- Unit_ProductionTraits -->
	<!-- Unit_TechTypes -->
	<!-- UnitPromotions_CivilianUnitType -->
	<UnitGameplay2DScripts>
		<Row>
			<UnitType>UNIT_ELVEN_BLACK_DRAGON</UnitType>
			<SelectionSound>AS2D_SELECT_CANNON</SelectionSound>
			<FirstSelectionSound>AS2D_BIRTH_CANNON</FirstSelectionSound>
		</Row>
		<Row>
			<UnitType>UNIT_DARK_WIZARD</UnitType>
			<SelectionSound>AS2D_SELECT_ARCHER</SelectionSound>
			<FirstSelectionSound>AS2D_BIRTH_ARCHER</FirstSelectionSound>
		</Row>
	</UnitGameplay2DScripts>

	<Language_en_US>
		<Row Tag="TXT_KEY_CIV5_ELVEN_BLACK_DRAGON_UNIT_HEADING">
			<Text>Dragon</Text>
		</Row>
		<Row Tag="TXT_KEY_CIV5_ELVEN_BLACK_DRAGON_UNIT_TEXT">
			<Text>
				<!-- Add Civilopedia text here -->
			</Text>
		</Row>
		<Row Tag="TXT_KEY_CIV5_ELVEN_BLACK_DRAGON_UNIT_STRATEGY">
			<Text>The Dragon is extremely effective against cities. It is fast and sturdy, but has a shorter range of attack. The Black Dragon doesn't need to set up before attacking and can fly over obstacles.</Text>
		</Row>
		<Row Tag="TXT_KEY_CIV5_ELVEN_BLACK_DRAGON_UNIT_HELP">
			<Text>Siege unit of every era. Fast and strong against cities, but has a short range of attack. You only get three.</Text>
		</Row>
		<Row Tag="TXT_KEY_UNIT_DARK_WIZARD">
			<Text>Unsullied</Text>
		</Row>
		<Row Tag="TXT_KEY_CIVILOPEDIA_UNITS_DARK_WIZARD_TEXT">
			<Text>
				<!-- Add Civilopedia text here -->
			</Text>
		</Row>
		<Row Tag="TXT_KEY_UNIT_DARK_WIZARD_STRATEGY">
			<Text>The Unsullied are the replacement for Pikemen. They are uniquely suited for defense.</Text>
		</Row>
		<Row Tag="TXT_KEY_UNIT_HELP_DARK_WIZARD">
			<Text>The Unsullied are the replacement for Pikemen. hey are uniquely suited for defense, especially against mounted units.</Text>
		</Row>
	</Language_en_US>	
</GameData>