<GameData>
	<Diplomacy_Responses>
		<Row>
			<LeaderType>LEADER_DARK_QUEEN</LeaderType>
			<ResponseType>RESPONSE_DEFEATED</ResponseType>
			<Response>TXT_KEY_LEADER_DARK_QUEEN_DEFEATED%</Response>
			<Bias>1</Bias>
		</Row>
		<Row>
			<LeaderType>LEADER_DARK_QUEEN</LeaderType>
			<ResponseType>RESPONSE_EXPANSION_SERIOUS_WARNING</ResponseType>
			<Response>TXT_KEY_DARK_QUEEN_EXPANSION_SERIOUS_WARNING%</Response>
			<Bias>1</Bias>
		</Row>
		<Row>
			<LeaderType>LEADER_DARK_QUEEN</LeaderType>
			<ResponseType>RESPONSE_FIRST_GREETING</ResponseType>
			<Response>TXT_KEY_LEADER_DARK_QUEEN_FIRSTGREETING%</Response>
			<Bias>1</Bias>
		</Row>
		<Row>
			<LeaderType>LEADER_DARK_QUEEN</LeaderType>
			<ResponseType>RESPONSE_GREETING_HOSTILE_HELLO</ResponseType>
			<Response>TXT_KEY_LEADER_DARK_QUEEN_GREETING_HOSTILE_HELLO%</Response>
			<Bias>1</Bias>
		</Row>
		<Row>
			<LeaderType>LEADER_DARK_QUEEN</LeaderType>
			<ResponseType>RESPONSE_GREETING_NEUTRAL_HELLO</ResponseType>
			<Response>TXT_KEY_LEADER_DARK_QUEEN_GREETING_NEUTRAL_HELLO%</Response>
			<Bias>1</Bias>
		</Row>
		<Row>
			<LeaderType>LEADER_DARK_QUEEN</LeaderType>
			<ResponseType>RESPONSE_GREETING_POLITE_HELLO</ResponseType>
			<Response>TXT_KEY_LEADER_DARK_QUEEN_GREETING_POLITE_HELLO%</Response>
			<Bias>1</Bias>
		</Row>
		<Row>
			<LeaderType>LEADER_DARK_QUEEN</LeaderType>
			<ResponseType>RESPONSE_HOSTILE_AGGRESSIVE_MILITARY_WARNING</ResponseType>
			<Response>TXT_KEY_DARK_QUEEN_HOSTILE_AGGRESSIVE_MILITARY_WARNING%</Response>
			<Bias>1</Bias>
		</Row>
		<Row>
			<LeaderType>LEADER_DARK_QUEEN</LeaderType>
			<ResponseType>RESPONSE_LUXURY_TRADE</ResponseType>
			<Response>TXT_KEY_LEADER_DARK_QUEEN_LUXURY_TRADE%</Response>
			<Bias>1</Bias>
		</Row>
		<Row>
			<LeaderType>LEADER_DARK_QUEEN</LeaderType>
			<ResponseType>RESPONSE_OPEN_BORDERS_EXCHANGE</ResponseType>
			<Response>TXT_KEY_LEADER_DARK_QUEEN_OPEN_BORDERS_EXCHANGE%</Response>
			<Bias>1</Bias>
		</Row>
		<Row>
			<LeaderType>LEADER_DARK_QUEEN</LeaderType>
			<ResponseType>RESPONSE_REQUEST</ResponseType>
			<Response>TXT_KEY_LEADER_DARK_QUEEN_RESPONSE_REQUEST%</Response>
			<Bias>1</Bias>
		</Row>
	</Diplomacy_Responses>

	<Language_en_US>
		<Row Tag="TXT_KEY_LEADER_DARK_QUEEN_DEFEATED_1">
			<Text>You can rejoice in your light now, but darkness always follows.</Text>
		</Row>
		<Row Tag="TXT_KEY_LEADER_DARK_QUEEN_DEFEATED_2">
			<Text>I will take what is mine with fire and blood.</Text>
		</Row>
		<Row Tag="TXT_KEY_LEADER_DARK_QUEEN_DEFEATED_3">
			<Text>This isn't over. You will pay for this with fire and blood.</Text>
		</Row>
		<Row Tag="TXT_KEY_DARK_QUEEN_EXPANSION_SERIOUS_WARNING_1">
			<Text>Angry snakes lash out. Makes chopping off their heads that much easier.</Text>
		</Row>
		<Row Tag="TXT_KEY_LEADER_DARK_QUEEN_FIRSTGREETING_1">
			<Text>You are in the presence of Daenerys Stormborn of the House Targaryen, the First of Her Name, The Unburnt, Queen of the Andals, the Rhoynar and the First Men, Queen of Meereen, Khaleesi of the Great Grass Sea, Protector of the Realm, Lady Regnant of the Seven Kingdoms, Breaker of Chains and Mother of Dragons. Welcome.</Text>
		</Row>
		<Row Tag="TXT_KEY_LEADER_DARK_QUEEN_FIRSTGREETING_2">
			<Text>You are in the presence of Daenerys Stormborn of the House Targaryen, the First of Her Name, The Unburnt, Queen of the Andals, the Rhoynar and the First Men, Queen of Meereen, Khaleesi of the Great Grass Sea, Protector of the Realm, Lady Regnant of the Seven Kingdoms, Breaker of Chains and Mother of Dragons. Welcome.</Text>
		</Row>
		<Row Tag="TXT_KEY_LEADER_DARK_QUEEN_FIRSTGREETING_3">
			<Text>You are in the presence of Daenerys Stormborn of the House Targaryen, the First of Her Name, The Unburnt, Queen of the Andals, the Rhoynar and the First Men, Queen of Meereen, Khaleesi of the Great Grass Sea, Protector of the Realm, Lady Regnant of the Seven Kingdoms, Breaker of Chains and Mother of Dragons. Welcome.</Text>
		</Row>
		<Row Tag="TXT_KEY_LEADER_DARK_QUEEN_GREETING_HOSTILE_HELLO_1">
			<Text>Give me one reason why my dragons should not burn you alive where you stand.</Text>
		</Row>
		<Row Tag="TXT_KEY_LEADER_DARK_QUEEN_GREETING_NEUTRAL_HELLO_1">
			<Text>You are in the presence of Daenerys Stormborn of the House Targaryen, the First of Her Name, The Unburnt, Queen of the Andals, the Rhoynar and the First Men, Queen of Meereen, Khaleesi of the Great Grass Sea, Protector of the Realm, Lady Regnant of the Seven Kingdoms, Breaker of Chains and Mother of Dragons. Welcome.</Text>
		</Row>
		<Row Tag="TXT_KEY_LEADER_DARK_QUEEN_GREETING_POLITE_HELLO_1">
			<Text>You are in the presence of Daenerys Stormborn of the House Targaryen, the First of Her Name, The Unburnt, Queen of the Andals, the Rhoynar and the First Men, Queen of Meereen, Khaleesi of the Great Grass Sea, Protector of the Realm, Lady Regnant of the Seven Kingdoms, Breaker of Chains and Mother of Dragons. Welcome.</Text>
		</Row>
		<Row Tag="TXT_KEY_DARK_QUEEN_HOSTILE_AGGRESSIVE_MILITARY_WARNING_1">
			<Text>I will answer injustice with justice.</Text>
		</Row>
		<Row Tag="TXT_KEY_LEADER_DARK_QUEEN_LUXURY_TRADE_1">
			<Text>You have something I want, this is my last and only offer.</Text>
		</Row>
		<Row Tag="TXT_KEY_LEADER_DARK_QUEEN_OPEN_BORDERS_EXCHANGE_1">
			<Text>And I swear this. If you ever betray me, I’ll burn you alive.</Text>
		</Row>
		<Row Tag="TXT_KEY_LEADER_DARK_QUEEN_RESPONSE_REQUEST_1">
			<Text>Very well. I shall grant your request.</Text>
		</Row>
	</Language_en_US>
</GameData>
