<GameData>
	<Buildings>
	</Buildings>

	<!-- Building_AreaYieldModifiers -->
	<!-- Building_BuildingClassHappiness -->
	<!-- Building_BuildingClassYieldChanges -->
	<!-- Building_ClassesNeededInCity -->
	<!-- Building_FreeUnits -->
	<!-- Building_DomainFreeExperiences -->
	<!-- Building_DomainFreeExperiencePerGreatWork -->
	<!-- Building_DomainProductionModifiers -->
	<!-- Building_FreeSpecialistCounts -->
	<Building_Flavors>	
	</Building_Flavors>
	<!-- Building_GlobalYieldModifiers -->
	<!-- Building_HurryModifiers -->
	<!-- Building_LocalResourceAnds -->
	<!-- Building_LocalResourceOrs -->
	<!-- Building_LockedBuildingClasses -->
	<!-- Building_PrereqBuildingClasses -->
	<!-- Building_ResourceQuantity -->
	<!-- Building_ResourceQuantityRequirements -->
	<!-- Building_ResourceYieldModifiers -->
	<!-- Building_ResourceCultureChanges -->
	<!-- Building_ResourceFaithChanges -->
	<!-- Building_RiverPlotYieldChanges -->
	<!-- Building_SeaPlotYieldChanges -->
	<!-- Building_LakePlotYieldChanges -->
	<!-- Building_SeaResourceYieldChanges -->
	<!-- Building_ResourceYieldChanges -->
	<!-- Building_FeatureYieldChanges -->
	<Building_FeatureYieldChanges>
	</Building_FeatureYieldChanges>
	<!-- Building_TerrainYieldChanges -->
	<!-- Building_SpecialistYieldChanges -->
	<!-- Building_UnitCombatFreeExperiences -->
	<!-- Building_UnitCombatProductionModifiers -->
	<!-- Building_TechAndPrereqs -->
	<Building_YieldChanges>	
	</Building_YieldChanges>	
	<!-- Building_YieldChangesPerPop -->	
	<!-- Building_TechEnhancedYieldChanges -->
	<Building_YieldModifiers>
	</Building_YieldModifiers>
	<!-- Building_YieldModifiers -->
	<!-- Building_ThemingBonuses -->

	<Language_en_US>
	</Language_en_US>
</GameData>