<GameData>
	<Civilizations>
		<Row>
			<Type>CIVILIZATION_DARK_ELVES</Type>
			<Description>TXT_KEY_CIV_DARK_ELVES_DESC</Description>
			<Civilopedia></Civilopedia>
			<CivilopediaTag>TXT_KEY_CIV5_DARK_ELVES</CivilopediaTag>
			<Strategy></Strategy>
			<ShortDescription>TXT_KEY_CIV_DARK_ELVES_SHORT_DESC</ShortDescription>
			<Adjective>TXT_KEY_CIV_DARK_ELVES_ADJECTIVE</Adjective>
			<DefaultPlayerColor>PLAYERCOLOR_DARK_ELVES</DefaultPlayerColor>
			<ArtDefineTag>ART_DEF_CIVILIZATION_DARK_ELVES</ArtDefineTag>
			<ArtStyleType>ARTSTYLE_SOUTH_AMERICA</ArtStyleType>
			<ArtStyleSuffix>_AMER</ArtStyleSuffix>
			<ArtStylePrefix>AMERICAN</ArtStylePrefix>
			<DerivativeCiv></DerivativeCiv>
			<PortraitIndex>0</PortraitIndex>
			<IconAtlas>CIV_COLOR_ATLAS_DARK_ELVES</IconAtlas>
			<AlphaIconAtlas>CIV_ALPHA_ATLAS_DARK_ELVES</AlphaIconAtlas>
			<MapImage>Map_Image_DarkElves.dds</MapImage>
			<DawnOfManQuote>TXT_KEY_CIV5_DAWN_DARK_ELVESS_TEXT</DawnOfManQuote>
			<DawnOfManImage>Art/Leader_DARK_QUEEN_DOM.dds</DawnOfManImage>
			<DawnOfManAudio></DawnOfManAudio>
			<SoundtrackTag>Maya</SoundtrackTag>
		</Row>
	</Civilizations>
	<Civilization_CityNames>
		<Row>
			<CivilizationType>CIVILIZATION_DARK_ELVES</CivilizationType>
			<CityName>Dragonstone</CityName>
		</Row>
		<Row>
			<CivilizationType>CIVILIZATION_DARK_ELVES</CivilizationType>
			<CityName>Qarth</CityName>
		</Row>
		<Row>
			<CivilizationType>CIVILIZATION_DARK_ELVES</CivilizationType>
			<CityName>Mereen</CityName>
		</Row>
		<Row>
			<CivilizationType>CIVILIZATION_DARK_ELVES</CivilizationType>
			<CityName>Astapor</CityName>
		</Row>
		<Row>
			<CivilizationType>CIVILIZATION_DARK_ELVES</CivilizationType>
			<CityName>Driftmark</CityName>
		</Row>
		<Row>
			<CivilizationType>CIVILIZATION_DARK_ELVES</CivilizationType>
			<CityName>King's Landing</CityName>
		</Row>
		<Row>
			<CivilizationType>CIVILIZATION_DARK_ELVES</CivilizationType>
			<CityName>Storm's End</CityName>
		</Row>
		<Row>
			<CivilizationType>CIVILIZATION_DARK_ELVES</CivilizationType>
			<CityName>Winterfell</CityName>
		</Row>
		<Row>
			<CivilizationType>CIVILIZATION_DARK_ELVES</CivilizationType>
			<CityName>Summerhall</CityName>
		</Row>
		<Row>
			<CivilizationType>CIVILIZATION_DARK_ELVES</CivilizationType>
			<CityName>Casterly Rock</CityName>
		</Row>
		<Row>
			<CivilizationType>CIVILIZATION_DARK_ELVES</CivilizationType>
			<CityName>Highgarden</CityName>
		</Row>
		<Row>
			<CivilizationType>CIVILIZATION_DARK_ELVES</CivilizationType>
			<CityName>Sunspear</CityName>
		</Row>
		<Row>
			<CivilizationType>CIVILIZATION_DARK_ELVES</CivilizationType>
			<CityName>Starfall</CityName>
		</Row>
		<Row>
			<CivilizationType>CIVILIZATION_DARK_ELVES</CivilizationType>
			<CityName>Ashford</CityName>
		</Row>
		<Row>
			<CivilizationType>CIVILIZATION_DARK_ELVES</CivilizationType>
			<CityName>Oldstones</CityName>
		</Row>
		<Row>
			<CivilizationType>CIVILIZATION_DARK_ELVES</CivilizationType>
			<CityName>Kingsgrave</CityName>
		</Row>
	</Civilization_CityNames>
	<!-- Civilization_DisableTechs -->
	<Civilization_FreeBuildingClasses>
		<Row>
			<CivilizationType>CIVILIZATION_DARK_ELVES</CivilizationType>
			<BuildingClassType>BUILDINGCLASS_PALACE</BuildingClassType>
		</Row>
	</Civilization_FreeBuildingClasses>
	<Civilization_FreeTechs>
		<Row>
			<CivilizationType>CIVILIZATION_DARK_ELVES</CivilizationType>
			<TechType>TECH_AGRICULTURE</TechType>
		</Row>
	</Civilization_FreeTechs>
	<Civilization_FreeUnits>
		<Row>
			<CivilizationType>CIVILIZATION_DARK_ELVES</CivilizationType>
			<UnitClassType>UNITCLASS_SETTLER</UnitClassType>
			<UnitAIType>UNITAI_SETTLE</UnitAIType>
			<Count>1</Count>
		</Row>
		<Row>
			<CivilizationType>CIVILIZATION_DARK_ELVES</CivilizationType>
			<UnitClassType>UNITCLASS_CANNON</UnitClassType>
			<UnitAIType>UNITAI_ATTACK</UnitAIType>
			<Count>3</Count>
		</Row>
	</Civilization_FreeUnits>
	<Civilization_Leaders>
		<Row>
			<CivilizationType>CIVILIZATION_DARK_ELVES</CivilizationType>
			<LeaderheadType>LEADER_DARK_QUEEN</LeaderheadType>
		</Row>
	</Civilization_Leaders>
	<Civilization_Religions>
		<Row>
			<CivilizationType>CIVILIZATION_DARK_ELVES</CivilizationType>
			<ReligionType>RELIGION_ZOROASTRIANISM</ReligionType>
		</Row>
	</Civilization_Religions>
	<Civilization_SpyNames>
		<Row>
			<CivilizationType>CIVILIZATION_DARK_ELVES</CivilizationType>
			<SpyName>Grey Worm</SpyName>
		</Row>
		<Row>
			<CivilizationType>CIVILIZATION_DARK_ELVES</CivilizationType>
			<SpyName>Daario</SpyName>
		</Row>
		<Row>
			<CivilizationType>CIVILIZATION_DARK_ELVES</CivilizationType>
			<SpyName>Tyrion</SpyName>
		</Row>
		<Row>
			<CivilizationType>CIVILIZATION_DARK_ELVES</CivilizationType>
			<SpyName>Varys</SpyName>
		</Row>
		<Row>
			<CivilizationType>CIVILIZATION_DARK_ELVES</CivilizationType>
			<SpyName>Ser Jorah</SpyName>
		</Row>
		<Row>
			<CivilizationType>CIVILIZATION_DARK_ELVES</CivilizationType>
			<SpyName>Ser Barristan</SpyName>
		</Row>
		<Row>
			<CivilizationType>CIVILIZATION_DARK_ELVES</CivilizationType>
			<SpyName>Jon</SpyName>
		</Row>
		<Row>
			<CivilizationType>CIVILIZATION_DARK_ELVES</CivilizationType>
			<SpyName>Olenna</SpyName>
		</Row>
		<Row>
			<CivilizationType>CIVILIZATION_DARK_ELVES</CivilizationType>
			<SpyName>Viserys</SpyName>
		</Row>
		<Row>
			<CivilizationType>CIVILIZATION_DARK_ELVES</CivilizationType>
			<SpyName>Ellaria</SpyName>
		</Row>
	</Civilization_SpyNames>
	<Civilization_UnitClassOverrides>
		<Row>
			<CivilizationType>CIVILIZATION_DARK_ELVES</CivilizationType>
			<UnitClassType>UNITCLASS_PIKEMAN</UnitClassType>
			<UnitType>UNIT_DARK_WIZARD</UnitType>
		</Row>
		<Row>
			<CivilizationType>CIVILIZATION_DARK_ELVES</CivilizationType>
			<UnitClassType>UNITCLASS_CANNON</UnitClassType>
			<UnitType>UNIT_ELVEN_BLACK_DRAGON</UnitType>
		</Row>
	</Civilization_UnitClassOverrides>
	<!--Civilization_Start_Along_River-->		
	<!-- Civilization_Start_Along_Ocean -->
	<Civilization_Start_Region_Priority>
	<Row>
		<CivilizationType>CIVILIZATION_DARK_ELVES</CivilizationType>
		<RegionType>REGION_DESERT</RegionType>
	</Row>
	</Civilization_Start_Region_Priority>
	<!--Civilization_Start_Region_Avoid-->		
	<!-- Civilization_Start_Region_Avoid -->
	<!-- Civilization_Start_Place_First_Along_Ocean -->

	<PlayerColors>
		<Row>
			<Type>PLAYERCOLOR_DARK_ELVES</Type>
			<PrimaryColor>COLOR_PLAYER_DARK_ELVES_ICON</PrimaryColor>
			<SecondaryColor>COLOR_PLAYER_DARK_ELVES_BACKGROUND</SecondaryColor>
			<TextColor>COLOR_PLAYER_WHITE_TEXT</TextColor>
		</Row>
	</PlayerColors>
	<Colors>
		<Row>
			<Type>COLOR_PLAYER_DARK_ELVES_ICON</Type>
			<Red>0.099</Red>
			<Green>0.099</Green>
			<Blue>0.099</Blue>
			<Alpha>1.0</Alpha>
		</Row>
	</Colors>
	<Colors>
		<Row>
			<Type>COLOR_PLAYER_DARK_ELVES_BACKGROUND</Type>
			<Red>0.806</Red>
			<Green>0.105</Green>
			<Blue>0.105</Blue>
			<Alpha>1.0</Alpha>
		</Row>
	</Colors>

	<Language_en_US>
		<Row Tag="TXT_KEY_CIV_DARK_ELVES_DESC">
			<Text>Daenerys Targaryen</Text>
			<Gender>feminine</Gender>
		</Row>
		<Row Tag="TXT_KEY_CIV5_DARK_ELVES_FACTOID_HEADING">
			<Text>Daenerys Stormborn of House Targaryen</Text>
		</Row>
		<Row Tag="TXT_KEY_CIV5_DARK_ELVES_FACTOID_TEXT">
			<Text>
				<!-- Add Civilopedia text here -->
			</Text>
		</Row>
		<Row Tag="TXT_KEY_CIV5_DARK_ELVES_HEADING_1">
			<Text>History</Text>
		</Row>
		<Row Tag="TXT_KEY_CIV5_DARK_ELVES_HEADING_10">
			<!-- Add Civilopedia text here -->
		</Row>
		<Row Tag="TXT_KEY_CIV5_DARK_ELVES_HEADING_11">
			<!-- Add Civilopedia text here -->
		</Row>
		<Row Tag="TXT_KEY_CIV5_DARK_ELVES_HEADING_12">
			<!-- Add Civilopedia text here -->
		</Row>
		<Row Tag="TXT_KEY_CIV5_DARK_ELVES_HEADING_2">
			<!-- Add Civilopedia text here -->
		</Row>
		<Row Tag="TXT_KEY_CIV5_DARK_ELVES_HEADING_3">
			<!-- Add Civilopedia text here -->
		</Row>
		<Row Tag="TXT_KEY_CIV5_DARK_ELVES_HEADING_4">
			<!-- Add Civilopedia text here -->
		</Row>
		<Row Tag="TXT_KEY_CIV5_DARK_ELVES_HEADING_5">
			<!-- Add Civilopedia text here -->
		</Row>
		<Row Tag="TXT_KEY_CIV5_DARK_ELVES_HEADING_6">
			<!-- Add Civilopedia text here -->
		</Row>
		<Row Tag="TXT_KEY_CIV5_DARK_ELVES_HEADING_7">
			<!-- Add Civilopedia text here -->
		</Row>
		<Row Tag="TXT_KEY_CIV5_DARK_ELVES_HEADING_8">
			<!-- Add Civilopedia text here -->
		</Row>
		<Row Tag="TXT_KEY_CIV5_DARK_ELVES_HEADING_9">
			<!-- Add Civilopedia text here -->
		</Row>
		<Row Tag="TXT_KEY_CIV5_DARK_ELVES_TEXT_1">
			<Text>
				<!-- Add Civilopedia text here -->
			</Text>
		</Row>
		<Row Tag="TXT_KEY_CIV5_DARK_ELVES_TEXT_10">
			<Text>
				<!-- Add Civilopedia text here -->
			</Text>
		</Row>
		<Row Tag="TXT_KEY_CIV5_DARK_ELVES_TEXT_11">
			<Text>
				<!-- Add Civilopedia text here -->
			</Text>
		</Row>
		<Row Tag="TXT_KEY_CIV5_DARK_ELVES_TEXT_12">
			<Text>
				<!-- Add Civilopedia text here -->
			</Text>
		</Row>
		<Row Tag="TXT_KEY_CIV5_DARK_ELVES_TEXT_2">
			<Text>
				<!-- Add Civilopedia text here -->
			</Text>
		</Row>
		<Row Tag="TXT_KEY_CIV5_DARK_ELVES_TEXT_3">
			<Text>
				<!-- Add Civilopedia text here -->
			</Text>
		</Row>
		<Row Tag="TXT_KEY_CIV5_DARK_ELVES_TEXT_4">
			<Text>
				<!-- Add Civilopedia text here -->
			</Text>
		</Row>
		<Row Tag="TXT_KEY_CIV5_DARK_ELVES_TEXT_5">
			<Text>
				<!-- Add Civilopedia text here -->
			</Text>
		</Row>
		<Row Tag="TXT_KEY_CIV5_DARK_ELVES_TEXT_6">
			<Text>
				<!-- Add Civilopedia text here -->
			</Text>
		</Row>
		<Row Tag="TXT_KEY_CIV5_DARK_ELVES_TEXT_7">
			<Text>
				<!-- Add Civilopedia text here -->
			</Text>
		</Row>
		<Row Tag="TXT_KEY_CIV5_DARK_ELVES_TEXT_8">
			<Text>
				<!-- Add Civilopedia text here -->
			</Text>
		</Row>
		<Row Tag="TXT_KEY_CIV5_DARK_ELVES_TEXT_9">
			<Text>
				<!-- Add Civilopedia text here -->
			</Text>
		</Row>
		<Row Tag="TXT_KEY_CIV5_DARK_ELVES_TITLE">
			<Text>Stormborn</Text>
		</Row>
		<Row Tag="TXT_KEY_CIV_DARK_ELVES_SHORT_DESC">
			<Text>House Targaryen</Text>
			<Plurality>2</Plurality>
		</Row>
		<Row Tag="TXT_KEY_CIV_DARK_ELVES_ADJECTIVE">
			<Text>Targaryen</Text>
			<Gender>neuter:an</Gender>
		</Row>
		<Row Tag="TXT_KEY_CIV5_DAWN_DARK_ELVESS_TEXT">
			<Text>Daenerys Stormborn of the House Targaryen, the First of Her Name, The Unburnt, Queen of the Andals, the Rhoynar and the First Men, Queen of Meereen, Khaleesi of the Great Grass Sea, Protector of the Realm, Lady Regnant of the Seven Kingdoms, Breaker of Chains and Mother of Dragons - the time has come for you to join the battle for the fate of the world. You seek the Iron Throne for yourself, but there is more at stake than you can possibly imagine. With your three dragons, you can save the world... or destroy it. Are you truly the legendary prophesized hero Azor Ahai who will bring light into the world? Will you honor your family's legacy and reclaim what is rightfully yours? Can you build a civilization that will stand the test of time?</Text>
		</Row>
		<Row Tag="TXT_KEY_CITY_NAME_DARK_ELVES_0">
			<Text>Aran Mahalma</Text>
		</Row>
		<Row Tag="TXT_KEY_CITY_NAME_DARK_ELVES_1">
			<Text>Mori Yaana</Text>
		</Row>
		<Row Tag="TXT_KEY_CITY_NAME_DARK_ELVES_2">
			<Text>Taure Tal</Text>
		</Row>
		<Row Tag="TXT_KEY_CITY_NAME_DARK_ELVES_3">
			<Text>Mirelee</Text>
		</Row>
		<Row Tag="TXT_KEY_CITY_NAME_DARK_ELVES_4">
			<Text>I'Leuthil</Text>
		</Row>
		<Row Tag="TXT_KEY_CITY_NAME_DARK_ELVES_5">
			<Text>Ungue Orn</Text>
		</Row>
		<Row Tag="TXT_KEY_CITY_NAME_DARK_ELVES_6">
			<Text>Sgiathatch</Text>
		</Row>
		<Row Tag="TXT_KEY_CITY_NAME_DARK_ELVES_7">
			<Text>I'Yestetal</Text>
		</Row>
		<Row Tag="TXT_KEY_CITY_NAME_DARK_ELVES_8">
			<Text>I'Gon</Text>
		</Row>
		<Row Tag="TXT_KEY_CITY_NAME_DARK_ELVES_9">
			<Text>I'Lambe</Text>
		</Row>
		<Row Tag="TXT_KEY_CITY_NAME_DARK_ELVES_10">
			<Text>Talma Tal</Text>
		</Row>
		<Row Tag="TXT_KEY_CITY_NAME_DARK_ELVES_11">
			<Text>Ondo Tal</Text>
		</Row>
		<Row Tag="TXT_KEY_CITY_NAME_DARK_ELVES_12">
			<Text>Tellawaana</Text>
		</Row>
		<Row Tag="TXT_KEY_CITY_NAME_DARK_ELVES_13">
			<Text>Tellavano</Text>
		</Row>
		<Row Tag="TXT_KEY_CITY_NAME_DARK_ELVES_14">
			<Text>Duin Tal</Text>
		</Row>
		<Row Tag="TXT_KEY_CITY_NAME_DARK_ELVES_15">
			<Text>Linae Tal</Text>
		</Row>
		<Row Tag="TXT_KEY_SPY_NAME_DARK_ELVES_0">
			<Text>Tarathiel</Text>
		</Row>
		<Row Tag="TXT_KEY_SPY_NAME_DARK_ELVES_1">
			<Text>Elluin</Text>
		</Row>
		<Row Tag="TXT_KEY_SPY_NAME_DARK_ELVES_2">
			<Text>Glorandal</Text>
		</Row>
		<Row Tag="TXT_KEY_SPY_NAME_DARK_ELVES_3">
			<Text>Rychell</Text>
		</Row>
		<Row Tag="TXT_KEY_SPY_NAME_DARK_ELVES_4">
			<Text>Selussa</Text>			
		</Row>
		<Row Tag="TXT_KEY_SPY_NAME_DARK_ELVES_5">
			<Text>Amedee</Text>			
		</Row>
		<Row Tag="TXT_KEY_SPY_NAME_DARK_ELVES_6">
			<Text>Ilurne</Text>			
		</Row>
		<Row Tag="TXT_KEY_SPY_NAME_DARK_ELVES_7">
			<Text>Elephon</Text>
		</Row>
		<Row Tag="TXT_KEY_SPY_NAME_DARK_ELVES_8">
			<Text>Morthil</Text>
		</Row>
		<Row Tag="TXT_KEY_SPY_NAME_DARK_ELVES_9">
			<Text>Erolith</Text>
		</Row>	
	</Language_en_US>
</GameData>