
<GameData>
	<ArtDefine_UnitInfoMemberInfos>
		<Row>
			<UnitInfoType>ART_DEF_UNIT_ELVEN_BLACK_DRAGON</UnitInfoType>
			<UnitMemberInfoType>ART_DEF_UNIT_MEMBER_ELVEN_BLACK_DRAGON</UnitMemberInfoType>
			<NumMembers>1</NumMembers>
		</Row>
	</ArtDefine_UnitInfoMemberInfos>
	<ArtDefine_UnitInfos>
		<Row>
			<Type>ART_DEF_UNIT_ELVEN_BLACK_DRAGON</Type>
			<DamageStates>1</DamageStates>
			<Formation>Unformed</Formation>
		</Row>
	</ArtDefine_UnitInfos>
	<ArtDefine_UnitMemberInfos>
		<Row>
			<Type>ART_DEF_UNIT_MEMBER_ELVEN_BLACK_DRAGON</Type>
			<Scale>0.03</Scale>
			<Model>black_dragon.fxsxml</Model>
			<MaterialTypeTag>CLOTH</MaterialTypeTag>
			<MaterialTypeSoundOverrideTag>FLESH</MaterialTypeSoundOverrideTag>
		</Row>
	</ArtDefine_UnitMemberInfos>
	<ArtDefine_UnitMemberCombats>
		<Row>
			<UnitMemberType>ART_DEF_UNIT_MEMBER_ELVEN_BLACK_DRAGON</UnitMemberType>
			<EnableActions>Idle Attack RunCharge AttackCity Bombard Death BombardDefend Run Fortify CombatReady Walk</EnableActions>
			<ShortMoveRadius>24.0</ShortMoveRadius>
			<ShortMoveRate>0.349999994039536</ShortMoveRate>
			<TurnRateMin>0.5</TurnRateMin>
			<TurnRateMax>0.75</TurnRateMax>
			<TurnFacingRateMin>15.0</TurnFacingRateMin>
			<TurnFacingRateMax>20.0</TurnFacingRateMax>
			<TargetHeight>12.0</TargetHeight>
			<HasStationaryMelee>1</HasStationaryMelee>
			<HasRefaceAfterCombat>1</HasRefaceAfterCombat>
			<ReformBeforeCombat>2</ReformBeforeCombat>
			<OnlyTurnInMovementActions>1</OnlyTurnInMovementActions>
			<RushAttackFormation>DefaultCavalry</RushAttackFormation>
		</Row>
	</ArtDefine_UnitMemberCombats>
	<ArtDefine_UnitMemberCombatWeapons>
		<Row>
			<UnitMemberType>ART_DEF_UNIT_MEMBER_ELVEN_BLACK_DRAGON</UnitMemberType>
			<Index>0</Index>
			<SubIndex>0</SubIndex>
			<WeaponTypeTag>METAL</WeaponTypeTag>
			<WeaponTypeSoundOverrideTag>SWORD</WeaponTypeSoundOverrideTag>
		</Row>
		<Row>
			<UnitMemberType>ART_DEF_UNIT_MEMBER_ELVEN_BLACK_DRAGON</UnitMemberType>
			<Index>1</Index>
			<SubIndex>0</SubIndex>
			<VisKillStrengthMin>10.0</VisKillStrengthMin>
			<VisKillStrengthMax>20.0</VisKillStrengthMax>
			<WeaponTypeTag>DROMON_FLAME</WeaponTypeTag>
			<MissTargetSlopRadius>10.0</MissTargetSlopRadius>
		</Row>
	</ArtDefine_UnitMemberCombatWeapons>
	<ArtDefine_StrategicView>
		<Row>
			<StrategicViewType>ART_DEF_UNIT_ELVEN_BLACK_DRAGON</StrategicViewType>
			<TileType>Unit</TileType>
			<Asset>SV_Horseman.dds</Asset>
		</Row>
	</ArtDefine_StrategicView>
</GameData>