<?xml version="1.0" encoding="utf-8"?>
<GameData>
	<Audio_Sounds>
		<Row>
			<SoundID>SND_UNIT_DRAGON_WING_FLAP</SoundID>
			<Filename>DragonFlyA</Filename>
			<LoadType>DynamicResident</LoadType>
		</Row>
		<Row>
			<SoundID>SND_UNIT_DRAGON_ATTACK_VOX_A</SoundID>
			<Filename>AttackDragonVoxA</Filename>
			<LoadType>DynamicResident</LoadType>
		</Row>
		<Row>
			<SoundID>SND_UNIT_FIRE_LIZARD_DEATH_VOX_A</SoundID>
			<Filename>DeathFireLizardVoxA</Filename>
			<LoadType>DynamicResident</LoadType>
		</Row>
		<Row>
			<SoundID>SND_UNIT_FIRE_LIZARD_RUN_CHRG_VOX_T1</SoundID>
			<Filename>RunChrgFireLizardVoxT1</Filename>
			<LoadType>DynamicResident</LoadType>
		</Row>
		<Row>
			<SoundID>SND_UNIT_FIRE_LIZARD_RUN_CHRG_VOX_T2</SoundID>
			<Filename>RunChrgFireLizardVoxT2</Filename>
			<LoadType>DynamicResident</LoadType>
		</Row>
	</Audio_Sounds>
	<Audio_3DSounds>
		<Row>
			<ScriptID>AS3D_UNIT_DRAGON_WING_FLAP</ScriptID>
			<SoundID>SND_UNIT_DRAGON_WING_FLAP</SoundID>
			<SoundType>GAME_SFX</SoundType>
			<MaxVolume>75</MaxVolume>
			<MinVolume>45</MinVolume>
			<IsMusic>0</IsMusic>
		</Row>
		<Row>
			<ScriptID>AS3D_UNIT_DRAGON_ATTACK_VOX_A</ScriptID>
			<SoundID>SND_UNIT_DRAGON_ATTACK_VOX_A</SoundID>
			<SoundType>GAME_SFX</SoundType>
			<MaxVolume>75</MaxVolume>
			<MinVolume>45</MinVolume>
			<IsMusic>0</IsMusic>
		</Row>
		<Row>
			<ScriptID>AS3D_UNIT_FIRE_LIZARD_DEATH_VOX_A</ScriptID>
			<SoundID>SND_UNIT_FIRE_LIZARD_DEATH_VOX_A</SoundID>
			<SoundType>GAME_SFX</SoundType>
			<MaxVolume>75</MaxVolume>
			<MinVolume>45</MinVolume>
			<IsMusic>0</IsMusic>
		</Row>
		<Row>
			<ScriptID>AS3D_UNIT_FIRE_LIZARD_RUN_CHRG_VOX_T1</ScriptID>
			<SoundID>SND_UNIT_FIRE_LIZARD_RUN_CHRG_VOX_T1</SoundID>
			<SoundType>GAME_SFX</SoundType>
			<MaxVolume>75</MaxVolume>
			<MinVolume>45</MinVolume>
			<IsMusic>0</IsMusic>
		</Row>
		<Row>
			<ScriptID>AS3D_UNIT_FIRE_LIZARD_RUN_CHRG_VOX_T2</ScriptID>
			<SoundID>SND_UNIT_FIRE_LIZARD_RUN_CHRG_VOX_T2</SoundID>
			<SoundType>GAME_SFX</SoundType>
			<MaxVolume>75</MaxVolume>
			<MinVolume>45</MinVolume>
			<IsMusic>0</IsMusic>
		</Row>
	</Audio_3DSounds>
</GameData>
