<?xml version="1.0" encoding="utf-8"?>
<GameData>
	<Diplomacy_Responses>
		<Row LeaderType="LEADER_TOAMATAU">
			<ResponseType>RESPONSE_FIRST_GREETING</ResponseType>
			<Response>TXT_KEY_LEADER_TOAMATAU_FIRSTGREETING%</Response>
		</Row>
		<Row LeaderType="LEADER_TOAMATAU">
			<ResponseType>RESPONSE_DEFEATED</ResponseType>
			<Response>TXT_KEY_LEADER_TOAMATAU_DEFEATED%</Response>
		</Row>
		<Row LeaderType="LEADER_TOAMATAU">
			<ResponseType>RESPONSE_GREETING_POLITE_HELLO</ResponseType>
			<Response>TXT_KEY_LEADER_TOAMATAU_POLITE_HELLO%</Response>
		</Row>
		<Row LeaderType="LEADER_TOAMATAU">
			<ResponseType>RESPONSE_GREETING_NEUTRAL_HELLO</ResponseType>
			<Response>TXT_KEY_LEADER_TOAMATAU_NEUTRAL_HELLO%</Response>
		</Row>
		<Row LeaderType="LEADER_TOAMATAU">
			<ResponseType>RESPONSE_GREETING_HOSTILE_HELLO</ResponseType>
			<Response>TXT_KEY_LEADER_TOAMATAU_HOSTILE_HELLO%</Response>
		</Row>
		<Row LeaderType="LEADER_TOAMATAU">
			<ResponseType>RESPONSE_HOSTILE_AGGRESSIVE_MILITARY_WARNING</ResponseType>
			<Response>TXT_KEY_LEADER_TOAMATAU_HOSTILE_AGGRESSIVE_MILITARY_WARNING%</Response>
		</Row>
		<Row LeaderType="LEADER_TOAMATAU">
			<ResponseType>RESPONSE_EXPANSION_SERIOUS_WARNING</ResponseType>
			<Response>TXT_KEY_LEADER_TOAMATAU_EXPANSION_SERIOUS_WARNING%</Response>
		</Row>
		<Row LeaderType="LEADER_TOAMATAU">
			<ResponseType>RESPONSE_REQUEST</ResponseType>
			<Response>TXT_KEY_LEADER_TOAMATAU_RESPONSE_REQUEST%</Response>
		</Row>
		<Row LeaderType="LEADER_TOAMATAU">
			<ResponseType>RESPONSE_LUXURY_TRADE</ResponseType>
			<Response>TXT_KEY_LEADER_TOAMATAU_RESPONSE_LUXURY_TRADE%</Response>
		</Row>
		<Row LeaderType="LEADER_TOAMATAU">
			<ResponseType>RESPONSE_OPEN_BORDERS_EXCHANGE</ResponseType>
			<Response>TXT_KEY_LEADER_TOAMATAU_OPEN_BORDERS_EXCHANGE%</Response>
		</Row>
	</Diplomacy_Responses>
	<Language_en_US>
		<!--General phrases -->
		<!--Greeting (first time meeting) -->
		<Row Tag="TXT_KEY_LEADER_TOAMATAU_FIRSTGREETING_1">
			<Text>I am Matau, the great Toa-hero. I am the Toa-hero of my home-realm Le-Metru. The leaf-runner Le-Matoran come to bid you welcome to our busyquick city!</Text>
		</Row>
		<Row Tag="TXT_KEY_LEADER_TOAMATAU_FIRSTGREETING_2">
			<Text>I am Matau, the great Toa-hero. I am the Toa-hero of my home-realm Le-Metru. The leaf-runner Le-Matoran come to bid you welcome to our busyquick city!</Text>
		</Row>
		<Row Tag="TXT_KEY_LEADER_TOAMATAU_FIRSTGREETING_3">
			<Text>I am Matau, the great Toa-hero. I am the Toa-hero of my home-realm Le-Metru. The leaf-runner Le-Matoran come to bid you welcome to our busyquick city.</Text>
		</Row>
		<!--Defeated and removed from game -->
		<Row Tag="TXT_KEY_LEADER_TOAMATAU_DEFEATED_1">
			<Text>Our chutes are in ruins. We were late-knowing of the troubledanger you are. At least the other Metrus will hear our sorry-bad story... </Text>
		</Row>
		<Row Tag="TXT_KEY_LEADER_TOAMATAU_DEFEATED_2">
			<Text>Our chutes are in ruins. We were late-knowing of the troubledanger you are. At least the other Metrus will hear our sorry-bad story...</Text>
		</Row>
		<Row Tag="TXT_KEY_LEADER_TOAMATAU_DEFEATED_3">
			<Text>Our chutes are in ruins. We were late-knowing of the troubledanger you are. At least the other Metrus will hear our sorry-bad story...</Text>
		</Row>

		<!--Neutral -->
		<!--Greetings (subsequent meetings) -->
		<Row Tag="TXT_KEY_LEADER_TOAMATAU_NEUTRAL_HELLO_1">
			<Text>Goodhello welcome to busyquick Le-Metru!</Text>
		</Row>
		<Row Tag="TXT_KEY_LEADER_TOAMATAU_GREETING_1">
			<Text>Goodhello, friend!</Text>
		</Row>
		<Row Tag="TXT_KEY_LEADER_TOAMATAU_GREETING_2">
			<Text>I bid you welcome.</Text>
		</Row>
		<!--Goodbye -->
		<Row Tag="TXT_KEY_LEADER_TOAMATAU_GOODBYE_1">
			<Text>Goodbye, and may the life-dawn be with you!</Text>
		</Row>
		<Row Tag="TXT_KEY_LEADER_TOAMATAU_GOODBYE_2">
			<Text>Goodbye.</Text>
		</Row>

		<!--Happy -->
		<!--Greetings (subsequent meetings) -->
		<Row Tag="TXT_KEY_LEADER_TOAMATAU_POLITE_HELLO_1">
			<Text>Whatever you need from chutespeed Le-Metru, you will quick-have it!</Text>
		</Row>
		<Row Tag="TXT_KEY_LEADER_TOAMATAU_GREETING_3">
			<Text>It is happynice to see you again!</Text>
		</Row>
		<Row Tag="TXT_KEY_LEADER_TOAMATAU_GREETING_4">
			<Text>Hello again, spirit-lifter!</Text>
		</Row>
		<!--Goodbye -->
		<Row Tag="TXT_KEY_LEADER_TOAMATAU_GOODBYE_3">
			<Text>Goodbye, and fare well!</Text>
		</Row>
		<Row Tag="TXT_KEY_LEADER_TOAMATAU_GOODBYE_4">
			<Text>May our heartswear notnever end!</Text>
		</Row>
		<!--Requests a trade -->
		<Row Tag="TXT_KEY_LEADER_TOAMATAU_RESPONSE_LUXURY_TRADE_1">
			<Text>My headthoughts say this would high-interest you?</Text>
		</Row>

		<!--Angry -->
		<!--Greetings (subsequent meetings) -->
		<Row Tag="TXT_KEY_LEADER_TOAMATAU_HOSTILE_HELLO_1">
			<Text>What do you want, firespitter?</Text>
		</Row>
		<Row Tag="TXT_KEY_LEADER_TOAMATAU_GREETING_5">
			<Text>The Le-Matoran have not been happycheer at the sorry-bad story of your arrival.</Text>
		</Row>
		<Row Tag="TXT_KEY_LEADER_TOAMATAU_GREETING_6">
			<Text>Quickspeak your headthoughts.</Text>
		</Row>
		<!--Goodbye -->
		<Row Tag="TXT_KEY_LEADER_TOAMATAU_GOODBYE_5">
			<Text>Get out slow-thinker.</Text>
		</Row>
		<Row Tag="TXT_KEY_LEADER_TOAMATAU_GOODBYE_6">
			<Text>Thinktalk no-nothing.</Text>
		</Row>

		<Row Tag="TXT_KEY_LEADER_TOAMATAU_DECLAREWAR_1">
			<Text>We Le-Matoran will not take your slowthinkings! Our proudstanding chute-riders prepare for battleflight!</Text>
		</Row>
		<Row Tag="TXT_KEY_LEADER_TOAMATAU_DECLAREWAR_2">
			<Text>Enough is enough firespitter. Quicksee the might of a Toa-hero.</Text>
		</Row>
		<Row Tag="TXT_KEY_LEADER_TOAMATAU_DECLAREWAR_3">
			<Text>That's what's missing from Metru Nui these days ... Not enough crash-bang.</Text>
		</Row>
		<Row Tag="TXT_KEY_LEADER_TOAMATAU_ATTACKED_1">
			<Text>Mata Nui loves ever-brave fools. That is why he made so many of us.</Text>
		</Row>
		<Row Tag="TXT_KEY_LEADER_TOAMATAU_ATTACKED_2">
			<Text>Great Spirit protect us!</Text>
		</Row>
		<Row Tag="TXT_KEY_LEADER_TOAMATAU_ATTACKED_3">
			<Text>Le-Metru once quick-won a great war and the Le-Matoran will quick-win it again.</Text>
		</Row>

		<!--Misc-->
		<Row Tag="TXT_KEY_LEADER_TOAMATAU_HOSTILE_AGGRESSIVE_MILITARY_WARNING_1">
			<Text>Maybe now I can be legendary Toa-villain then.</Text>
		</Row>
		<Row Tag="TXT_KEY_LEADER_TOAMATAU_EXPANSION_SERIOUS_WARNING_1">
			<Text> Your new district overlaps our Motohubs. Quickleave yourself.</Text>
		</Row>
		<Row Tag="TXT_KEY_LEADER_TOAMATAU_OPEN_BORDERS_EXCHANGE_1">
			<Text>How about we quickshare oru chutes with eachother?</Text>
		</Row>
		<Row Tag="TXT_KEY_LEADER_TOAMATAU_RESPONSE_REQUEST_1">
			<Text>The chutes run slow. Can you quickhelp our Le-Matoran?</Text>
		</Row>
	</Language_en_US>
</GameData>