<?xml version="1.0" encoding="utf-8"?>
<GameData>
	<Diplomacy_Responses>
		<Row LeaderType="LEADER_TOAWHENUA">
			<ResponseType>RESPONSE_FIRST_GREETING</ResponseType>
			<Response>TXT_KEY_LEADER_TOAWHENUA_FIRSTGREETING%</Response>
		</Row>
		<Row LeaderType="LEADER_TOAWHENUA">
			<ResponseType>RESPONSE_DEFEATED</ResponseType>
			<Response>TXT_KEY_LEADER_TOAWHENUA_DEFEATED%</Response>
		</Row>
		<Row LeaderType="LEADER_TOAWHENUA">
			<ResponseType>RESPONSE_GREETING_POLITE_HELLO</ResponseType>
			<Response>TXT_KEY_LEADER_TOAWHENUA_POLITE_HELLO%</Response>
		</Row>
		<Row LeaderType="LEADER_TOAWHENUA">
			<ResponseType>RESPONSE_GREETING_NEUTRAL_HELLO</ResponseType>
			<Response>TXT_KEY_LEADER_TOAWHENUA_NEUTRAL_HELLO%</Response>
		</Row>
		<Row LeaderType="LEADER_TOAWHENUA">
			<ResponseType>RESPONSE_GREETING_HOSTILE_HELLO</ResponseType>
			<Response>TXT_KEY_LEADER_TOAWHENUA_HOSTILE_HELLO%</Response>
		</Row>
		<Row LeaderType="LEADER_TOAWHENUA">
			<ResponseType>RESPONSE_HOSTILE_AGGRESSIVE_MILITARY_WARNING</ResponseType>
			<Response>TXT_KEY_LEADER_TOAWHENUA_HOSTILE_AGGRESSIVE_MILITARY_WARNING%</Response>
		</Row>
		<Row LeaderType="LEADER_TOAWHENUA">
			<ResponseType>RESPONSE_EXPANSION_SERIOUS_WARNING</ResponseType>
			<Response>TXT_KEY_LEADER_TOAWHENUA_EXPANSION_SERIOUS_WARNING%</Response>
		</Row>
		<Row LeaderType="LEADER_TOAWHENUA">
			<ResponseType>RESPONSE_REQUEST</ResponseType>
			<Response>TXT_KEY_LEADER_TOAWHENUA_RESPONSE_REQUEST%</Response>
		</Row>
		<Row LeaderType="LEADER_TOAWHENUA">
			<ResponseType>RESPONSE_LUXURY_TRADE</ResponseType>
			<Response>TXT_KEY_LEADER_TOAWHENUA_RESPONSE_LUXURY_TRADE%</Response>
		</Row>
		<Row LeaderType="LEADER_TOAWHENUA">
			<ResponseType>RESPONSE_OPEN_BORDERS_EXCHANGE</ResponseType>
			<Response>TXT_KEY_LEADER_TOAWHENUA_OPEN_BORDERS_EXCHANGE%</Response>
		</Row>
	</Diplomacy_Responses>
	<Language_en_US>
		<!--General phrases -->
		<!--Greeting (first time meeting) -->
		<Row Tag="TXT_KEY_LEADER_TOAWHENUA_FIRSTGREETING_1">
			<Text>I am Whenua, Toa of Onu-Metru. When I was younger, I believed all answers could be found in the past. I still believe the past should be our teacher.</Text>
		</Row>
		<Row Tag="TXT_KEY_LEADER_TOAWHENUA_FIRSTGREETING_2">
			<Text>I am Whenua, Toa of Onu-Metru. When I was younger, I believed all answers could be found in the past. I still believe the past should be our teacher.</Text>
		</Row>
		<Row Tag="TXT_KEY_LEADER_TOAWHENUA_FIRSTGREETING_3">
			<Text>I am Whenua, Turaga of Onu-METRU. Onu-METRU is the wondrous under-city of Mata Nui. Matoran come from near and far to trade at our great Market, and marvel at the work of our engineers.</Text>
		</Row>
		<!--Defeated and removed from game -->
		<Row Tag="TXT_KEY_LEADER_TOAWHENUA_DEFEATED_1">
			<Text>I have been hanging here trying to remember if a Toa ever met his end by being baked while stuck to a ceiling. I can't think of one. As an archivist, I am excited about discovering a first. As a Toa Metru, I am not looking forward to being remembered in the Chronicles for this.</Text>
		</Row>
		<Row Tag="TXT_KEY_LEADER_TOAWHENUA_DEFEATED_2">
			<Text>I have been hanging here trying to remember if a Toa ever met his end by being baked while stuck to a ceiling. I can't think of one. As an archivist, I am excited about discovering a first. As a Toa Metru, I am not looking forward to being remembered in the Chronicles for this.</Text>
		</Row>
		<Row Tag="TXT_KEY_LEADER_TOAWHENUA_DEFEATED_3">
			<Text>I have been hanging here trying to remember if a Toa ever met his end by being baked while stuck to a ceiling. I can't think of one. As an archivist, I am excited about discovering a first. As a Toa Metru, I am not looking forward to being remembered in the Chronicles for this.</Text>
		</Row>

		<!--Neutral -->
		<!--Greetings (subsequent meetings) -->
		<Row Tag="TXT_KEY_LEADER_TOAWHENUA_NEUTRAL_HELLO_1">
			<Text>I have been expecting you, thinker.</Text>
		</Row>
		<Row Tag="TXT_KEY_LEADER_TOAWHENUA_GREETING_1">
			<Text>Do you seek answers in the Great Archives?</Text>
		</Row>
		<Row Tag="TXT_KEY_LEADER_TOAWHENUA_GREETING_2">
			<Text>Welcome back to Onu-Metru.</Text>
		</Row>
		<!--Goodbye -->
		<Row Tag="TXT_KEY_LEADER_TOAWHENUA_GOODBYE_1">
			<Text>Good luck in your studies.</Text>
		</Row>
		<Row Tag="TXT_KEY_LEADER_TOAWHENUA_GOODBYE_2">
			<Text>Goodbye.</Text>
		</Row>

		<!--Happy -->
		<!--Greetings (subsequent meetings) -->
		<Row Tag="TXT_KEY_LEADER_TOAWHENUA_POLITE_HELLO_1">
			<Text>Do you seek answers in the Great Archives? They are open to you.</Text>
		</Row>
		<Row Tag="TXT_KEY_LEADER_TOAWHENUA_GREETING_3">
			<Text>It is nice to see you again in these troubling times.</Text>
		</Row>
		<Row Tag="TXT_KEY_LEADER_TOAWHENUA_GREETING_4">
			<Text>The past is right, you have returned.</Text>
		</Row>
		<!--Goodbye -->
		<Row Tag="TXT_KEY_LEADER_TOAWHENUA_GOODBYE_3">
			<Text>Be safe in the Archives.</Text>
		</Row>
		<Row Tag="TXT_KEY_LEADER_TOAWHENUA_GOODBYE_4">
			<Text>May the Great Spirit protect you.</Text>
		</Row>
		<!--Requests a trade -->
		<Row Tag="TXT_KEY_LEADER_TOAWHENUA_RESPONSE_LUXURY_TRADE_1">
			<Text>I seek to exchange the knowledge of the past for your goods.</Text>
		</Row>

		<!--Angry -->
		<!--Greetings (subsequent meetings) -->
		<Row Tag="TXT_KEY_LEADER_TOAWHENUA_HOSTILE_HELLO_1">
			<Text>What do you want, future-looker?</Text>
		</Row>
		<Row Tag="TXT_KEY_LEADER_TOAWHENUA_GREETING_5">
			<Text>You again? It serves no purpose to be false, for the earth cannot be deceived.</Text>
		</Row>
		<Row Tag="TXT_KEY_LEADER_TOAWHENUA_GREETING_6">
			<Text>It serves no purpose to be false, for the earth cannot be deceived.</Text>
		</Row>
		<!--Goodbye -->
		<Row Tag="TXT_KEY_LEADER_TOAWHENUA_GOODBYE_5">
			<Text>It serves no purpose to be false, for the earth cannot be deceived.</Text>
		</Row>
		<Row Tag="TXT_KEY_LEADER_TOAWHENUA_GOODBYE_6">
			<Text>It serves no purpose to be false, for the earth cannot be deceived.</Text>
		</Row>

		<Row Tag="TXT_KEY_LEADER_TOAWHENUA_DECLAREWAR_1">
			<Text>May this fight be more fierce than all of the Rahi in the Archives combined.</Text>
		</Row>
		<Row Tag="TXT_KEY_LEADER_TOAWHENUA_DECLAREWAR_2">
			<Text>Your actions are inexcusable. Prepare for war.</Text>
		</Row>
		<Row Tag="TXT_KEY_LEADER_TOAWHENUA_DECLAREWAR_3">
			<Text>You will belong in the past alongside the other artifacts in the Archives!</Text>
		</Row>
		<Row Tag="TXT_KEY_LEADER_TOAWHENUA_ATTACKED_1">
			<Text>Since when are Matoran just zapped into Toa?</Text>
		</Row>
		<Row Tag="TXT_KEY_LEADER_TOAWHENUA_ATTACKED_2">
			<Text>It serves no purpose to be false, for the earth cannot be deceived.</Text>
		</Row>
		<Row Tag="TXT_KEY_LEADER_TOAWHENUA_ATTACKED_3">
			<Text>Since when are Matoran just zapped into Toa?</Text>
		</Row>

		<!--Misc-->
		<Row Tag="TXT_KEY_LEADER_TOAWHENUA_HOSTILE_AGGRESSIVE_MILITARY_WARNING_1">
			<Text>Your puny armies are no match for the wisdom of the archives!</Text>
		</Row>
		<Row Tag="TXT_KEY_LEADER_TOAWHENUA_EXPANSION_SERIOUS_WARNING_1">
			<Text>It serves no purpose to be false, for the earth cannot be deceived. Leave our tunnels.</Text>
		</Row>
		<Row Tag="TXT_KEY_LEADER_TOAWHENUA_OPEN_BORDERS_EXCHANGE_1">
			<Text>The unlike some, the Onu-Matoran like you and wish to travel amongst our districts.</Text>
		</Row>
		<Row Tag="TXT_KEY_LEADER_TOAWHENUA_RESPONSE_REQUEST_1">
			<Text>We are recieving less funds for the Archives in the recent times? Donations are tax-deductible.</Text>
		</Row>
	</Language_en_US>
</GameData>