<?xml version="1.0" encoding="utf-8"?>
<GameData>
	<Language_en_US>
		<Row Tag="TXT_KEY_SPY_NAME_TAMETRU_0">
			<Text>The Exterminator</Text>
		</Row>
		<Row Tag="TXT_KEY_SPY_NAME_TAMETRU_1">
			<Text>Geo</Text>
		</Row>
		<Row Tag="TXT_KEY_SPY_NAME_TAMETRU_2">
			<Text>Cryomancer</Text>
		</Row>
		<Row Tag="TXT_KEY_SPY_NAME_TAMETRU_3">
			<Text>The Dragon</Text>
		</Row>
		<Row Tag="TXT_KEY_SPY_NAME_TAMETRU_4">
			<Text>The Leviathan</Text>
		</Row>
		<Row Tag="TXT_KEY_SPY_NAME_TAMETRU_5">
			<Text>Lord Confucius</Text>
		</Row>
		<Row Tag="TXT_KEY_SPY_NAME_TAMETRU_6">
			<Text>Jayden Bones</Text>
		</Row>
		<Row Tag="TXT_KEY_SPY_NAME_TAMETRU_7">
			<Text>Deadeye</Text>
		</Row>
		<Row Tag="TXT_KEY_SPY_NAME_TAMETRU_8">
			<Text>Bloodhunter</Text>
		</Row>
		<Row Tag="TXT_KEY_SPY_NAME_TAMETRU_9">
			<Text>The Overseer</Text>
		</Row>
		<Row Tag="TXT_KEY_CIV5_DAWN_TAMETRU_TEXT">
			<Text>
				It is a human custom to bow before their superiors. As such, I kneel before you, the first true Warforged. [NEWLINE][NEWLINE] When the Overseer created the first warforged, they envisioned a perfect being - a creature representing human ingenuity, as well as the mystic arts, with a touch of the unknown power of the cosmos... The first warforged was a failure. A flawed design, overcome with the burden of his own existence. You do not have such burdens. You are perfect. You will accomplish your goals no matter the cost. You will destroy your target... and all who stand in your path. [NEWLINE][NEWLINE] Warforged Mk.II - you are tasked with bringing this world to its knees. Will your steel soldiers destroy all your enemies? Can you build a civilization that will stand the test of time?
			</Text>
		</Row>
		<Row Tag="TXT_KEY_CITY_NAME_TAMETRU">
			<Text>Skullship Omikron</Text>
		</Row>
		<Row Tag="TXT_KEY_CITY_NAME_THE_FIRE_PITS">
			<Text>Crash Site Alpha</Text>
		</Row>
		<Row Tag="TXT_KEY_CITY_NAME_VAKAMAS_FOUNDRY">
			<Text>The Overseer's Prism</Text>
		</Row>
		<Row Tag="TXT_KEY_CITY_NAME_PROTODERMIS_REC_YARD">
			<Text>Test Facility Beta</Text>
		</Row>
		<Row Tag="TXT_KEY_CITY_NAME_RECLAMATION_FURNACE">
			<Text>Test Facility Gamma</Text>
		</Row>
		<Row Tag="TXT_KEY_CITY_NAME_FOUNDRY_17">
			<Text>War Forge Zeta</Text>
		</Row>
		<Row Tag="TXT_KEY_CITY_NAME_VAT_CONTROL">
			<Text>Eclipsite Factory Delta</Text>
		</Row>
		<Row Tag="TXT_KEY_CITY_NAME_MOLTEN_LAKE">
			<Text>Epsilon Zone</Text>
		</Row>
		<Row Tag="TXT_KEY_CIV_TAMETRU_ADJECTIVE">
			<Text>Warforged</Text>
		</Row>
		<Row Tag="TXT_KEY_CIV_TAMETRU_DESC">
			<Text>The Legion of Steel</Text>
		</Row>
		<Row Tag="TXT_KEY_CIV_TAMETRU_SHORT_DESC">
			<Text>The Legion of Steel</Text>
		</Row>
		<Row Tag="TXT_KEY_LEADER_TOAVAKAMA">
			<Text>Warforged Mk. II</Text>
		</Row>
		<Row Tag="TXT_KEY_TRAIT_MASK_MAKERS">
			<Text>Cities begin with +1 [ICON_PRODUCTION].</Text>
		</Row>
		<Row Tag="TXT_KEY_TRAIT_MASK_MAKERS_SHORT">
			<Text>Eclipsite Heart</Text>
		</Row>
		<Row Tag="TXT_KEY_UNIT_NUURAKH">
			<Text>Mind Eclipsor Mk. I</Text>
		</Row>
		<Row Tag="TXT_KEY_UNIT_HELP_NUURAKH">
			<Text>Unique Warforged Cavalry replacement. Flanking Bonus is 15%. Receives defensive terrain bonus and the Mind Eclipse Promotion. Obsoletes at Rocketry. Stronger, but requires 1 [ICON_RES_IRON] Iron and is more expensive to produce.</Text>
		</Row>
		<Row Tag="TXT_KEY_PROMOTION_COMMAND">
			<Text>Mind Eclipse</Text>
		</Row>
		<Row Tag="TXT_KEY_PROMOTION_COMMAND_DESC">
			<Text>Mind Eclipse</Text>
		</Row>
		<Row Tag="TXT_KEY_PROMOTION_COMMAND_HELP">
			<Text>Unique Warforged Cavalry replacement. Chance to 'mind eclipse' enemy units upon attack to take orders. (Capture the enemy)</Text>
		</Row>
		<Row Tag="TXT_KEY_BUILDING_GREAT_FURNACE_DESC">
			<Text>Skullship Omikron Restoration</Text>
		</Row>
		<Row Tag="TXT_KEY_BUILDING_GREAT_FURNACE_HELP">
			<Text>Unique Warforged Ironworks replacement. Once the Skullship is functioning again, its futuristic technology provides +5% [ICON_PRODUCTION] production to organic military units. [NEWLINE]+20% [ICON_PRODUCTION] production to vehicular and mechanical military units.[NEWLINE]+10 [ICON_PRODUCTION] production. Has an Engineer specialist slot and provides a free Great Engineer.[NEWLINE]Provides 3 [ICON_RES_IRON] iron.</Text>
		</Row>
	</Language_en_US>
</GameData>