<?xml version="1.0" encoding="utf-8"?>
<GameData>
	<Language_en_US>
		<Row Tag="TXT_KEY_SPY_NAME_GAMETRU_0">
			<Text>Nez</Text>
		</Row>
		<Row Tag="TXT_KEY_SPY_NAME_GAMETRU_1">
			<Text>Hapi</Text>
		</Row>
		<Row Tag="TXT_KEY_SPY_NAME_GAMETRU_2">
			<Text>Syllynn</Text>
		</Row>
		<Row Tag="TXT_KEY_SPY_NAME_GAMETRU_3">
			<Text>Lee</Text>
		</Row>
		<Row Tag="TXT_KEY_SPY_NAME_GAMETRU_4">
			<Text>Jun</Text>
		</Row>
		<Row Tag="TXT_KEY_SPY_NAME_GAMETRU_5">
			<Text>Guang</Text>
		</Row>
		<Row Tag="TXT_KEY_SPY_NAME_GAMETRU_6">
			<Text>Ming</Text>
		</Row>
		<Row Tag="TXT_KEY_SPY_NAME_GAMETRU_7">
			<Text>Qin</Text>
		</Row>
		<Row Tag="TXT_KEY_SPY_NAME_GAMETRU_8">
			<Text>Lijing</Text>
		</Row>
		<Row Tag="TXT_KEY_SPY_NAME_GAMETRU_9">
			<Text>Feng</Text>
		</Row>
		<Row Tag="TXT_KEY_CIV5_DAWN_GAMETRU_TEXT">
			<Text>
				Your grace, the wise and powerful Chairman Kao Bing of the People's Republic of Xiangke. Once, you were the most trusted advisor for the Yu Dynasty. Now, you must restore Xiangke to its former glory in the complex geopolitical climate of the modern world. [NEWLINE][NEWLINE]Centuries ago, you were born as the firstborn son to the Dragonlord of the East Sea, Kao Guang. You are his heir, and will one day be the rightful king of Longjiang, the Dragonwell. Until then, you will do as you have always done - serve the people of Xiangke.[NEWLINE][NEWLINE]You once fought in the war against the Monkey King, Xuan Wuhong. You defended Xiangke against the Emperor Yin's legions of undead. You served the God of Rain faithfully, and helped him bring forth a golden age for his Kingdom. Now, Xiangke once again faces powerful enemies that threaten to destroy everything you have built. Will you lead the People's Republic of Xiangke to an era of happiness and prosperity? Can you build a civilization that will stand the test of time?
			</Text>
		</Row>
		<Row Tag="TXT_KEY_CITY_NAME_GAMETRU">
			<Text>Ditian</Text>
		</Row>
		<Row Tag="TXT_KEY_CITY_NAME_FOUNTAIN_OF_WISDOM">
			<Text>Kaishin</Text>
		</Row>
		<Row Tag="TXT_KEY_CITY_NAME_SILVER_SEA">
			<Text>Longjiang</Text>
		</Row>
		<Row Tag="TXT_KEY_CITY_NAME_PROTODERMIS_PURIFIER">
			<Text>Valrum's Island</Text>
		</Row>
		<Row Tag="TXT_KEY_CITY_NAME_KNOWLEDGE_CANAL">
			<Text>Linsu</Text>
		</Row>
		<Row Tag="TXT_KEY_CITY_NAME_CANOE_YARD">
			<Text>Guan</Text>
		</Row>
		<Row Tag="TXT_KEY_CITY_NAME_TOA_SUVA">
			<Text>Gongshin</Text>
		</Row>
		<Row Tag="TXT_KEY_CIV_GAMETRU_ADJECTIVE">
			<Text>Xiangkeian</Text>
		</Row>
		<Row Tag="TXT_KEY_CIV_GAMETRU_DESC">
			<Text>Xiangke Republic</Text>
		</Row>
		<Row Tag="TXT_KEY_CIV_GAMETRU_SHORT_DESC">
			<Text>Xiangke Republic</Text>
		</Row>
		
		<Row Tag="TXT_KEY_LEADER_TOANOKAMA">
			<Text>Kao Bing</Text>
		</Row>
		<Row Tag="TXT_KEY_TRAIT_EDUCATIONAL_SPIRIT">
			<Text>Every 3 [ICON_CITIZEN] citizens in the capital provide +1 [ICON_RESEARCH]. Workboats provide +1 [ICON_PEACE] Faith.</Text>
		</Row>
		<Row Tag="TXT_KEY_TRAIT_EDUCATIONAL_SPIRIT_SHORT">
			<Text>Educational Spirit</Text>
		</Row>
		<Row Tag="TXT_KEY_BUILDING_GREAT_TEMPLE_DESC">
			<Text>The Wizard's Tower</Text>
		</Row>
		<Row Tag="TXT_KEY_BUILDING_GREAT_TEMPLE_HELP">
			<Text>Unique Xiangkeian Republic Grand Temple replacement. +3 [ICON_PEACE] Faith in this city. Gives +3 [ICON_SCIENCE] Science for each coastal tile and +2 [ICON_SCIENCE] for each ocean tile worked by the city.</Text>
		</Row>
		<Row Tag="TXT_KEY_BUILDING_SCHOOL_GA_DESC">
			<Text>Xiangke University</Text>
		</Row>
		<Row Tag="TXT_KEY_BUILDING_SCHOOL_GA_HELP">
			<Text>Unique Oxford University replacement. +2 [ICON_RESEARCH] from coastal tiles and +1 [ICON_RESEARCH] from Ocean tiles. Grants one free tech and one free policy upon completion.</Text>
		</Row>
	</Language_en_US>
</GameData>