<?xml version="1.0" encoding="utf-8"?>
<GameData>
	<Language_en_US>
		<Row Tag="TXT_KEY_SPY_NAME_LEMETRU_0">
			<Text>Kongu</Text>
		</Row>
		<Row Tag="TXT_KEY_SPY_NAME_LEMETRU_1">
			<Text>Tamaru</Text>
		</Row>
		<Row Tag="TXT_KEY_SPY_NAME_LEMETRU_2">
			<Text>Orkahm</Text>
		</Row>
		<Row Tag="TXT_KEY_SPY_NAME_LEMETRU_3">
			<Text>Sanso</Text>
		</Row>
		<Row Tag="TXT_KEY_SPY_NAME_LEMETRU_4">
			<Text>Makani</Text>
		</Row>
		<Row Tag="TXT_KEY_SPY_NAME_LEMETRU_5">
			<Text>Tuuli</Text>
		</Row>
		<Row Tag="TXT_KEY_SPY_NAME_LEMETRU_6">
			<Text>Kumo</Text>
		</Row>
		<Row Tag="TXT_KEY_SPY_NAME_LEMETRU_7">
			<Text>Taiki</Text>
		</Row>
		<Row Tag="TXT_KEY_SPY_NAME_LEMETRU_8">
			<Text>Shu</Text>
		</Row>
		<Row Tag="TXT_KEY_SPY_NAME_LEMETRU_9">
			<Text>Boreas</Text>
		</Row>
		<Row Tag="TXT_KEY_CIV5_DAWN_LEMETRU_TEXT">
			<Text>
				High-flying Toa Matau, you have been called by Toa Lhikan and destiny to lead your fellow Le-Matoran to safty. 'Toa-hero,' the Le-Matoran look to you for your guidance.[NEWLINE][NEWLINE]In the time before time, the Great Spirit chose this city as the Great Beings laid the foundations for the Matoran, who work tirelessly for the well-being of the Great Spirit, Mata Nui. For one hundred thousand years, the Le-Matoran have prospered, building great vehicles amist the chaos and confusion of their district.[NEWLINE][NEWLINE]Adventurous Toa Matau, proudstand Le-Matoran look to you for a thoughtplan as Toa Vakama's crazydream threatens the city. Darkshadow casts itself over the city. Can you stay happycheer in the face of darkshadow? Can you build a civilization that will stand the test of time?
			</Text>
		</Row>
		<Row Tag="TXT_KEY_CITY_NAME_LEMETRU">
			<Text>Le-Metru</Text>
		</Row>
		<Row Tag="TXT_KEY_CITY_NAME_THE_NOTCH">
			<Text>The Notch</Text>
		</Row>
		<Row Tag="TXT_KEY_CITY_NAME_SECTOR_3">
			<Text>Sector Three</Text>
		</Row>
		<Row Tag="TXT_KEY_CITY_NAME_THE_HUB">
			<Text>The Hub</Text>
		</Row>
		<Row Tag="TXT_KEY_CITY_NAME_TOWER_OF_TOA">
			<Text>Tower of Toa</Text>
		</Row>
		<Row Tag="TXT_KEY_CITY_NAME_AIRSHIP_DOCK">
			<Text>Airship Dock</Text>
		</Row>
		<Row Tag="TXT_KEY_CITY_NAME_CHUTE_FACTORY">
			<Text>Chute Factory</Text>
		</Row>
		<Row Tag="TXT_KEY_CIV_LEMETRU_ADJECTIVE">
			<Text>Le-Matoran</Text>
		</Row>
		<Row Tag="TXT_KEY_CIV_LEMETRU_DESC">
			<Text>Le-Matoran Empire</Text>
		</Row>
		<Row Tag="TXT_KEY_CIV_LEMETRU_SHORT_DESC">
			<Text>Le-Metru</Text>
		</Row>
		
		<Row Tag="TXT_KEY_LEADER_TOAMATAU">
			<Text>Toa Matau</Text>
		</Row>
		<Row Tag="TXT_KEY_TRAIT_CHUTE_BUILDERS">
			<Text>As priamary builders of the chutes, Le-Matoran pay no maintenance on Roads and Railroads.</Text>
		</Row>
		<Row Tag="TXT_KEY_TRAIT_CHUTE_BUILDERS_SHORT">
			<Text>Chute Builders</Text>
		</Row>
		<Row Tag="TXT_KEY_BUILDING_TEST_TRACK_DESC">
			<Text>Test Track</Text>
		</Row>
		<Row Tag="TXT_KEY_BUILDING_TEST_TRACK_HELP">
			<Text>Replaces Military Academy. +25% [ICON_PRODUCTION] to vehicular units. +20 XP. Provides 1 scientist specialist slot. </Text>
		</Row>
		<Row Tag="TXT_KEY_BUILDING_MOTOHUB_DESC">
			<Text>Moto-Hub</Text>
		</Row>
		<Row Tag="TXT_KEY_BUILDING_MOTOHUB_HELP">
			<Text>Replaces Workshop. +5 [ICON_PRODUCTION]. +20% [ICON_PRODUCTION] to non-naval units. +1% [ICON_PRODUCTION]. Provides 1 engineer specialist slot. </Text>
		</Row>
	</Language_en_US>
</GameData>