<?xml version="1.0" encoding="utf-8"?>
<GameData>
	<Language_en_US>
		<Row Tag="TXT_KEY_THEMING_BONUS_GREAT_ARCHIVES_1">
			<Text>Archive of {1_EraAdjective} {2_CivAdjective} Art</Text>
		</Row>
		<Row Tag="TXT_KEY_THEMING_BONUS_GREAT_ARCHIVES_2">
			<Text>Archive of {1_EraAdjective} {2_CivAdjective} Warfare</Text>
		</Row>
		<Row Tag="TXT_KEY_THEMING_BONUS_GREAT_ARCHIVES_3">
			<Text>Archive of {1_EraAdjective} Art</Text>
		</Row>
		<Row Tag="TXT_KEY_THEMING_BONUS_GREAT_ARCHIVES_4">
			<Text>Archive of {1_EraAdjective} Warfare</Text>
		</Row>
		<Row Tag="TXT_KEY_THEMING_BONUS_GREAT_ARCHIVES_5">
			<Text>{1_CivAdjective} Archive of the {2_EraAdjective} Era</Text>
		</Row>
		<Row Tag="TXT_KEY_THEMING_BONUS_GREAT_ARCHIVES_6">
			<Text>World Archive of the {1_EraAdjective} Era</Text>
		</Row>
		<Row Tag="TXT_KEY_THEMING_BONUS_GREAT_ARCHIVES_7">
			<Text>Archive of {1_CivAdjective} Art</Text>
		</Row>
		<Row Tag="TXT_KEY_THEMING_BONUS_GREAT_ARCHIVES_8">
			<Text>Archive of {1_CivAdjective} Warfare</Text>
		</Row>
		<Row Tag="TXT_KEY_GREAT_ARCHIVES_THEMING_BONUS_HELP">
			<Text>To maximize your bonus, make sure both Great Works are both Artifacts, both from the same Era, and either both from the city's civilization, or both from civilizations other than the city owner.</Text>
		</Row>
		<Row Tag="TXT_KEY_SPY_NAME_ONUMETRU_0">
			<Text>Onepu</Text>
		</Row>
		<Row Tag="TXT_KEY_SPY_NAME_ONUMETRU_1">
			<Text>Taipu</Text>
		</Row>
		<Row Tag="TXT_KEY_SPY_NAME_ONUMETRU_2">
			<Text>Nuparu</Text>
		</Row>
		<Row Tag="TXT_KEY_SPY_NAME_ONUMETRU_3">
			<Text>Midak</Text>
		</Row>
		<Row Tag="TXT_KEY_SPY_NAME_ONUMETRU_4">
			<Text>Tehutti</Text>
		</Row>
		<Row Tag="TXT_KEY_SPY_NAME_ONUMETRU_5">
			<Text>Dosne</Text>
		</Row>
		<Row Tag="TXT_KEY_SPY_NAME_ONUMETRU_6">
			<Text>Azibo</Text>
		</Row>
		<Row Tag="TXT_KEY_SPY_NAME_ONUMETRU_7">
			<Text>Mamru</Text>
		</Row>
		<Row Tag="TXT_KEY_SPY_NAME_ONUMETRU_8">
			<Text>Akamu</Text>
		</Row>
		<Row Tag="TXT_KEY_SPY_NAME_ONUMETRU_9">
			<Text>Damek</Text>
		</Row>
		<Row Tag="TXT_KEY_CIV5_DAWN_ONUMETRU_TEXT">
			<Text>
				Hail, fair and honest Toa Whenua of Onu-METRU. You have been called from Archives to save the heart of the Metru Nui.[NEWLINE][NEWLINE]In the time before time, the Great Spirit chose this city as the Great Beings laid the foundations for the Matoran, who work tirelessly for the well-being of the Great Spirit, Mata Nui. For one hundred thousand years, the Onu-Matoran have prospered, tunnelling ever deeper into the ground while creating the greatest subterannean museum the universe has ever seen.[NEWLINE][NEWLINE]Strong Toa Whenua, as Vakama's visions fortell doom for the great city, you have been called forward by destiny to save the Matoran. You must look to more than the past to save the city's future in this time of darkness. Can you move beyond the Great Archives? Can you build a civilization that will stand the test of time?
			</Text>
		</Row>
		<Row Tag="TXT_KEY_CITY_NAME_ONUMETRU">
			<Text>Onu-Metru</Text>
		</Row>
		<Row Tag="TXT_KEY_CITY_NAME_DEEP_ARCHIVES">
			<Text>Deep Archives</Text>
		</Row>
		<Row Tag="TXT_KEY_CITY_NAME_PROTODERMIS_MINE">
			<Text>Protodermis Mine</Text>
		</Row>
		<Row Tag="TXT_KEY_CITY_NAME_MAINTENANCE_TUNNELS">
			<Text>Maintenance Tunnels</Text>
		</Row>
		<Row Tag="TXT_KEY_CITY_NAME_LIGHTSTONE_MINE">
			<Text>Lightstone Mine</Text>
		</Row>
		<Row Tag="TXT_KEY_CITY_NAME_FIKOU_WEB">
			<Text>Fikou Web</Text>
		</Row>
		<Row Tag="TXT_KEY_CITY_NAME_DARK_HUNTER_PRISON">
			<Text>Dark Hunter Prison</Text>
		</Row>
		<Row Tag="TXT_KEY_CITY_NAME_SUB_THOUGHT_TOWER">
			<Text>Subterranean Thought Tower</Text>
		</Row>
		<Row Tag="TXT_KEY_CITY_NAME_RAHI_ROW">
			<Text>Rahi Row</Text>
		</Row>
		<Row Tag="TXT_KEY_CIV_ONUMETRU_ADJECTIVE">
			<Text>Onu-Matoran</Text>
		</Row>
		<Row Tag="TXT_KEY_CIV_ONUMETRU_DESC">
			<Text>Onu-Matoran Empire</Text>
		</Row>
		<Row Tag="TXT_KEY_CIV_ONUMETRU_SHORT_DESC">
			<Text>Onu-Metru</Text>
		</Row>
		<Row Tag="TXT_KEY_LEADER_TOAWHENUA">
			<Text>Toa Whenua</Text>
		</Row>
		<Row Tag="TXT_KEY_TRAIT_LOOK_PAST">
			<Text>Scientist specialists yield +2 [ICON_CULTURE] Culture. Doubled Theming Bonus from Great Archives.</Text>
		</Row>
		<Row Tag="TXT_KEY_TRAIT_LOOK_PAST_SHORT">
			<Text>Look to the Past</Text>
		</Row>
		<Row Tag="TXT_KEY_UNIT_ARCHIVIST">
			<Text>Archivist</Text>
		</Row>
		<Row Tag="TXT_KEY_UNIT_HELP_ARCHIVIST">
			<Text>Archivists are a special subtype of Worker that are used to excavate Antiquity Sites to either create Landmark improvements or to extract Artifacts to fill in Great Work of Art slots in Great Archives, Museums, Palaces, Hermitages, and selected Wonders. Archivists may work in territory owned by any player. They are consumed once they complete an Archaeological Dig at an Antiquity Site. Archivists may not be purchased with [ICON_GOLD] Gold and may only be built in a city with a Great Archives. Archivists have +1 [ICON_MOVES] Movement, +1 Sight, and 50% faster improvement rate. </Text>
		</Row>
		<Row Tag="TXT_KEY_BUILDING_GREAT_ARCHIVES_DESC">
			<Text>Great Archives</Text>
		</Row>
		<Row Tag="TXT_KEY_BUILDING_GREAT_ARCHIVES_HELP">
			<Text>Unique Onu-Matoran University replacement. +33% [ICON_RESEARCH] Science [NEWLINE] +3 [ICON_RESEARCH] from Mountains. Mined resources yield +1 [ICON_RESEARCH]. Contains 2 art/artifact slots. Theming bonus [ICON_GREAT_WORK] is like the Museum, but only for artifacts.</Text>
		</Row>
	</Language_en_US>
</GameData>