<?xml version="1.0" encoding="utf-8"?>
<!-- Created by ModBuddy on 10/11/2017 1:31:02 AM -->
<GameData>
	<Religions>
		<Row>
			<Type>RELIGION_NW_MYSTRA</Type>
			<Description>TXT_KEY_RELIGION_NW_MYSTRA</Description>
			<Civilopedia>TXT_KEY_RELIGION_NW_MYSTRA_PEDIA</Civilopedia>
			<IconAtlas>NW_MYSTRA_ATLAS</IconAtlas>
			<PortraitIndex>0</PortraitIndex>
			<IconString>[ICON_RELIGION_NW_MYSTRA]</IconString>
		</Row>
	</Religions>
	<Language_en_US>
		<Row Tag="TXT_KEY_RELIGION_NW_MYSTRA">
			<Text>Mystra</Text>
		</Row>
		<Row Tag="TXT_KEY_RELIGION_NW_MYSTRA_PEDIA">
			<Text>Mystra (pronounced "MISS-trah"), the Mother of all Magic, was a greater deity and the second incarnation of the goddess of magic after her predecessor Mystryl sacrificed herself to protect the Weave from Karsus's Folly. Mystra was destroyed by Helm when she defied the will of Ao the overgod and attempted to leave the Prime Material Plane during the Time of Troubles. At the conclusion of the Godswar, Ao offered the position of Goddess of Magic to the wizard Midnight, who reluctantly accepted and took Mystra's name in order to smooth the transition after so much chaos.</Text>
		</Row>
	</Language_en_US>
	<IconTextureAtlases>
		<Row>
			<Atlas>NW_MYSTRA_ATLAS</Atlas>
			<IconSize>16</IconSize>
			<Filename>NW_Mystra16.dds</Filename>
			<IconsPerRow>1</IconsPerRow>
			<IconsPerColumn>1</IconsPerColumn>
		</Row>
		<Row>
			<Atlas>NW_MYSTRA_ATLAS</Atlas>
			<IconSize>24</IconSize>
			<Filename>NW_Mystra24.dds</Filename>
			<IconsPerRow>1</IconsPerRow>
			<IconsPerColumn>1</IconsPerColumn>
		</Row>
		<Row>
			<Atlas>NW_MYSTRA_ATLAS</Atlas>
			<IconSize>32</IconSize>
			<Filename>NW_Mystra32.dds</Filename>
			<IconsPerRow>1</IconsPerRow>
			<IconsPerColumn>1</IconsPerColumn>
		</Row>
		<Row>
			<Atlas>NW_MYSTRA_ATLAS</Atlas>
			<IconSize>48</IconSize>
			<Filename>NW_Mystra48.dds</Filename>
			<IconsPerRow>1</IconsPerRow>
			<IconsPerColumn>1</IconsPerColumn>
		</Row>
		<Row>
			<Atlas>NW_MYSTRA_ATLAS</Atlas>
			<IconSize>64</IconSize>
			<Filename>NW_Mystra64.dds</Filename>
			<IconsPerRow>1</IconsPerRow>
			<IconsPerColumn>1</IconsPerColumn>
		</Row>
		<Row>
			<Atlas>NW_MYSTRA_ATLAS</Atlas>
			<IconSize>80</IconSize>
			<Filename>NW_Mystra80.dds</Filename>
			<IconsPerRow>1</IconsPerRow>
			<IconsPerColumn>1</IconsPerColumn>
		</Row>
		<Row>
			<Atlas>NW_MYSTRA_ATLAS</Atlas>
			<IconSize>128</IconSize>
			<Filename>NW_Mystra128.dds</Filename>
			<IconsPerRow>1</IconsPerRow>
			<IconsPerColumn>1</IconsPerColumn>
		</Row>
		<Row>
			<Atlas>NW_MYSTRA_ATLAS</Atlas>
			<IconSize>214</IconSize>
			<Filename>NW_Mystra214.dds</Filename>
			<IconsPerRow>2</IconsPerRow>
			<IconsPerColumn>2</IconsPerColumn>
		</Row>
		<Row>
			<Atlas>NW_MYSTRA_ATLAS</Atlas>
			<IconSize>256</IconSize>
			<Filename>NW_Mystra256.dds</Filename>
			<IconsPerRow>1</IconsPerRow>
			<IconsPerColumn>1</IconsPerColumn>
		</Row>
	</IconTextureAtlases>
	<IconFontTextures>
		<Row>
			<IconFontTexture>ICON_FONT_TEXTURE_NW_MYSTRA</IconFontTexture>
			<IconFontTextureFile>NW_mystra_fonticons</IconFontTextureFile>
		</Row>
	</IconFontTextures>
	<IconFontMapping>
		<Row>
			<IconName>ICON_RELIGION_NW_MYSTRA</IconName>
			<IconFontTexture>ICON_FONT_TEXTURE_NW_MYSTRA</IconFontTexture>
			<IconMapping>1</IconMapping>
		</Row>
	</IconFontMapping>
</GameData>