<?xml version="1.0" encoding="utf-8"?>
<!-- Created by ModBuddy on 10/2/2010 8:36:54 PM -->
<GameData>
	<Leaders>
		<Row>
			<Type>LEADER_LUBU</Type>
			<Description>Xuan Wuhong</Description>
			<Civilopedia>TXT_KEY_LEADER_LUBU_PEDIA</Civilopedia>
			<CivilopediaTag>TXT_KEY_LEADER_LUBU</CivilopediaTag>
			<ArtDefineTag>Lubu_Scene.xml</ArtDefineTag>
			<VictoryCompetitiveness>9</VictoryCompetitiveness>
			<WonderCompetitiveness>4</WonderCompetitiveness>
			<MinorCivCompetitiveness>7</MinorCivCompetitiveness>
			<Boldness>10</Boldness>
			<DiploBalance>5</DiploBalance>
			<WarmongerHate>3</WarmongerHate>
			<DenounceWillingness>7</DenounceWillingness>
			<DoFWillingness>4</DoFWillingness>
			<Loyalty>3</Loyalty>
			<Neediness>3</Neediness>
			<Forgiveness>2</Forgiveness>
			<Chattiness>5</Chattiness>
			<Meanness>9</Meanness>
			<PortraitIndex>1</PortraitIndex>
			<IconAtlas>LUBU</IconAtlas>
		</Row>
	</Leaders>
	<Leader_MajorCivApproachBiases>
		<Row>
			<LeaderType>LEADER_LUBU</LeaderType>
			<MajorCivApproachType>MAJOR_CIV_APPROACH_WAR</MajorCivApproachType>
			<Bias>8</Bias>
		</Row>
		<Row>
			<LeaderType>LEADER_LUBU</LeaderType>
			<MajorCivApproachType>MAJOR_CIV_APPROACH_HOSTILE</MajorCivApproachType>
			<Bias>8</Bias>
		</Row>
		<Row>
			<LeaderType>LEADER_LUBU</LeaderType>
			<MajorCivApproachType>MAJOR_CIV_APPROACH_DECEPTIVE</MajorCivApproachType>
			<Bias>4</Bias>
		</Row>
		<Row>
			<LeaderType>LEADER_LUBU</LeaderType>
			<MajorCivApproachType>MAJOR_CIV_APPROACH_GUARDED</MajorCivApproachType>
			<Bias>3</Bias>
		</Row>
		<Row>
			<LeaderType>LEADER_LUBU</LeaderType>
			<MajorCivApproachType>MAJOR_CIV_APPROACH_AFRAID</MajorCivApproachType>
			<Bias>1</Bias>
		</Row>
		<Row>
			<LeaderType>LEADER_LUBU</LeaderType>
			<MajorCivApproachType>MAJOR_CIV_APPROACH_FRIENDLY</MajorCivApproachType>
			<Bias>3</Bias>
		</Row>
	</Leader_MajorCivApproachBiases>
	<Leader_MinorCivApproachBiases>
		<Row>
			<LeaderType>LEADER_LUBU</LeaderType>
			<MinorCivApproachType>MINOR_CIV_APPROACH_IGNORE</MinorCivApproachType>
			<Bias>3</Bias>
		</Row>
		<Row>
			<LeaderType>LEADER_LUBU</LeaderType>
			<MinorCivApproachType>MINOR_CIV_APPROACH_FRIENDLY</MinorCivApproachType>
			<Bias>3</Bias>
		</Row>
		<Row>
			<LeaderType>LEADER_LUBU</LeaderType>
			<MinorCivApproachType>MINOR_CIV_APPROACH_PROTECTIVE</MinorCivApproachType>
			<Bias>3</Bias>
		</Row>
		<Row>
			<LeaderType>LEADER_LUBU</LeaderType>
			<MinorCivApproachType>MINOR_CIV_APPROACH_CONQUEST</MinorCivApproachType>
			<Bias>8</Bias>
		</Row>
		<Row>
			<LeaderType>LEADER_LUBU</LeaderType>
			<MinorCivApproachType>MINOR_CIV_APPROACH_BULLY</MinorCivApproachType>
			<Bias>8</Bias>
		</Row>
	</Leader_MinorCivApproachBiases>
	<Leader_Flavors>
		<Row>
			<LeaderType>LEADER_LUBU</LeaderType>
			<FlavorType>FLAVOR_OFFENSE</FlavorType>
			<Flavor>10</Flavor>
		</Row>
		<Row>
			<LeaderType>LEADER_LUBU</LeaderType>
			<FlavorType>FLAVOR_DEFENSE</FlavorType>
			<Flavor>6</Flavor>
		</Row>
		<Row>
			<LeaderType>LEADER_LUBU</LeaderType>
			<FlavorType>FLAVOR_CITY_DEFENSE</FlavorType>
			<Flavor>6</Flavor>
		</Row>
		<Row>
			<LeaderType>LEADER_LUBU</LeaderType>
			<FlavorType>FLAVOR_MILITARY_TRAINING</FlavorType>
			<Flavor>10</Flavor>
		</Row>
		<Row>
			<LeaderType>LEADER_LUBU</LeaderType>
			<FlavorType>FLAVOR_RECON</FlavorType>
			<Flavor>5</Flavor>
		</Row>
		<Row>
			<LeaderType>LEADER_LUBU</LeaderType>
			<FlavorType>FLAVOR_RANGED</FlavorType>
			<Flavor>5</Flavor>
		</Row>
		<Row>
			<LeaderType>LEADER_LUBU</LeaderType>
			<FlavorType>FLAVOR_MOBILE</FlavorType>
			<Flavor>8</Flavor>
		</Row>
		<Row>
			<LeaderType>LEADER_LUBU</LeaderType>
			<FlavorType>FLAVOR_NAVAL</FlavorType>
			<Flavor>4</Flavor>
		</Row>
		<Row>
			<LeaderType>LEADER_LUBU</LeaderType>
			<FlavorType>FLAVOR_NAVAL_RECON</FlavorType>
			<Flavor>4</Flavor>
		</Row>
		<Row>
			<LeaderType>LEADER_LUBU</LeaderType>
			<FlavorType>FLAVOR_NAVAL_GROWTH</FlavorType>
			<Flavor>4</Flavor>
		</Row>
		<Row>
			<LeaderType>LEADER_LUBU</LeaderType>
			<FlavorType>FLAVOR_NAVAL_TILE_IMPROVEMENT</FlavorType>
			<Flavor>4</Flavor>
		</Row>
		<Row>
			<LeaderType>LEADER_LUBU</LeaderType>
			<FlavorType>FLAVOR_AIR</FlavorType>
			<Flavor>3</Flavor>
		</Row>
		<Row>
			<LeaderType>LEADER_LUBU</LeaderType>
			<FlavorType>FLAVOR_EXPANSION</FlavorType>
			<Flavor>6</Flavor>
		</Row>
		<Row>
			<LeaderType>LEADER_LUBU</LeaderType>
			<FlavorType>FLAVOR_GROWTH</FlavorType>
			<Flavor>5</Flavor>
		</Row>
		<Row>
			<LeaderType>LEADER_LUBU</LeaderType>
			<FlavorType>FLAVOR_TILE_IMPROVEMENT</FlavorType>
			<Flavor>6</Flavor>
		</Row>
		<Row>
			<LeaderType>LEADER_LUBU</LeaderType>
			<FlavorType>FLAVOR_INFRASTRUCTURE</FlavorType>
			<Flavor>5</Flavor>
		</Row>
		<Row>
			<LeaderType>LEADER_LUBU</LeaderType>
			<FlavorType>FLAVOR_PRODUCTION</FlavorType>
			<Flavor>7</Flavor>
		</Row>
		<Row>
			<LeaderType>LEADER_LUBU</LeaderType>
			<FlavorType>FLAVOR_GOLD</FlavorType>
			<Flavor>4</Flavor>
		</Row>
		<Row>
			<LeaderType>LEADER_LUBU</LeaderType>
			<FlavorType>FLAVOR_SCIENCE</FlavorType>
			<Flavor>4</Flavor>
		</Row>
	
		<Row>
			<LeaderType>LEADER_LUBU</LeaderType>
			<FlavorType>FLAVOR_CULTURE</FlavorType>
			<Flavor>4</Flavor>
		</Row>
	
		<Row>
			<LeaderType>LEADER_LUBU</LeaderType>
			<FlavorType>FLAVOR_HAPPINESS</FlavorType>
			<Flavor>4</Flavor>
		</Row>
	
		<Row>
			<LeaderType>LEADER_LUBU</LeaderType>
			<FlavorType>FLAVOR_GREAT_PEOPLE</FlavorType>
			<Flavor>6</Flavor>
		</Row>
	
		<Row>
			<LeaderType>LEADER_LUBU</LeaderType>
			<FlavorType>FLAVOR_WONDER</FlavorType>
			<Flavor>7</Flavor>
		</Row>
	
		<Row>
			<LeaderType>LEADER_LUBU</LeaderType>
			<FlavorType>FLAVOR_RELIGION</FlavorType>
			<Flavor>6</Flavor>
		</Row>
	
		<Row>
			<LeaderType>LEADER_LUBU</LeaderType>
			<FlavorType>FLAVOR_DIPLOMACY</FlavorType>
			<Flavor>6</Flavor>
		</Row>
	
		<Row>
			<LeaderType>LEADER_LUBU</LeaderType>
			<FlavorType>FLAVOR_SPACESHIP</FlavorType>
			<Flavor>4</Flavor>
		</Row>
	
		<Row>
			<LeaderType>LEADER_LUBU</LeaderType>
			<FlavorType>FLAVOR_WATER_CONNECTION</FlavorType>
			<Flavor>4</Flavor>
		</Row>
	
		<Row>
			<LeaderType>LEADER_LUBU</LeaderType>
			<FlavorType>FLAVOR_NUKE</FlavorType>
			<Flavor>7</Flavor>
		</Row>
		<Row>
			<LeaderType>LEADER_LUBU</LeaderType>
			<FlavorType>FLAVOR_USE_NUKE</FlavorType>
			<Flavor>7</Flavor>
		</Row>
		<Row>
			<LeaderType>LEADER_LUBU</LeaderType>
			<FlavorType>FLAVOR_ESPIONAGE</FlavorType>
			<Flavor>5</Flavor>
		</Row>
	</Leader_Flavors>
	<Leader_Traits>
		<Row>
			<LeaderType>LEADER_LUBU</LeaderType>
			<TraitType>TRAIT_LUBU</TraitType>
		</Row>
	</Leader_Traits>
	<Language_en_US>
		<Row Tag="TXT_KEY_LEADER_LUBU_FIRSTGREETING_1">
			<Text>You have been graced by the presence of the Great Sage Equal to Heaven. Kowtow to me, and perhaps I shall spare your life.</Text>
		</Row>
		<Row Tag="TXT_KEY_LEADER_LUBU_FIRSTGREETING_2">
			<Text>You have been graced by the presence of the Great Sage, Equal to Heaven. Kowtow to me, and perhaps I shall spare your life.</Text>
		</Row>
		<Row Tag="TXT_KEY_LEADER_LUBU_DEFEATED_1">
			<Text>Kill me, if you dare. If you don't... I shall return. And everything and everyone you love will die.</Text>
		</Row>
		<Row Tag="TXT_KEY_LEADER_LUBU_DEFEATED_2">
			<Text>Impossible! Me, lose?</Text>
		</Row>
	</Language_en_US>
	<Diplomacy_Responses>
		<Row LeaderType="LEADER_LUBU">
			<ResponseType>RESPONSE_FIRST_GREETING</ResponseType>
			<Response>TXT_KEY_LEADER_LUBU_FIRSTGREETING%</Response>
		</Row>
		<Row LeaderType="LEADER_LUBU">
			<ResponseType>RESPONSE_DEFEATED</ResponseType>
			<Response>TXT_KEY_LEADER_LUBU_DEFEATED%</Response>
		</Row>
	</Diplomacy_Responses>
</GameData>