<?xml version="1.0" encoding="utf-8"?>
<!-- Created by ModBuddy on 4/28/2012 2:58:16 PM -->
<GameData>
	<IconTextureAtlases>
		<Row>
			<Atlas>LUBU</Atlas>
			<IconSize>256</IconSize>
			<Filename>LUBU256.dds</Filename>
			<IconsPerRow>8</IconsPerRow>
			<IconsPerColumn>8</IconsPerColumn>
		</Row>
		<Row>
			<Atlas>LUBU</Atlas>
			<IconSize>128</IconSize>
			<Filename>LUBU128.dds</Filename>
			<IconsPerRow>8</IconsPerRow>
			<IconsPerColumn>8</IconsPerColumn>
		</Row>
		<Row>
			<Atlas>LUBU</Atlas>
			<IconSize>80</IconSize>
			<Filename>LUBU80.dds</Filename>
			<IconsPerRow>8</IconsPerRow>
			<IconsPerColumn>8</IconsPerColumn>
		</Row>
		<Row>
			<Atlas>LUBU</Atlas>
			<IconSize>64</IconSize>
			<Filename>LUBU64.dds</Filename>
			<IconsPerRow>8</IconsPerRow>
			<IconsPerColumn>8</IconsPerColumn>
		</Row>
		<Row>
			<Atlas>LUBU</Atlas>
			<IconSize>45</IconSize>
			<Filename>LUBU45.dds</Filename>
			<IconsPerRow>8</IconsPerRow>
			<IconsPerColumn>8</IconsPerColumn>
		</Row>
		<Row>
			<Atlas>LUBU</Atlas>
			<IconSize>32</IconSize>
			<Filename>LUBU32.dds</Filename>
			<IconsPerRow>8</IconsPerRow>
			<IconsPerColumn>8</IconsPerColumn>
		</Row>
		<Row>
			<Atlas>LUBUALPHA</Atlas>
			<IconSize>32</IconSize>
			<Filename>LUBUALPHA32.dds</Filename>
			<IconsPerRow>1</IconsPerRow>
			<IconsPerColumn>1</IconsPerColumn>
		</Row>
	</IconTextureAtlases>
</GameData>