<?xml version="1.0" encoding="utf-8"?>
<!-- Created by ModBuddy on 7/8/2012 8:28:22 PM -->
<GameData>
	<UnitClasses>
		<Row>
			<Type>UNITCLASS_LUBUU</Type>
			<Description>Xuan</Description>
			<DefaultUnit>UNIT_LUBUU</DefaultUnit>
		</Row>
		<Row>
			<Type>UNITCLASS_LUBUUU</Type>
			<Description>Xuan</Description>
			<DefaultUnit>UNIT_LUBUUU</DefaultUnit>
		</Row>
		<Row>
			<Type>UNITCLASS_LUBUUUU</Type>
			<Description>Xuan</Description>
			<DefaultUnit>UNIT_LUBUUUU</DefaultUnit>
		</Row>
	</UnitClasses>
	<Units>
		<Row>
			<Class>UNITCLASS_GREAT_GENERAL</Class>
			<Type>UNIT_LUBU</Type>
			<Cost>-1</Cost>
			<Moves>6</Moves>
			<Combat>20</Combat>
			<Special>SPECIALUNIT_PEOPLE</Special>
			<Domain>DOMAIN_LAND</Domain>
			<CombatClass>UNITCOMBAT_MELEE</CombatClass>
			<DefaultUnitAI>UNITAI_FAST_ATTACK</DefaultUnitAI>
			<Description>Xuan</Description>
			<Civilopedia>TXT_KEY_CIV5_GREATGENERALS_TEXT</Civilopedia>
			<Strategy>TXT_KEY_UNIT_GREAT_GENERAL_STRATEGY</Strategy>
			<Help>Xuan replacement for the Great General. +4 [ICON_MOVES] Movement. Able to participate in Combat. Upgradable after researching Rifling, Plastics and Nuclear Fusion. Cannot build Citadels.</Help>
			<Pillage>true</Pillage>
			<AdvancedStartCost>-1</AdvancedStartCost>
			<UnitArtInfo>ART_DEF_UNIT_GENERAL</UnitArtInfo>
			<IconAtlas>LUBU</IconAtlas>
			<UnitFlagIconOffset>90</UnitFlagIconOffset>
			<PortraitIndex>1</PortraitIndex>
			<MoveRate>QUADRUPED</MoveRate>
		</Row>
		<Row>
			<Class>UNITCLASS_LUBUU</Class>
			<Type>UNIT_LUBUU</Type>
			<Cost>-1</Cost>
			<Moves>6</Moves>
			<Combat>40</Combat>
			<PrereqTech>TECH_RIFLING</PrereqTech>
			<Domain>DOMAIN_LAND</Domain>
			<CombatClass>UNITCOMBAT_MELEE</CombatClass>
			<DefaultUnitAI>UNITAI_FAST_ATTACK</DefaultUnitAI>
			<Description>Xuan</Description>
			<Civilopedia>TXT_KEY_CIV5_GREATGENERALS_TEXT</Civilopedia>
			<Strategy>TXT_KEY_UNIT_GREAT_GENERAL_STRATEGY</Strategy>
			<Help>Xuan replacement for the Great General. +4 [ICON_MOVES] Movement. Able to participate in Combat. Upgradable after researching Rifling, Plastics and Nuclear Fusion. Cannot build Citadels.</Help>
			<Pillage>true</Pillage>
			<AdvancedStartCost>-1</AdvancedStartCost>
			<UnitArtInfo>ART_DEF_UNIT_GENERAL</UnitArtInfo>
			<IconAtlas>LUBU</IconAtlas>
			<UnitFlagIconOffset>90</UnitFlagIconOffset>
			<PortraitIndex>1</PortraitIndex>
			<MoveRate>QUADRUPED</MoveRate>
		</Row>
		<Row>
			<Class>UNITCLASS_LUBUUU</Class>
			<Type>UNIT_LUBUUU</Type>
			<Cost>-1</Cost>
			<Moves>6</Moves>
			<PrereqTech>TECH_PLASTIC</PrereqTech>
			<Combat>80</Combat>
			<Domain>DOMAIN_LAND</Domain>
			<CombatClass>UNITCOMBAT_MELEE</CombatClass>
			<DefaultUnitAI>UNITAI_FAST_ATTACK</DefaultUnitAI>
			<Description>Xuan</Description>
			<Civilopedia>TXT_KEY_CIV5_GREATGENERALS_TEXT</Civilopedia>
			<Strategy>TXT_KEY_UNIT_GREAT_GENERAL_STRATEGY</Strategy>
			<Help>Xuan replacement for the Great General. +4 [ICON_MOVES] Movement. Able to participate in Combat. Upgradable after researching Rifling, Plastics and Nuclear Fusion. Cannot build Citadels.</Help>
			<Pillage>true</Pillage>
			<AdvancedStartCost>-1</AdvancedStartCost>
			<UnitArtInfo>ART_DEF_UNIT_GENERAL</UnitArtInfo>
			<IconAtlas>LUBU</IconAtlas>
			<UnitFlagIconOffset>90</UnitFlagIconOffset>
			<PortraitIndex>1</PortraitIndex>
			<MoveRate>QUADRUPED</MoveRate>
		</Row>
		<Row>
			<Class>UNITCLASS_LUBUUUU</Class>
			<Type>UNIT_LUBUUUU</Type>
			<Cost>-1</Cost>
			<Moves>6</Moves>
			<PrereqTech>TECH_NUCLEAR_FUSION</PrereqTech>
			<Combat>150</Combat>
			<Domain>DOMAIN_LAND</Domain>
			<CombatClass>UNITCOMBAT_MELEE</CombatClass>
			<DefaultUnitAI>UNITAI_FAST_ATTACK</DefaultUnitAI>
			<Description>Xuan</Description>
			<Civilopedia>TXT_KEY_CIV5_GREATGENERALS_TEXT</Civilopedia>
			<Strategy>TXT_KEY_UNIT_GREAT_GENERAL_STRATEGY</Strategy>
			<Help>Xuan replacement for the Great General. +4 [ICON_MOVES] Movement. Able to participate in Combat. Upgradable after researching Rifling, Plastics and Nuclear Fusion. Cannot build Citadels.</Help>
			<Pillage>true</Pillage>
			<AdvancedStartCost>-1</AdvancedStartCost>
			<UnitArtInfo>ART_DEF_UNIT_GENERAL</UnitArtInfo>
			<IconAtlas>LUBU</IconAtlas>
			<UnitFlagIconOffset>90</UnitFlagIconOffset>
			<PortraitIndex>1</PortraitIndex>
			<MoveRate>QUADRUPED</MoveRate>
		</Row>
		<Row>
			<Class>UNITCLASS_LONGSWORDSMAN</Class>
			<Type>UNIT_DUALHALBERD</Type>
			<PrereqTech>TECH_STEEL</PrereqTech>
			<Combat>21</Combat>
			<Cost>160</Cost>
			<FaithCost>330</FaithCost>
			<RequiresFaithPurchaseEnabled>true</RequiresFaithPurchaseEnabled>
			<Moves>2</Moves>
			<CombatClass>UNITCOMBAT_MELEE</CombatClass>
			<Domain>DOMAIN_LAND</Domain>
			<DefaultUnitAI>UNITAI_ATTACK</DefaultUnitAI>
			<Description>Mark of Four Cultist</Description>
			<Civilopedia>TXT_KEY_CIVILOPEDIA_UNITS_DUALHALBERD_TEXT</Civilopedia>
			<Strategy>TXT_KEY_UNIT_DUALHALBERD_STRATEGY</Strategy>
			<Help>Xuan replacement for the Longswordsman. Can attack twice in one turn, but costs more to produce.</Help>
			<MilitarySupport>true</MilitarySupport>
			<MilitaryProduction>true</MilitaryProduction>
			<Pillage>true</Pillage>
			<ObsoleteTech>TECH_GUNPOWDER</ObsoleteTech>
			<GoodyHutUpgradeUnitClass>UNITCLASS_MUSKETMAN</GoodyHutUpgradeUnitClass>
			<AdvancedStartCost>25</AdvancedStartCost>
			<XPValueAttack>3</XPValueAttack>
			<XPValueDefense>3</XPValueDefense>
			<Conscription>3</Conscription>
			<UnitArtInfo>ART_DEF_UNIT_U_GERMAN_LANDSKNECHT</UnitArtInfo>
			<UnitFlagIconOffset>35</UnitFlagIconOffset>
			<IconAtlas>LUBU</IconAtlas>
			<PortraitIndex>2</PortraitIndex>
		</Row>
	</Units>
	<Unit_AITypes>
		<Row>
			<UnitType>UNIT_DUALHALBERD</UnitType>
			<UnitAIType>UNITAI_ATTACK</UnitAIType>
		</Row>
		<Row>
			<UnitType>UNIT_DUALHALBERD</UnitType>
			<UnitAIType>UNITAI_DEFENSE</UnitAIType>
		</Row>
		<Row>
			<UnitType>UNIT_DUALHALBERD</UnitType>
			<UnitAIType>UNITAI_EXPLORE</UnitAIType>
		</Row>
		<Row>
			<UnitType>UNIT_LUBU</UnitType>
			<UnitAIType>UNITAI_ATTACK</UnitAIType>
		</Row>
		<Row>
			<UnitType>UNIT_LUBU</UnitType>
			<UnitAIType>UNITAI_DEFENSE</UnitAIType>
		</Row>
		<Row>
			<UnitType>UNIT_LUBU</UnitType>
			<UnitAIType>UNITAI_EXPLORE</UnitAIType>
		</Row>
		<Row>
			<UnitType>UNIT_LUBUU</UnitType>
			<UnitAIType>UNITAI_ATTACK</UnitAIType>
		</Row>
		<Row>
			<UnitType>UNIT_LUBUU</UnitType>
			<UnitAIType>UNITAI_DEFENSE</UnitAIType>
		</Row>
		<Row>
			<UnitType>UNIT_LUBUU</UnitType>
			<UnitAIType>UNITAI_EXPLORE</UnitAIType>
		</Row>
		<Row>
			<UnitType>UNIT_LUBUUU</UnitType>
			<UnitAIType>UNITAI_ATTACK</UnitAIType>
		</Row>
		<Row>
			<UnitType>UNIT_LUBUUU</UnitType>
			<UnitAIType>UNITAI_DEFENSE</UnitAIType>
		</Row>
		<Row>
			<UnitType>UNIT_LUBUUU</UnitType>
			<UnitAIType>UNITAI_EXPLORE</UnitAIType>
		</Row>
		<Row>
			<UnitType>UNIT_LUBUUUU</UnitType>
			<UnitAIType>UNITAI_ATTACK</UnitAIType>
		</Row>
		<Row>
			<UnitType>UNIT_LUBUUUU</UnitType>
			<UnitAIType>UNITAI_DEFENSE</UnitAIType>
		</Row>
		<Row>
			<UnitType>UNIT_LUBUUUU</UnitType>
			<UnitAIType>UNITAI_EXPLORE</UnitAIType>
		</Row>
	</Unit_AITypes>
	<Unit_FreePromotions>
		<Row>
			<UnitType>UNIT_LUBU</UnitType>
			<PromotionType>PROMOTION_GREAT_GENERAL</PromotionType>
		</Row>
		<Row>
			<UnitType>UNIT_LUBUU</UnitType>
			<PromotionType>PROMOTION_GREAT_GENERAL</PromotionType>
		</Row>
		<Row>
			<UnitType>UNIT_LUBUUU</UnitType>
			<PromotionType>PROMOTION_GREAT_GENERAL</PromotionType>
		</Row>
		<Row>
			<UnitType>UNIT_LUBUUUU</UnitType>
			<PromotionType>PROMOTION_GREAT_GENERAL</PromotionType>
		</Row>
		<Row>
			<UnitType>UNIT_DUALHALBERD</UnitType>
			<PromotionType>PROMOTION_BLITZ</PromotionType>
		</Row>
	</Unit_FreePromotions>
	<Unit_ClassUpgrades>
		<Row>
			<UnitType>UNIT_LUBU</UnitType>
			<UnitClassType>UNITCLASS_LUBUU</UnitClassType>
		</Row>
		<Row>
			<UnitType>UNIT_LUBUU</UnitType>
			<UnitClassType>UNITCLASS_LUBUUU</UnitClassType>
		</Row>
		<Row>
			<UnitType>UNIT_LUBUUU</UnitType>
			<UnitClassType>UNITCLASS_LUBUUUU</UnitClassType>
		</Row>
		<Row>
			<UnitType>UNIT_DUALHALBERD</UnitType>
			<UnitClassType>UNITCLASS_MUSKETMAN</UnitClassType>
		</Row>
	</Unit_ClassUpgrades>
</GameData>