<?xml version="1.0" encoding="utf-8"?>
<!-- Created by ModBuddy on 4/27/2012 8:42:47 PM -->
<GameData>
		<Civilizations>
			<Row>
				<Type>CIVILIZATION_LUBU</Type>
				<Description>The Eternal Wuhong Dynasty</Description>
				<ShortDescription>Wuhong Dynasty</ShortDescription>
				<Adjective>Great Sage</Adjective>
				<Civilopedia>TXT_KEY_CIV5_LUBU_PEDIA</Civilopedia>
				<CivilopediaTag>TXT_KEY_CIV5_LUBU</CivilopediaTag>
				<DefaultPlayerColor>PLAYERCOLOR_LUBU</DefaultPlayerColor>
				<ArtDefineTag>ART_DEF_CIVILIZATION_ASIA</ArtDefineTag>
				<ArtStyleType>ARTSTYLE_ASIAN</ArtStyleType>
				<ArtStyleSuffix>_ASIA</ArtStyleSuffix>
				<ArtStylePrefix>ASIAN </ArtStylePrefix>
				<PortraitIndex>0</PortraitIndex>
				<IconAtlas>LUBU</IconAtlas>
				<AlphaIconAtlas>LUBUALPHA</AlphaIconAtlas>
				<MapImage>mapLUBU512.dds</MapImage>
				<DawnOfManQuote>TXT_KEY_CIV_LUBU_DAWN</DawnOfManQuote>
				<DawnOfManImage>DOM_LUBU.dds</DawnOfManImage>
				<SoundtrackTag>China</SoundtrackTag>
			</Row>
		</Civilizations>
		<PlayerColors>
			<Row>
				<Type>PLAYERCOLOR_LUBU</Type>
				<PrimaryColor>COLOR_PLAYER_LUBU_ICON</PrimaryColor>
				<SecondaryColor>COLOR_PLAYER_LUBU_BACKGROUND</SecondaryColor>
				<TextColor>COLOR_PLAYER_WHITE_TEXT</TextColor>
			</Row>
		</PlayerColors>
		<Colors>
			<Row>
				<Type>COLOR_PLAYER_LUBU_BACKGROUND</Type>
				<Red>0.277</Red>
				<Green>0.277</Green>
				<Blue>0.277</Blue>
				<Alpha>1</Alpha>
			</Row>
			<Row>
				<Type>COLOR_PLAYER_LUBU_ICON</Type>
				<Red>1</Red>
				<Green>0</Green>
				<Blue>0</Blue>
				<Alpha>1</Alpha>
			</Row>
		</Colors>
		<Civilization_CityNames>
			<Row>
				<CivilizationType>CIVILIZATION_LUBU</CivilizationType>
				<CityName>The Golden Palace</CityName>
			</Row>
			<Row>
				<CivilizationType>CIVILIZATION_LUBU</CivilizationType>
				<CityName>Huaguo Shan</CityName>
			</Row>
			<Row>
				<CivilizationType>CIVILIZATION_LUBU</CivilizationType>
				<CityName>Yangjin</CityName>
			</Row>
			<Row>
				<CivilizationType>CIVILIZATION_LUBU</CivilizationType>
				<CityName>Five Finger Mountain</CityName>
			</Row>
			<Row>
				<CivilizationType>CIVILIZATION_LUBU</CivilizationType>
				<CityName>Kunjin</CityName>
			</Row>
			<Row>
				<CivilizationType>CIVILIZATION_LUBU</CivilizationType>
				<CityName>Heaven's End</CityName>
			</Row>
			<Row>
				<CivilizationType>CIVILIZATION_LUBU</CivilizationType>
				<CityName>Shrine to the Great Sage</CityName>
			</Row>
			<Row>
				<CivilizationType>CIVILIZATION_LUBU</CivilizationType>
				<CityName>Changban</CityName>
			</Row>
			<Row>
				<CivilizationType>CIVILIZATION_LUBU</CivilizationType>
				<CityName>Dingjun</CityName>
			</Row>
			<Row>
				<CivilizationType>CIVILIZATION_LUBU</CivilizationType>
				<CityName>Ru Nan</CityName>
			</Row>
			<Row>
				<CivilizationType>CIVILIZATION_LUBU</CivilizationType>
				<CityName>Tong</CityName>
			</Row>
			<Row>
				<CivilizationType>CIVILIZATION_LUBU</CivilizationType>
				<CityName>Xu</CityName>
			</Row>
			<Row>
				<CivilizationType>CIVILIZATION_LUBU</CivilizationType>
				<CityName>Xiangben</CityName>
			</Row>
			<Row>
				<CivilizationType>CIVILIZATION_LUBU</CivilizationType>
				<CityName>Ditian</CityName>
			</Row>
		</Civilization_CityNames>
		<Civilization_Leaders>
			<Row>
				<CivilizationType>CIVILIZATION_LUBU</CivilizationType>
				<LeaderheadType>LEADER_LUBU</LeaderheadType>
			</Row>
		</Civilization_Leaders>
		<Civilization_FreeBuildingClasses>
			<Row>
				<CivilizationType>CIVILIZATION_LUBU</CivilizationType>
				<BuildingClassType>BUILDINGCLASS_PALACE</BuildingClassType>
			</Row>
		</Civilization_FreeBuildingClasses>
		<Civilization_FreeTechs>
			<Row>
				<CivilizationType>CIVILIZATION_LUBU</CivilizationType>
				<TechType>TECH_AGRICULTURE</TechType>
			</Row>
		</Civilization_FreeTechs>
		<Civilization_FreeUnits>
			<Row>
				<CivilizationType>CIVILIZATION_LUBU</CivilizationType>
				<UnitClassType>UNITCLASS_SETTLER</UnitClassType>
				<Count>1</Count>
				<UnitAIType>UNITAI_SETTLE</UnitAIType>
			</Row>
		</Civilization_FreeUnits>
	<Civilization_UnitClassOverrides>
		<Row>
			<CivilizationType>CIVILIZATION_LUBU</CivilizationType>
			<UnitClassType>UNITCLASS_GREAT_GENERAL</UnitClassType>
			<UnitType>UNIT_LUBU</UnitType>
		</Row>
		<Row>
			<CivilizationType>CIVILIZATION_LUBU</CivilizationType>
			<UnitClassType>UNITCLASS_LONGSWORDSMAN</UnitClassType>
			<UnitType>UNIT_DUALHALBERD</UnitType>
		</Row>
	</Civilization_UnitClassOverrides>
		<Civilization_Start_Region_Priority>
			<Row>
				<CivilizationType>CIVILIZATION_LUBU</CivilizationType>
				<RegionType>REGION_FOREST</RegionType>
			</Row>
			<Row>
				<CivilizationType>CIVILIZATION_LUBU</CivilizationType>
				<RegionType>REGION_TUNDRA</RegionType>
			</Row>
		</Civilization_Start_Region_Priority>
	<Civilization_Start_Region_Avoid>
		<Row>
			<CivilizationType>CIVILIZATION_LUBU</CivilizationType>
			<RegionType>REGION_DESERT</RegionType>
		</Row>
	</Civilization_Start_Region_Avoid>
	<Civilization_Religions>
		<Row>
			<CivilizationType>CIVILIZATION_LUBU</CivilizationType>
			<ReligionType>RELIGION_CONFUCIANISM</ReligionType>
		</Row>
	</Civilization_Religions>
	<Civilization_SpyNames>
		<Row>
			<CivilizationType>CIVILIZATION_LUBU</CivilizationType>
			<SpyName>TXT_KEY_SPY_NAME_CHINA_0</SpyName>
		</Row>
		<Row>
			<CivilizationType>CIVILIZATION_LUBU</CivilizationType>
			<SpyName>TXT_KEY_SPY_NAME_CHINA_1</SpyName>
		</Row>
		<Row>
			<CivilizationType>CIVILIZATION_LUBU</CivilizationType>
			<SpyName>TXT_KEY_SPY_NAME_CHINA_2</SpyName>
		</Row>
		<Row>
			<CivilizationType>CIVILIZATION_LUBU</CivilizationType>
			<SpyName>TXT_KEY_SPY_NAME_CHINA_3</SpyName>
		</Row>
		<Row>
			<CivilizationType>CIVILIZATION_LUBU</CivilizationType>
			<SpyName>TXT_KEY_SPY_NAME_CHINA_4</SpyName>
		</Row>
		<Row>
			<CivilizationType>CIVILIZATION_LUBU</CivilizationType>
			<SpyName>TXT_KEY_SPY_NAME_CHINA_5</SpyName>
		</Row>
		<Row>
			<CivilizationType>CIVILIZATION_LUBU</CivilizationType>
			<SpyName>TXT_KEY_SPY_NAME_CHINA_6</SpyName>
		</Row>
		<Row>
			<CivilizationType>CIVILIZATION_LUBU</CivilizationType>
			<SpyName>TXT_KEY_SPY_NAME_CHINA_7</SpyName>
		</Row>
		<Row>
			<CivilizationType>CIVILIZATION_LUBU</CivilizationType>
			<SpyName>TXT_KEY_SPY_NAME_CHINA_8</SpyName>
		</Row>
		<Row>
			<CivilizationType>CIVILIZATION_LUBU</CivilizationType>
			<SpyName>TXT_KEY_SPY_NAME_CHINA_9</SpyName>
		</Row>
	</Civilization_SpyNames>
	<Audio_Sounds>
		<Row>
			<SoundID>SND_LEADER_MUSIC_LUBU_PEACE</SoundID>
			<Filename>LUBUpeace</Filename>
			<LoadType>DynamicResident</LoadType>
		</Row>
		<Row>
			<SoundID>SND_LEADER_MUSIC_LUBU_WAR</SoundID>
			<Filename>LUBUwar</Filename>
			<LoadType>DynamicResident</LoadType>
		</Row>
	</Audio_Sounds>
	<Audio_2DSounds>
		<Row>
			<ScriptID>AS2D_LEADER_MUSIC_LUBU_PEACE</ScriptID>
			<SoundID>SND_LEADER_MUSIC_LUBU_PEACE</SoundID>
			<SoundType>GAME_MUSIC</SoundType>
			<MinVolume>30</MinVolume>
			<MaxVolume>30</MaxVolume>
			<IsMusic>true</IsMusic>
		</Row>
		<Row>
			<ScriptID>AS2D_LEADER_MUSIC_LUBU_WAR</ScriptID>
			<SoundID>SND_LEADER_MUSIC_LUBU_WAR</SoundID>
			<SoundType>GAME_MUSIC</SoundType>
			<MinVolume>30</MinVolume>
			<MaxVolume>30</MaxVolume>
			<IsMusic>true</IsMusic>
		</Row>
	</Audio_2DSounds>
</GameData>