<?xml version="1.0" encoding="utf-8"?>
<!-- Created by ModBuddy on 4/27/2012 9:54:53 PM -->
<GameData>
		<Language_en_US>
			<Row Tag="TXT_KEY_CIV_LUBU_DAWN">
				<Text> Almighty Xuan Wuhong, the Great Sage equal to heaven, you were once just a baby jing recently hatched from a stone egg in the forests of Huaguo Shan. You soon proved yourself to be far superior to your fellow monkeys, and even as a child, they crowned you as their king. They adored you, and thus you sought the adoration of the people as well. With the help of the local taoist, you quickly learned magic, and even taught yourself spells that the taoist himself did not know. And yet, the common people feared you, and that fear turned to hate. And so, you were forced to destroy them in self defense. [NEWLINE][NEWLINE] The winding roads of fate steered you down a path that would put you into direct conflict with the likes of Hou Yi, Erlang Shen, Guan Yun, and the Buddha himself. In another life, the Buddha imprisoned you, but now, you are free. Will you once again choose the path of death and destruction? Can you build a civilization that will stand the test of time? </Text>
			</Row>
			<Row Tag="TXT_KEY_CIV5_LUBU_TITLE">
				<Text>The Eternal Wuhong Dynasty</Text>
			</Row>
			<Row Tag="TXT_KEY_LEADER_LUBU">
				<Text>Xuan Wuhong</Text>
			</Row>
			<Row Tag="TXT_KEY_CULTURE_AND_GOLD_FROM_NEW_UNIT">
				<Text>+{@1_num}[ICON_CULTURE], +{@2_num} [ICON_GOLD] Gold from building a {@3_name}.</Text>
			</Row>
		</Language_en_US>
</GameData>