<?xml version="1.0" encoding="utf-8"?>
<GameData>
	<Civilizations>
		<Row>
			<Type>CIVILIZATION_KOMETRU</Type>
			<Description>TXT_KEY_CIV_KOMETRU_DESC</Description>
			<ShortDescription>TXT_KEY_CIV_KOMETRU_SHORT_DESC</ShortDescription>
			<Adjective>TXT_KEY_CIV_KOMETRU_ADJECTIVE</Adjective>
			<Civilopedia>TXT_KEY_CIV_KOMETRU_PEDIA</Civilopedia>
			<CivilopediaTag>TXT_KEY_CIV5_KOMETRU</CivilopediaTag>
			<DefaultPlayerColor>PLAYERCOLOR_KOMETRU</DefaultPlayerColor>
			<ArtDefineTag>ART_DEF_CIVILIZATION_ENGLAND</ArtDefineTag>
			<ArtStyleType>ARTSTYLE_GRECO_ROMAN</ArtStyleType>
			<ArtStyleSuffix>_MED</ArtStyleSuffix>
			<ArtStylePrefix>MEDITERRANEAN</ArtStylePrefix>
			<PortraitIndex>0</PortraitIndex>
			<IconAtlas>CIV_COLOR_ATLAS_METRUNUI</IconAtlas>
			<AlphaIconAtlas>CIV_ALPHA_ATLAS_METRUNUI</AlphaIconAtlas>
			<MapImage>MapMetruNui.dds</MapImage>
			<DawnOfManQuote>TXT_KEY_CIV5_DAWN_KOMETRU_TEXT</DawnOfManQuote>
			<DawnOfManImage>ToaNujuDOM.dds</DawnOfManImage>
			<SoundtrackTag>METRUNUI</SoundtrackTag>
		</Row>
	</Civilizations>
	<Civilization_CityNames>
		<Row>
			<CivilizationType>CIVILIZATION_KOMETRU</CivilizationType>
			<CityName>TXT_KEY_CITY_NAME_KOMETRU</CityName>
		</Row>
		<Row>
			<CivilizationType>CIVILIZATION_KOMETRU</CivilizationType>
			<CityName>TXT_KEY_CITY_NAME_QUIET_TOWERS</CityName>
		</Row>
		<Row>
			<CivilizationType>CIVILIZATION_KOMETRU</CivilizationType>
			<CityName>TXT_KEY_CITY_NAME_SCHOLAR_TOWER</CityName>
		</Row>
		<Row>
			<CivilizationType>CIVILIZATION_KOMETRU</CivilizationType>
			<CityName>TXT_KEY_CITY_NAME_IHU_TOWER</CityName>
		</Row>
		<Row>
			<CivilizationType>CIVILIZATION_KOMETRU</CivilizationType>
			<CityName>TXT_KEY_CITY_NAME_HIDEAWAY</CityName>
		</Row>
		<Row>
			<CivilizationType>CIVILIZATION_KOMETRU</CivilizationType>
			<CityName>TXT_KEY_CITY_NAME_ICE_CAVE</CityName>
		</Row>
	</Civilization_CityNames>
	<Civilization_Religions>
		<Row>
			<CivilizationType>CIVILIZATION_KOMETRU</CivilizationType>
			<ReligionType>RELIGION_GREAT_SPIRIT</ReligionType>
		</Row>
	</Civilization_Religions>
	<Civilization_SpyNames>
		<Row>
			<CivilizationType>CIVILIZATION_KOMETRU</CivilizationType>
			<SpyName>TXT_KEY_SPY_NAME_KOMETRU_0</SpyName>
		</Row>
		<Row>
			<CivilizationType>CIVILIZATION_KOMETRU</CivilizationType>
			<SpyName>TXT_KEY_SPY_NAME_KOMETRU_1</SpyName>
		</Row>
		<Row>
			<CivilizationType>CIVILIZATION_KOMETRU</CivilizationType>
			<SpyName>TXT_KEY_SPY_NAME_KOMETRU_2</SpyName>
		</Row>
		<Row>
			<CivilizationType>CIVILIZATION_KOMETRU</CivilizationType>
			<SpyName>TXT_KEY_SPY_NAME_KOMETRU_3</SpyName>
		</Row>
		<Row>
			<CivilizationType>CIVILIZATION_KOMETRU</CivilizationType>
			<SpyName>TXT_KEY_SPY_NAME_KOMETRU_4</SpyName>
		</Row>
		<Row>
			<CivilizationType>CIVILIZATION_KOMETRU</CivilizationType>
			<SpyName>TXT_KEY_SPY_NAME_KOMETRU_5</SpyName>
		</Row>
		<Row>
			<CivilizationType>CIVILIZATION_KOMETRU</CivilizationType>
			<SpyName>TXT_KEY_SPY_NAME_KOMETRU_6</SpyName>
		</Row>
		<Row>
			<CivilizationType>CIVILIZATION_KOMETRU</CivilizationType>
			<SpyName>TXT_KEY_SPY_NAME_KOMETRU_7</SpyName>
		</Row>
		<Row>
			<CivilizationType>CIVILIZATION_KOMETRU</CivilizationType>
			<SpyName>TXT_KEY_SPY_NAME_KOMETRU_8</SpyName>
		</Row>
		<Row>
			<CivilizationType>CIVILIZATION_KOMETRU</CivilizationType>
			<SpyName>TXT_KEY_SPY_NAME_KOMETRU_9</SpyName>
		</Row>
	</Civilization_SpyNames>
	<Civilization_FreeTechs>
		<Row>
			<CivilizationType>CIVILIZATION_KOMETRU</CivilizationType>
			<TechType>TECH_AGRICULTURE</TechType>
		</Row>
	</Civilization_FreeTechs>
	<Civilization_FreeUnits>
		<Row>
			<CivilizationType>CIVILIZATION_KOMETRU</CivilizationType>
			<UnitClassType>UNITCLASS_SETTLER</UnitClassType>
			<Count>1</Count>
			<UnitAIType>UNITAI_SETTLE</UnitAIType>
		</Row>
	</Civilization_FreeUnits>
	<Civilization_Leaders>
		<Row>
			<CivilizationType>CIVILIZATION_KOMETRU</CivilizationType>
			<LeaderheadType>LEADER_TOANUJU</LeaderheadType>
		</Row>
	</Civilization_Leaders>
	<Civilization_Start_Region_Priority>
		<Row>
			<CivilizationType>CIVILIZATION_KOMETRU</CivilizationType>
			<RegionType>REGION_TUNDRA</RegionType>
		</Row>
	</Civilization_Start_Region_Priority>
	<Civilization_UnitClassOverrides>
		<Row>
			<CivilizationType>CIVILIZATION_KOMETRU</CivilizationType>
			<UnitClassType>UNITCLASS_WARRIOR</UnitClassType>
			<UnitType>UNIT_YTWIGHT</UnitType>
		</Row>
	</Civilization_UnitClassOverrides>
	<Civilization_BuildingClassOverrides>
		<Row>
			<CivilizationType>CIVILIZATION_KOMETRU</CivilizationType>
			<BuildingClassType>BUILDINGCLASS_LIBRARY</BuildingClassType>
			<BuildingType>BUILDING_KNOWLEDGE_TOWER</BuildingType>
		</Row>
	</Civilization_BuildingClassOverrides>
	<Civilization_FreeBuildingClasses>
		<Row>
			<CivilizationType>CIVILIZATION_KOMETRU</CivilizationType>
			<BuildingClassType>BUILDINGCLASS_PALACE</BuildingClassType>
		</Row>
	</Civilization_FreeBuildingClasses>
</GameData>
