<?xml version="1.0" encoding="utf-8"?>
<!-- Created by ModBuddy on 3/21/2013 7:04:10 AM -->
<GameData>
	<Units>
		<Row>
			<Class>UNITCLASS_LANCER</Class>
			<Type>UNIT_CYBERMEN_SQUAD</Type>
			<PrereqTech>TECH_METALLURGY</PrereqTech>
			<Combat>34</Combat>
			<RangedCombat>25</RangedCombat>
			<Cost>200</Cost>
			<Moves>4</Moves>
			<Range>2</Range>
			<CombatClass>UNITCOMBAT_MELEE</CombatClass>
			<Domain>DOMAIN_LAND</Domain>
			<DefaultUnitAI>UNITAI_ATTACK</DefaultUnitAI>
			<Description>TXT_KEY_UNIT_CYBERMEN_SQUAD</Description>
			<Civilopedia>TXT_KEY_CIVILOPEDIA_UNITS_CYBERMEN_SQUAD</Civilopedia>
			<Strategy>TXT_KEY_UNIT_CYBERMEN_SQUAD_STRATEGY</Strategy>
			<Help>TXT_KEY_UNIT_HELP_CYBERMEN_SQUAD</Help>
			<MilitarySupport>true</MilitarySupport>
			<MilitaryProduction>true</MilitaryProduction>
			<Pillage>true</Pillage>
			<GoodyHutUpgradeUnitClass>UNITCLASS_WWI_TANK</GoodyHutUpgradeUnitClass>
			<AdvancedStartCost>45</AdvancedStartCost>
			<XPValueAttack>4</XPValueAttack>
			<XPValueDefense>2</XPValueDefense>
			<Conscription>6</Conscription>
			<!--<RemoveHeresy>999</RemoveHeresy>-->
			<UnitArtInfo>ART_DEF_UNIT_INQUISITOR</UnitArtInfo>
			<PortraitIndex>2</PortraitIndex>
			<UnitFlagIconOffset>0</UnitFlagIconOffset>
			<IconAtlas>CIV_COLOR_ATLAS_CYBER</IconAtlas>
			<UnitFlagAtlas>CIV_BLACKCLOAK_FLAG</UnitFlagAtlas>
		</Row>
	</Units>
	<Unit_AITypes>
		<Row>
			<UnitType>UNIT_CYBERMEN_SQUAD</UnitType>
			<UnitAIType>UNITAI_DEFENSE</UnitAIType>
		</Row>
		<Row>
			<UnitType>UNIT_CYBERMEN_SQUAD</UnitType>
			<UnitAIType>UNITAI_ATTACK</UnitAIType>
		</Row> 
		<Row>
			<UnitType>UNIT_CYBERMEN_SQUAD</UnitType>
			<UnitAIType>UNITAI_DEFENSE</UnitAIType>
		</Row>
		<Row>
			<UnitType>UNIT_CYBERMEN_SQUAD</UnitType>
			<UnitAIType>UNITAI_RANGED</UnitAIType>
		</Row>
	</Unit_AITypes>
	<Unit_Flavors>
		<Row>
			<UnitType>UNIT_CYBERMEN_SQUAD</UnitType>
			<FlavorType>FLAVOR_OFFENSE</FlavorType>
			<Flavor>24</Flavor>
		</Row>
		<Row>
			<UnitType>UNIT_CYBERMEN_SQUAD</UnitType>
			<FlavorType>FLAVOR_DEFENSE</FlavorType>
			<Flavor>12</Flavor>
		</Row>
		<Row>
			<UnitType>UNIT_CYBERMEN_SQUAD</UnitType>
			<FlavorType>FLAVOR_RANGED</FlavorType>
			<Flavor>12</Flavor>
		</Row>
		<Row>
			<UnitType>UNIT_CYBERMEN_SQUAD</UnitType>
			<FlavorType>FLAVOR_MOBILE</FlavorType>
			<Flavor>2</Flavor>
		</Row>
	</Unit_Flavors>
	<Unit_FreePromotions>
		<Row>
			<UnitType>UNIT_CYBERMEN_SQUAD</UnitType>
			<PromotionType>PROMOTION_REPLACECT</PromotionType>
		</Row>
		<Row>
			<UnitType>UNIT_CYBERMEN_SQUAD</UnitType>
			<PromotionType>PROMOTION_CAN_MOVE_AFTER_ATTACKING</PromotionType>
		</Row>
		<Row>
			<UnitType>UNIT_CYBERMEN_SQUAD</UnitType>
			<PromotionType>PROMOTION_MYSTIC_BLADE</PromotionType>
		</Row>
	</Unit_FreePromotions>
	<Unit_ClassUpgrades>
		<Row>
			<UnitType>UNIT_CYBERMEN_SQUAD</UnitType>
			<UnitClassType>UNITCLASS_WWI_TANK</UnitClassType>
		</Row>
	</Unit_ClassUpgrades>
	<Civilization_UnitClassOverrides>
		<Row>
			<CivilizationType>CIVILIZATION_CYBERMEN</CivilizationType>
			<UnitClassType>UNITCLASS_LANCER</UnitClassType>
			<UnitType>UNIT_CYBERMEN_SQUAD</UnitType>
		</Row>
	</Civilization_UnitClassOverrides>
</GameData>