<?xml version="1.0" encoding="utf-8"?>
<!-- Created by ModBuddy on 3/21/2013 5:15:55 AM -->
<GameData>
	<UnitPromotions>
		<Row>
			<Type>PROMOTION_REPLACECT</Type>
			<Description>TXT_KEY_PROMOTION_REPLACECT</Description>
			<Help>TXT_KEY_PROMOTION_REPLACECT_HELP</Help>
			<Sound>AS2D_IF_LEVELUP</Sound>
			<CannotBeChosen>true</CannotBeChosen>
			<AlwaysHeal>4</AlwaysHeal>
			<PortraitIndex>59</PortraitIndex>
			<IconAtlas>ABILITY_ATLAS</IconAtlas>
			<PediaType>PEDIA_ATTRIBUTES</PediaType>
			<PediaEntry>TXT_KEY_PROMOTION_REPLACECT</PediaEntry>
		</Row>
	</UnitPromotions>
	<UnitPromotions_UnitCombats>
		<Row>
			<PromotionType>PROMOTION_REPLACECT</PromotionType>
			<UnitCombatType>UNITCOMBAT_MELEE</UnitCombatType>
		</Row>
		<Row>
			<PromotionType>PROMOTION_REPLACECT</PromotionType>
			<UnitCombatType>UNITCOMBAT_ARCHER</UnitCombatType>
		</Row>
		<Row>
			<PromotionType>PROMOTION_REPLACECT</PromotionType>
			<UnitCombatType>UNITCOMBAT_RECON</UnitCombatType>
		</Row>
		<Row>
			<PromotionType>PROMOTION_REPLACECT</PromotionType>
			<UnitCombatType>UNITCOMBAT_GUN</UnitCombatType>
		</Row>
		<Row>
			<PromotionType>PROMOTION_REPLACECT</PromotionType>
			<UnitCombatType>UNITCOMBAT_SIEGE</UnitCombatType>
		</Row>
		<Row>
			<PromotionType>PROMOTION_REPLACECT</PromotionType>
			<UnitCombatType>UNITCOMBAT_ARMOR</UnitCombatType>
		</Row>
		<Row>
			<PromotionType>PROMOTION_REPLACECT</PromotionType>
			<UnitCombatType>UNITCOMBAT_MELEE</UnitCombatType>
		</Row>
	</UnitPromotions_UnitCombats>
</GameData>