<?xml version="1.0" encoding="utf-8"?>
<!-- Created by ModBuddy on 7/12/2016 8:43:55 PM -->
<GameData>
	<BuildingClasses>
		<Row>
			<Type>BUILDINGCLASS_KOMETRU_SNOW_FOOD</Type>
			<DefaultBuilding>BUILDING_KOMETRU_SNOW_FOOD</DefaultBuilding>
			<Description>TXT_KEY_BUILDING_MINT</Description>
		</Row>
		<Row>
			<Type>BUILDINGCLASS_TAMETRU_PRODUCTION_BLD</Type>
			<DefaultBuilding>BUILDING_TAMETRU_PRODUCTION_BLD</DefaultBuilding>
			<Description>TXT_KEY_BUILDING_MINT</Description>
		</Row>
		<Row>
			<Type>BUILDINGCLASS_POMETRU_ART_BLD</Type>
			<DefaultBuilding>BUILDING_POMETRU_ART_BLD</DefaultBuilding>
			<Description>TXT_KEY_BUILDING_MINT</Description>
		</Row>
		<Row>
			<Type>BUILDINGCLASS_GAMETRU_SCIENCE_BLD</Type>
			<DefaultBuilding>BUILDING_GAMETRU_SCIENCE_BLD</DefaultBuilding>
			<Description>TXT_KEY_BUILDING_MINT</Description>
		</Row>
		<Row>
			<Type>BUILDINGCLASS_FIELD_CONSTRUCTION_DUMMY</Type>
			<DefaultBuilding>BUILDING_FIELD_CONSTRUCTION_DUMMY</DefaultBuilding>
			<Description>TXT_KEY_BUILDING_MINT</Description>
			<NoLimit>true</NoLimit>
		</Row>
		<Row>
			<Type>BUILDINGCLASS_GREAT_ARCHIVES_DUMMY</Type>
			<DefaultBuilding>BUILDING_GREAT_ARCHIVES_DUMMY</DefaultBuilding>
			<Description>TXT_KEY_BUILDING_MINT</Description>
			<NoLimit>true</NoLimit>
		</Row>
		<Row>
			<Type>BUILDINGCLASS_THE_COLISEUM</Type>
			<DefaultBuilding>BUILDING_THE_COLISEUM</DefaultBuilding>
			<Description>TXT_KEY_BUILDING_THE_COLISEUM</Description>
			<MaxGlobalInstances>1</MaxGlobalInstances>
		</Row>
	</BuildingClasses>
</GameData>