<?xml version="1.0" encoding="utf-8"?>
<!-- Created by ModBuddy on 7/12/2016 8:44:35 PM -->
<GameData>
	<Buildings>
		<Row>
			<Type>BUILDING_KOMETRU_SNOW_FOOD</Type>
			<BuildingClass>BUILDINGCLASS_KOMETRU_SNOW_FOOD</BuildingClass>
			<GreatWorkCount>-1</GreatWorkCount>
			<PrereqTech>NULL</PrereqTech>
			<Cost>-1</Cost>
			<FaithCost>-1</FaithCost>
			<Description>TXT_KEY_BUILDING_MINT</Description>
			<Civilopedia>TXT_KEY_CIV5_BUILDINGS_MINT_TEXT</Civilopedia>
			<Strategy>TXT_KEY_BUILDING_MINT_STRATEGY</Strategy>
			<Help>TXT_KEY_BUILDING_MINT_HELP</Help>
			<MinAreaSize>-1</MinAreaSize>
			<IconAtlas>BUILDING_ATLAS_METRUNUI</IconAtlas>
			<PortraitIndex>14</PortraitIndex>
		</Row>
		<Row>
			<Type>BUILDING_TAMETRU_PRODUCTION_BLD</Type>
			<BuildingClass>
				BUILDINGCLASS_TAMETRU_PRODUCTION_BLD</BuildingClass>
			<GreatWorkCount>-1</GreatWorkCount>
			<PrereqTech>NULL</PrereqTech>
			<Cost>-1</Cost>
			<FaithCost>-1</FaithCost>
			<Description>TXT_KEY_BUILDING_MINT</Description>
			<Civilopedia>TXT_KEY_CIV5_BUILDINGS_MINT_TEXT</Civilopedia>
			<Strategy>TXT_KEY_BUILDING_MINT_STRATEGY</Strategy>
			<Help>TXT_KEY_BUILDING_MINT_HELP</Help>
			<MinAreaSize>-1</MinAreaSize>
			<IconAtlas>BUILDING_ATLAS_METRUNUI</IconAtlas>
			<PortraitIndex>11</PortraitIndex>
		</Row>
		<Row>
			<Type>BUILDING_POMETRU_ART_BLD</Type>
			<BuildingClass>
				BUILDINGCLASS_POMETRU_ART_BLD</BuildingClass>
			<GreatWorkCount>-1</GreatWorkCount>
			<PrereqTech>NULL</PrereqTech>
			<Cost>-1</Cost>
			<FaithCost>-1</FaithCost>
			<Description>TXT_KEY_BUILDING_MINT</Description>
			<Civilopedia>TXT_KEY_CIV5_BUILDINGS_MINT_TEXT</Civilopedia>
			<Strategy>TXT_KEY_BUILDING_MINT_STRATEGY</Strategy>
			<Help>TXT_KEY_BUILDING_MINT_HELP</Help>
			<SpecialistType>SPECIALIST_ARTIST</SpecialistType>
			<GreatPeopleRateChange>1</GreatPeopleRateChange>
			<MinAreaSize>-1</MinAreaSize>
			<IconAtlas>BUILDING_ATLAS_METRUNUI</IconAtlas>
			<PortraitIndex>34</PortraitIndex>
		</Row>
		<Row>
			<Type>BUILDING_GAMETRU_SCIENCE_BLD</Type>
			<BuildingClass>
				BUILDINGCLASS_GAMETRU_SCIENCE_BLD</BuildingClass>
			<GreatWorkCount>-1</GreatWorkCount>
			<PrereqTech>NULL</PrereqTech>
			<Cost>-1</Cost>
			<FaithCost>-1</FaithCost>
			<MutuallyExclusiveGroup>-1</MutuallyExclusiveGroup>
			<Description>TXT_KEY_BUILDING_MINT</Description>
			<Civilopedia>TXT_KEY_CIV5_BUILDINGS_MINT_TEXT</Civilopedia>
			<Strategy>TXT_KEY_BUILDING_MINT_STRATEGY</Strategy>
			<Help>TXT_KEY_BUILDING_MINT_HELP</Help>
			<MinAreaSize>-1</MinAreaSize>
			<IconAtlas>BUILDING_ATLAS_METRUNUI</IconAtlas>
			<PortraitIndex>12</PortraitIndex>
		</Row>
		<Row>
			<Type>BUILDING_FIELD_CONSTRUCTION_DUMMY</Type>
			<BuildingClass>BUILDINGCLASS_FIELD_CONSTRUCTION_DUMMY</BuildingClass>
			<Cost>-1</Cost>
			<FaithCost>0</FaithCost>
			<PrereqTech>NULL</PrereqTech>
			<GreatWorkCount>-1</GreatWorkCount>
			<ArtDefineTag>NONE</ArtDefineTag>
			<MinAreaSize>-1</MinAreaSize>
			<NeverCapture>true</NeverCapture>
			<HurryCostModifier>-1</HurryCostModifier>
			<IconAtlas>BUILDING_ATLAS_METRUNUI</IconAtlas>
			<PortraitIndex>15</PortraitIndex>
			<Description>TXT_KEY_BUILDING_ISN_FAIRGROUNDS_PLANTATION</Description>
		</Row>
		<Row>
			<Type>BUILDING_GREAT_ARCHIVES_DUMMY</Type>
			<BuildingClass>BUILDINGCLASS_GREAT_ARCHIVES_DUMMY</BuildingClass>
			<Cost>-1</Cost>
			<FaithCost>0</FaithCost>
			<PrereqTech>NULL</PrereqTech>
			<GreatWorkCount>-1</GreatWorkCount>
			<ArtDefineTag>NONE</ArtDefineTag>
			<MinAreaSize>-1</MinAreaSize>
			<NeverCapture>true</NeverCapture>
			<HurryCostModifier>-1</HurryCostModifier>
			<IconAtlas>BUILDING_ATLAS_METRUNUI</IconAtlas>
			<PortraitIndex>13</PortraitIndex>
			<Description>TXT_KEY_BUILDING_ISN_FAIRGROUNDS_PLANTATION</Description>
		</Row>
		<Row>
			<Type>BUILDING_GREAT_FURNACE</Type>
			<BuildingClass>BUILDINGCLASS_IRONWORKS</BuildingClass>
			<Cost>125</Cost>
			<PrereqTech>TECH_MACHINERY</PrereqTech>
			<Description>TXT_KEY_BUILDING_GREAT_FURNACE_DESC</Description>
			<Civilopedia>TXT_KEY_CIV5_BUILDINGS_BANK_TEXT</Civilopedia>
			<Strategy>TXT_KEY_BUILDING_IRONWORKS_STRATEGY</Strategy>
			<Help>TXT_KEY_BUILDING_GREAT_FURNACE_HELP</Help>
			<ArtDefineTag>ART_DEF_BUILDING_IRONWORKS</ArtDefineTag>
			<SpecialistType>SPECIALIST_ENGINEER</SpecialistType>
			<SpecialistCount>1</SpecialistCount>
			<MutuallyExclusiveGroup>-1</MutuallyExclusiveGroup>
			<MinAreaSize>-1</MinAreaSize>
			<NeverCapture>true</NeverCapture>
			<NukeImmune>true</NukeImmune>
			<NumCityCostMod>30</NumCityCostMod>
			<HurryCostModifier>-1</HurryCostModifier>
			<IconAtlas>BUILDING_ATLAS_METRUNUI</IconAtlas>
			<PortraitIndex>0</PortraitIndex>
		</Row>
		<Row>
			<Type>BUILDING_GREAT_TEMPLE</Type>
			<BuildingClass>BUILDINGCLASS_GRAND_TEMPLE</BuildingClass>
			<Cost>125</Cost>
			<PrereqTech>TECH_THEOLOGY</PrereqTech>
			<Description>TXT_KEY_BUILDING_GREAT_TEMPLE_DESC</Description>
			<Civilopedia>TXT_KEY_CIV5_BUILDINGS_BANK_TEXT</Civilopedia>
			<Strategy>TXT_KEY_BUILDING_GRAND_TEMPLE_STRATEGY</Strategy>
			<Help>TXT_KEY_BUILDING_GREAT_TEMPLE_HELP</Help>
			<ArtDefineTag>ART_DEF_BUILDING_GRAND_TEMPLE</ArtDefineTag>
			<MutuallyExclusiveGroup>-1</MutuallyExclusiveGroup>
			<HolyCity>false</HolyCity>
			<MinAreaSize>-1</MinAreaSize>
			<NeverCapture>true</NeverCapture>
			<NukeImmune>true</NukeImmune>
			<NumCityCostMod>30</NumCityCostMod>
			<ReligiousPressureModifier>120</ReligiousPressureModifier>
			<HurryCostModifier>-1</HurryCostModifier>
			<IconAtlas>BUILDING_ATLAS_METRUNUI</IconAtlas>
			<PortraitIndex>1</PortraitIndex>
		</Row>
		<Row>
			<Type>BUILDING_SCHOOL_GA</Type>
			<BuildingClass>BUILDINGCLASS_OXFORD_UNIVERSITY</BuildingClass>
			<Cost>125</Cost>
			<PrereqTech>TECH_EDUCATION</PrereqTech>
			<Description>TXT_KEY_BUILDING_SCHOOL_GA_DESC</Description>
			<Civilopedia>TXT_KEY_CIV5_BUILDINGS_UNIVERSITY_TEXT</Civilopedia>
			<Strategy>TXT_KEY_BUILDING_UNIVERSITY_STRATEGY</Strategy>
			<Help>TXT_KEY_BUILDING_SCHOOL_GA_HELP</Help>
			<ArtDefineTag>ART_DEF_BUILDING_UNIVERSITY</ArtDefineTag>
			<MinAreaSize>-1</MinAreaSize>
			<FreeTechs>1</FreeTechs>
			<FreePolicies>1</FreePolicies>
			<UnlockedByBelief>true</UnlockedByBelief>
			<ConquestProb>66</ConquestProb>
			<HurryCostModifier>15</HurryCostModifier>
			<IconAtlas>BUILDING_ATLAS_METRUNUI</IconAtlas>
			<PortraitIndex>2</PortraitIndex>
		</Row>
		<Row>
			<Type>BUILDING_FIELD_CONSTRUCTION</Type>
			<BuildingClass>BUILDINGCLASS_WORKSHOP</BuildingClass>
			<Cost>110</Cost>
			<PrereqTech>TECH_METAL_CASTING</PrereqTech>
			<Description>TXT_KEY_BUILDING_FIELD_CONSTRUCTION_DESC</Description>
			<Civilopedia>TXT_KEY_CIV5_BUILDINGS_WORKSHOP_TEXT</Civilopedia>
			<Strategy>TXT_KEY_BUILDING_WORKSHOP_STRATEGY</Strategy>
			<Help>TXT_KEY_BUILDING_FIELD_CONSTRUCTION_HELP</Help>
			<ArtDefineTag>ART_DEF_BUILDING_FORGE</ArtDefineTag>
			<SpecialistType>SPECIALIST_ENGINEER</SpecialistType>
			<SpecialistCount>1</SpecialistCount>
			<MinAreaSize>-1</MinAreaSize>
			<ConquestProb>66</ConquestProb>
			<GoldMaintenance>2</GoldMaintenance>
			<GreatWorkSlotType>GREAT_WORK_SLOT_MUSIC</GreatWorkSlotType>
			<GreatWorkCount>2</GreatWorkCount>
			<AllowsProductionTradeRoutes>true</AllowsProductionTradeRoutes>
			<FreeStartEra>ERA_INDUSTRIAL</FreeStartEra>
			<HurryCostModifier>25</HurryCostModifier>
			<IconAtlas>BUILDING_ATLAS_METRUNUI</IconAtlas>
			<PortraitIndex>3</PortraitIndex>
		</Row>
		<Row>
			<Type>BUILDING_SCULPTURE_FIELDS</Type>
			<BuildingClass>BUILDINGCLASS_GARDEN</BuildingClass>
			<Cost>120</Cost>
			<PrereqTech>TECH_GUILDS</PrereqTech>
			<Description>TXT_KEY_BUILDING_SCULPTURE_FIELDS_DESC</Description>
			<Civilopedia>TXT_KEY_CIV5_BUILDINGS_GARDEN_TEXT</Civilopedia>
			<Strategy>TXT_KEY_BUILDING_GARDEN_STRATEGY</Strategy>
			<Help>TXT_KEY_BUILDING_SCULPTURE_FIELDS_HELP</Help>
			<ThemingBonusHelp>TXT_KEY_SCULPTURE_FIELDS_THEMING_BONUS_HELP</ThemingBonusHelp>
			<ArtDefineTag>ART_DEF_BUILDING_GARDEN</ArtDefineTag>
			<SpecialistType>SPECIALIST_ARTIST</SpecialistType>
			<SpecialistCount>1</SpecialistCount>
			<MinAreaSize>-1</MinAreaSize>
			<FreshWater>false</FreshWater>
			<Flat>true</Flat>
			<ConquestProb>66</ConquestProb>
			<GoldMaintenance>1</GoldMaintenance>
			<GreatWorkSlotType>GREAT_WORK_SLOT_ART_ARTIFACT</GreatWorkSlotType>
			<GreatWorkCount>2</GreatWorkCount>
			<GreatPeopleRateModifier>20</GreatPeopleRateModifier>
			<HurryCostModifier>25</HurryCostModifier>
			<IconAtlas>BUILDING_ATLAS_METRUNUI</IconAtlas>
			<PortraitIndex>4</PortraitIndex>
		</Row>
		<Row>
			<Type>BUILDING_GREAT_ARCHIVES</Type>
			<BuildingClass>BUILDINGCLASS_UNIVERSITY</BuildingClass>
			<Cost>160</Cost>
			<PrereqTech>TECH_EDUCATION</PrereqTech>
			<Description>TXT_KEY_BUILDING_GREAT_ARCHIVES_DESC</Description>
			<Civilopedia>TXT_KEY_CIV5_BUILDINGS_UNIVERSITY_TEXT</Civilopedia>
			<Strategy>TXT_KEY_BUILDING_UNIVERSITY_STRATEGY</Strategy>
			<ThemingBonusHelp>TXT_KEY_GREAT_ARCHIVES_THEMING_BONUS_HELP</ThemingBonusHelp>
			<Help>TXT_KEY_BUILDING_GREAT_ARCHIVES_HELP</Help>
			<ArtDefineTag>ART_DEF_BUILDING_UNIVERSITY</ArtDefineTag>
			<MinAreaSize>-1</MinAreaSize>
			<GoldMaintenance>1</GoldMaintenance>
			<SpecialistType>SPECIALIST_SCIENTIST</SpecialistType>
			<SpecialistCount>2</SpecialistCount>
			<UnlockedByBelief>true</UnlockedByBelief>
			<FaithCost>200</FaithCost>
			<GreatWorkSlotType>GREAT_WORK_SLOT_ART_ARTIFACT</GreatWorkSlotType>
			<GreatWorkCount>2</GreatWorkCount>
			<ConquestProb>66</ConquestProb>
			<HurryCostModifier>15</HurryCostModifier>
			<IconAtlas>BUILDING_ATLAS_METRUNUI</IconAtlas>
			<PortraitIndex>5</PortraitIndex>
		</Row>
		<!--
		<Row>
			<Type>BUILDING_TOWER_THOUGHT</Type>
			<BuildingClass>BUILDINGCLASS_OBSERVATORY</BuildingClass>
			<Cost>200</Cost>
			<PrereqTech>TECH_ASTRONOMY</PrereqTech>
			<Description>TXT_KEY_BUILDING_TOWER_THOUGHT_DESC</Description>
			<Civilopedia>TXT_KEY_CIV5_BUILDINGS_OBSERVATORY_TEXT</Civilopedia>
			<Strategy>TXT_KEY_BUILDING_OBSERVATORY_STRATEGY</Strategy>
			<Help>TXT_KEY_BUILDING_TOWER_THOUGHT_HELP</Help>
			<ArtDefineTag>ART_DEF_BUILDING_OBSERVATORY</ArtDefineTag>
			<NearbyTerrainRequired>TERRAIN_SNOW</NearbyTerrainRequired>
			<MinAreaSize>-1</MinAreaSize>
			<SpecialistType>SPECIALIST_SCIENTIST</SpecialistType>
			<SpecialistCount>1</SpecialistCount>
			<ConquestProb>66</ConquestProb>
			<HurryCostModifier>15</HurryCostModifier>
			<IconAtlas>BUILDING_ATLAS_METRUNUI</IconAtlas>
			<PortraitIndex>7</PortraitIndex>
		</Row>
	-->
		<Row>
			<Type>BUILDING_KNOWLEDGE_TOWER</Type>
			<BuildingClass>BUILDINGCLASS_LIBRARY</BuildingClass>
			<Cost>85</Cost>
			<PrereqTech>TECH_WRITING</PrereqTech>
			<Description>TXT_KEY_BUILDING_KNOWLEDGE_TOWER_DESC</Description>
			<Civilopedia>TXT_KEY_CIV5_BUILDINGS_LIBRARY_TEXT</Civilopedia>
			<Strategy>TXT_KEY_BUILDING_LIBRARY_STRATEGY</Strategy>
			<Help>TXT_KEY_BUILDING_KNOWLEDGE_TOWER_HELP</Help>
			<ArtDefineTag>ART_DEF_BUILDING_LIBRARY</ArtDefineTag>
			<MinAreaSize>-1</MinAreaSize>
			<GoldMaintenance>1</GoldMaintenance>
			<SpecialistType>SPECIALIST_SCIENTIST</SpecialistType>
			<SpecialistCount>1</SpecialistCount>
			<ConquestProb>66</ConquestProb>
			<HurryCostModifier>15</HurryCostModifier>
			<IconAtlas>BUILDING_ATLAS_METRUNUI</IconAtlas>
			<PortraitIndex>6</PortraitIndex>
		</Row>
		<Row>
			<Type>BUILDING_MOTOHUB</Type>
			<BuildingClass>BUILDINGCLASS_WORKSHOP</BuildingClass>
			<Cost>110</Cost>
			<PrereqTech>TECH_METAL_CASTING</PrereqTech>
			<Description>TXT_KEY_BUILDING_MOTOHUB_DESC</Description>
			<Civilopedia>TXT_KEY_CIV5_BUILDINGS_WORKSHOP_TEXT</Civilopedia>
			<Strategy>TXT_KEY_BUILDING_WORKSHOP_STRATEGY</Strategy>
			<Help>TXT_KEY_BUILDING_MOTOHUB_HELP</Help>
			<ArtDefineTag>ART_DEF_BUILDING_FORGE</ArtDefineTag>
			<SpecialistType>SPECIALIST_ENGINEER</SpecialistType>
			<SpecialistCount>1</SpecialistCount>
			<MinAreaSize>-1</MinAreaSize>
			<ConquestProb>66</ConquestProb>
			<GoldMaintenance>2</GoldMaintenance>
			<AllowsProductionTradeRoutes>true</AllowsProductionTradeRoutes>
			<FreeStartEra>ERA_INDUSTRIAL</FreeStartEra>
			<HurryCostModifier>25</HurryCostModifier>
			<IconAtlas>BUILDING_ATLAS_METRUNUI</IconAtlas>
			<PortraitIndex>9</PortraitIndex>
		</Row>
		<Row>
			<Type>BUILDING_TEST_TRACK</Type>
			<BuildingClass>BUILDINGCLASS_MILITARY_ACADEMY</BuildingClass>
			<Cost>325</Cost>
			<PrereqTech>TECH_MILITARY_SCIENCE</PrereqTech>
			<Description>TXT_KEY_BUILDING_TEST_TRACK_DESC</Description>
			<Civilopedia>TXT_KEY_CIV5_BUILDINGS_BANK_TEXT</Civilopedia>
			<Strategy>TXT_KEY_BUILDING_MILITARY_ACADEMY_STRATEGY</Strategy>
			<Help>TXT_KEY_BUILDING_TEST_TRACK_HELP</Help>
			<ArtDefineTag>ART_DEF_BUILDING_MILITARY_ACADEMY</ArtDefineTag>
			<SpecialistType>SPECIALIST_SCIENTIST</SpecialistType>
			<SpecialistCount>1</SpecialistCount>
			<MinAreaSize>-1</MinAreaSize>
			<ConquestProb>66</ConquestProb>
			<GoldMaintenance>2</GoldMaintenance>
			<AllowsProductionTradeRoutes>true</AllowsProductionTradeRoutes>
			<FreeStartEra>ERA_INDUSTRIAL</FreeStartEra>
			<HurryCostModifier>25</HurryCostModifier>
			<IconAtlas>BUILDING_ATLAS_METRUNUI</IconAtlas>
			<PortraitIndex>8</PortraitIndex>
		</Row>
		<Row>
			<Type>BUILDING_THE_COLISEUM</Type>
			<BuildingClass>BUILDINGCLASS_THE_COLISEUM</BuildingClass>
			<Description>TXT_KEY_BUILDING_THE_COLISEUM</Description>
			<Help>TXT_KEY_WONDER_THE_COLISEUM_HELP</Help>
			<Civilopedia>TXT_KEY_WONDER_THE_COLISEUM_PEDIA</Civilopedia>
			<Quote>TXT_KEY_WONDER_THE_COLISEUM_QUOTE</Quote>
			<Cost>250</Cost>
			<PrereqTech>TECH_CONSTRUCTION</PrereqTech>
			<MaxStartEra>ERA_CLASSICAL</MaxStartEra>
			<UnmoddedHappiness>5</UnmoddedHappiness>
			<TechEnhancedTourism>4</TechEnhancedTourism>
			<FreeBuildingThisCity>BUILDINGCLASS_COLOSSEUM</FreeBuildingThisCity>
			<NukeImmune>true</NukeImmune>
			<HurryCostModifier>-1</HurryCostModifier>
			<MinAreaSize>-1</MinAreaSize>
			<ConquestProb>100</ConquestProb>
			<IconAtlas>BUILDING_ATLAS_METRUNUI</IconAtlas>
			<PortraitIndex>10</PortraitIndex>
			<WonderSplashImage>THE_COLISEUM_splash.dds</WonderSplashImage>
			<WonderSplashAnchor>L,B</WonderSplashAnchor>
		</Row>
	</Buildings>
	<Building_ClassesNeededInCity>
		<Row>
			<BuildingType>BUILDING_GREAT_ARCHIVES</BuildingType>
			<BuildingClassType>BUILDINGCLASS_LIBRARY</BuildingClassType>
		</Row>
		<Row>
			<BuildingType>BUILDING_TEST_TRACK</BuildingType>
			<BuildingClassType>BUILDINGCLASS_ARMORY</BuildingClassType>
		</Row>
		<Row>
			<BuildingType>BUILDING_GREAT_TEMPLE</BuildingType>
			<BuildingClassType>BUILDINGCLASS_TEMPLE</BuildingClassType>
		</Row>
		<Row>
			<BuildingType>BUILDING_SCHOOL_GA</BuildingType>
			<BuildingClassType>BUILDINGCLASS_UNIVERSITY</BuildingClassType>
		</Row>
		<Row>
			<BuildingType>BUILDING_GREAT_FURNACE</BuildingType>
			<BuildingClassType>BUILDINGCLASS_WORKSHOP</BuildingClassType>
		</Row>
		
	</Building_ClassesNeededInCity>
	<Building_PrereqBuildingClasses>
		<Row>
			<BuildingType>BUILDING_GREAT_TEMPLE</BuildingType>
			<BuildingClassType>BUILDINGCLASS_TEMPLE</BuildingClassType>
      		<NumBuildingNeeded>-1</NumBuildingNeeded>
    	</Row>
    	<Row>
			<BuildingType>BUILDING_SCHOOL_GA</BuildingType>
			<BuildingClassType>BUILDINGCLASS_UNIVERSITY</BuildingClassType>
      		<NumBuildingNeeded>-1</NumBuildingNeeded>
    	</Row>
    			<Row>
			<BuildingType>BUILDING_GREAT_FURNACE</BuildingType>
			<BuildingClassType>BUILDINGCLASS_WORKSHOP</BuildingClassType>
      		<NumBuildingNeeded>-1</NumBuildingNeeded>
    	</Row>
  </Building_PrereqBuildingClasses>
	<Building_Flavors>
		<Row>
			<BuildingType>BUILDING_KOMETRU_SNOW_FOOD</BuildingType>
			<FlavorType>FLAVOR_GROWTH</FlavorType>
			<Flavor>0</Flavor>
		</Row>
		<Row>
			<BuildingType>BUILDING_TAMETRU_PRODUCTION_BLD</BuildingType>
			<FlavorType>FLAVOR_PRODUCTION</FlavorType>
			<Flavor>0</Flavor>
		</Row>
		<Row>
			<BuildingType>BUILDING_POMETRU_ART_BLD</BuildingType>
			<FlavorType>FLAVOR_CULTURE</FlavorType>
			<Flavor>0</Flavor>
		</Row>
		<Row>
			<BuildingType>BUILDING_GAMETRU_SCIENCE_BLD</BuildingType>
			<FlavorType>FLAVOR_SCIENCE</FlavorType>
			<Flavor>0</Flavor>
		</Row>
		<Row>
			<BuildingType>BUILDING_GREAT_FURNACE</BuildingType>
			<FlavorType>FLAVOR_PRODUCTION</FlavorType>
			<Flavor>125</Flavor>
		</Row>
		<Row>
			<BuildingType>BUILDING_GRAND_TEMPLE</BuildingType>
			<FlavorType>FLAVOR_RELIGION</FlavorType>
			<Flavor>120</Flavor>
		</Row>
		<Row>
			<BuildingType>BUILDING_GRAND_TEMPLE</BuildingType>
			<FlavorType>FLAVOR_NAVAL_TILE_IMPROVEMENT</FlavorType>
			<Flavor>60</Flavor>
		</Row>
		<Row>
			<BuildingType>BUILDING_SCHOOL_GA</BuildingType>
			<FlavorType>FLAVOR_NAVAL_TILE_IMPROVEMENT</FlavorType>
			<Flavor>60</Flavor>
		</Row>
		<Row>
			<BuildingType>BUILDING_SCHOOL_GA</BuildingType>
			<FlavorType>FLAVOR_SCIENCE</FlavorType>
			<Flavor>75</Flavor>
		</Row>
		<Row>
			<BuildingType>BUILDING_FIELD_CONSTRUCTION</BuildingType>
			<FlavorType>FLAVOR_PRODUCTION</FlavorType>
			<Flavor>90</Flavor>
		</Row>
		<Row>
			<BuildingType>BUILDING_FIELD_CONSTRUCTION</BuildingType>
			<FlavorType>FLAVOR_RELIGION</FlavorType>
			<Flavor>60</Flavor>
		</Row>
		<Row>
			<BuildingType>BUILDING_SCULPTURE_FIELDS</BuildingType>
			<FlavorType>FLAVOR_GREAT_PEOPLE</FlavorType>
			<Flavor>75</Flavor>
		</Row>
		<Row>
			<BuildingType>BUILDING_SCULPTURE_FIELDS</BuildingType>
			<FlavorType>FLAVOR_CULTURE</FlavorType>
			<Flavor>35</Flavor>
		</Row>
		<Row>
			<BuildingType>BUILDING_GREAT_ARCHIVES</BuildingType>
			<FlavorType>FLAVOR_SCIENCE</FlavorType>
			<Flavor>30</Flavor>
		</Row>
		<Row>
			<BuildingType>BUILDING_GREAT_ARCHIVES</BuildingType>
			<FlavorType>FLAVOR_CULTURE</FlavorType>
			<Flavor>10</Flavor>
		</Row>
		<Row>
			<BuildingType>BUILDING_KNOWLEDGE_TOWER</BuildingType>
			<FlavorType>FLAVOR_SCIENCE</FlavorType>
			<Flavor>140</Flavor>
		</Row>
		<Row>
			<BuildingType>BUILDING_KNOWLEDGE_TOWER</BuildingType>
			<FlavorType>FAVOR_FAITH</FlavorType>
			<Flavor>140</Flavor>
		</Row>
		<Row>
			<BuildingType>BUILDING_KNOWLEDGE_TOWER</BuildingType>
			<FlavorType>FLAVOR_GROWTH</FlavorType>
			<Flavor>140</Flavor>
		</Row>
		<!--
		<Row>
			<BuildingType>BUILDING_TOWER_THOUGHT</BuildingType>
			<FlavorType>FLAVOR_SCIENCE</FlavorType>
			<Flavor>140</Flavor>
		</Row>
		<Row>
			<BuildingType>BUILDING_TOWER_THOUGHT</BuildingType>
			<FlavorType>FLAVOR_GROWTH</FlavorType>
			<Flavor>140</Flavor>
		</Row>
			-->
		<Row>
			<BuildingType>BUILDING_TEST_TRACK</BuildingType>
			<FlavorType>FLAVOR_SCIENCE</FlavorType>
			<Flavor>40</Flavor>
		</Row>
		<Row>
			<BuildingType>BUILDING_TEST_TRACK</BuildingType>
			<FlavorType>FLAVOR_MILITARY_TRAINING</FlavorType>
			<Flavor>10</Flavor>
		</Row>
		<Row>
			<BuildingType>BUILDING_TEST_TRACK</BuildingType>
			<FlavorType>FLAVOR_PRODUCTION</FlavorType>
			<Flavor>10</Flavor>
		</Row>
		<Row>
			<BuildingType>BUILDING_MOTOHUB</BuildingType>
			<FlavorType>FLAVOR_PRODUCTION</FlavorType>
			<Flavor>120</Flavor>
		</Row>
		<Row>
			<BuildingType>BUILDING_THE_COLISEUM</BuildingType>
			<FlavorType>FLAVOR_WONDER</FlavorType>
			<Flavor>20</Flavor>
		</Row>
		<Row>
			<BuildingType>BUILDING_THE_COLISEUM</BuildingType>
			<FlavorType>FLAVOR_CULTURE</FlavorType>
			<Flavor>10</Flavor>
		</Row>
		<Row>
			<BuildingType>BUILDING_THE_COLISEUM</BuildingType>
			<FlavorType>FLAVOR_HAPPINESS</FlavorType>
			<Flavor>40</Flavor>
		</Row>
	</Building_Flavors>
	<Building_YieldChanges>
		<Row>
			<BuildingType>BUILDING_TAMETRU_PRODUCTION_BLD</BuildingType>
			<YieldType>YIELD_PRODUCTION</YieldType>
			<Yield>1</Yield>
		</Row>
		<Row>
			<BuildingType>BUILDING_FIELD_CONSTRUCTION_DUMMY</BuildingType>
			<YieldType>YIELD_PRODUCTION</YieldType>
			<Yield>1</Yield>
		</Row>
		<Row>
			<BuildingType>BUILDING_GREAT_ARCHIVES_DUMMY</BuildingType>
			<YieldType>YIELD_SCIENCE</YieldType>
			<Yield>1</Yield>
		</Row>
		<Row>
			<BuildingType>BUILDING_GREAT_FURNACE</BuildingType>
			<YieldType>YIELD_PRODUCTION</YieldType>
			<Yield>10</Yield>
		</Row>
		<Row>
			<BuildingType>BUILDING_GREAT_TEMPLE</BuildingType>
			<YieldType>YIELD_FAITH</YieldType>
			<Yield>3</Yield>
		</Row>
		<Row>
			<BuildingType>BUILDING_FIELD_CONSTRUCTION</BuildingType>
			<YieldType>YIELD_FAITH</YieldType>
			<Yield>1</Yield>
		</Row>
		<Row>
			<BuildingType>BUILDING_FIELD_CONSTRUCTION</BuildingType>
			<YieldType>YIELD_CULTURE</YieldType>
			<Yield>1</Yield>
		</Row>
		<Row>
			<BuildingType>BUILDING_FIELD_CONSTRUCTION</BuildingType>
			<YieldType>YIELD_PRODUCTION</YieldType>
			<Yield>1</Yield>
		</Row>
		<Row>
			<BuildingType>BUILDING_MOTOHUB</BuildingType>
			<YieldType>YIELD_PRODUCTION</YieldType>
			<Yield>5</Yield>
		</Row>
	</Building_YieldChanges>
	<Building_FreeUnits>
		<Row>
			<BuildingType>BUILDING_KNOWLEDGE_TOWER</BuildingType>
			<UnitType>UNIT_YTWIGHT</UnitType>
			<NumUnits>1</NumUnits>
		</Row>
		
	</Building_FreeUnits>
	<Building_YieldModifiers>
		<Row>
			<BuildingType>BUILDING_FIELD_CONSTRUCTION</BuildingType>
			<YieldType>YIELD_PRODUCTION</YieldType>
			<Yield>10</Yield>
		</Row>
		<Row>
			<BuildingType>BUILDING_GREAT_ARCHIVES</BuildingType>
			<YieldType>YIELD_SCIENCE</YieldType>
			<Yield>33</Yield>
		</Row>
		<!--
		<Row>
			<BuildingType>BUILDING_TOWER_THOUGHT</BuildingType>
			<YieldType>YIELD_SCIENCE</YieldType>
			<Yield>50</Yield>
		</Row>
	-->
		<Row>
			<BuildingType>BUILDING_MOTOHUB</BuildingType>
			<YieldType>YIELD_PRODUCTION</YieldType>
			<Yield>1</Yield>
		</Row>
	</Building_YieldModifiers>
	<Building_TerrainYieldChanges>
		<Row>
			<BuildingType>BUILDING_KOMETRU_SNOW_FOOD</BuildingType>
			<TerrainType>TERRAIN_SNOW</TerrainType>
			<YieldType>YIELD_FOOD</YieldType>
			<Yield>1</Yield>
		</Row>
		<Row>
			<BuildingType>BUILDING_KOMETRU_SNOW_FOOD</BuildingType>
			<TerrainType>TERRAIN_SNOW</TerrainType>
			<YieldType>YIELD_PRODUCTION</YieldType>
			<Yield>1</Yield>
		</Row>
		<Row>
			<BuildingType>BUILDING_KOMETRU_SNOW_FOOD</BuildingType>
			<TerrainType>TERRAIN_SNOW</TerrainType>
			<YieldType>YIELD_FAITH</YieldType>
			<Yield>1</Yield>
		</Row>
		<Row>
			<BuildingType>BUILDING_SCHOOL_GA</BuildingType>
			<TerrainType>TERRAIN_COAST</TerrainType>
			<YieldType>YIELD_SCIENCE</YieldType>
			<Yield>2</Yield>
		</Row>
		<Row>
			<BuildingType>BUILDING_SCHOOL_GA</BuildingType>
			<TerrainType>TERRAIN_OCEAN</TerrainType>
			<YieldType>YIELD_SCIENCE</YieldType>
			<Yield>1</Yield>
		</Row>
		<Row>
			<BuildingType>BUILDING_GREAT_TEMPLE</BuildingType>
			<TerrainType>TERRAIN_COAST</TerrainType>
			<YieldType>YIELD_SCIENCE</YieldType>
			<Yield>3</Yield>
		</Row>
		<Row>
			<BuildingType>BUILDING_GREAT_TEMPLE</BuildingType>
			<TerrainType>TERRAIN_OCEAN</TerrainType>
			<YieldType>YIELD_SCIENCE</YieldType>
			<Yield>2</Yield>
		</Row>
		<Row>
			<BuildingType>BUILDING_GREAT_ARCHIVES</BuildingType>
			<TerrainType>TERRAIN_MOUNTAIN</TerrainType>
			<YieldType>YIELD_SCIENCE</YieldType>
			<Yield>3</Yield>
		</Row>
		<Row>
			<BuildingType>BUILDING_KNOWLEDGE_TOWER</BuildingType>
			<TerrainType>TERRAIN_SNOW</TerrainType>
			<YieldType>YIELD_FOOD</YieldType>
			<Yield>1</Yield>
		</Row>
		<Row>
			<BuildingType>BUILDING_KNOWLEDGE_TOWER</BuildingType>
			<TerrainType>TERRAIN_SNOW</TerrainType>
			<YieldType>YIELD_FAITH</YieldType>
			<Yield>2</Yield>
		</Row>
		<Row>
			<BuildingType>BUILDING_KNOWLEDGE_TOWER</BuildingType>
			<TerrainType>TERRAIN_SNOW</TerrainType>
			<YieldType>YIELD_PRODUCTION</YieldType>
			<Yield>1</Yield>
		</Row>
		<!--
		<Row>
			<BuildingType>BUILDING_TOWER_THOUGHT</BuildingType>
			<TerrainType>TERRAIN_SNOW</TerrainType>
			<YieldType>YIELD_SCIENCE</YieldType>
			<Yield>1</Yield>
		</Row>
		<Row>
			<BuildingType>BUILDING_TOWER_THOUGHT</BuildingType>
			<TerrainType>TERRAIN_SNOW</TerrainType>
			<YieldType>YIELD_FOOD</YieldType>
			<Yield>1</Yield>
		</Row>
		<Row>
			<BuildingType>BUILDING_TOWER_THOUGHT</BuildingType>
			<TerrainType>TERRAIN_TUNDRA</TerrainType>
			<YieldType>YIELD_SCIENCE</YieldType>
			<Yield>1</Yield>
		</Row>
					-->
	</Building_TerrainYieldChanges>
	<Building_DomainFreeExperiences>
		<Row>
			<BuildingType>BUILDING_MOTOHUB</BuildingType>
			<DomainType>DOMAIN_LAND</DomainType>
			<Experience>20</Experience>
		</Row>
		<Row>
			<BuildingType>BUILDING_MOTOHUB</BuildingType>
			<DomainType>DOMAIN_SEA</DomainType>
			<Experience>20</Experience>
		</Row>
		<Row>
			<BuildingType>BUILDING_MOTOHUB</BuildingType>
			<DomainType>DOMAIN_AIR</DomainType>
			<Experience>20</Experience>
		</Row>
	</Building_DomainFreeExperiences>
	<Building_UnitCombatProductionModifiers>
		<Row>
			<BuildingType>BUILDING_GREAT_FURNACE</BuildingType>
			<UnitCombatType>UNITCOMBAT_RECON</UnitCombatType>
			<Modifier>5</Modifier>
		</Row>
		<Row>
			<BuildingType>BUILDING_GREAT_FURNACE</BuildingType>
			<UnitCombatType>UNITCOMBAT_ARCHER</UnitCombatType>
			<Modifier>5</Modifier>
		</Row>
		<Row>
			<BuildingType>BUILDING_GREAT_FURNACE</BuildingType>
			<UnitCombatType>UNITCOMBAT_MOUNTED</UnitCombatType>
			<Modifier>5</Modifier>
		</Row>
		<Row>
			<BuildingType>BUILDING_GREAT_FURNACE</BuildingType>
			<UnitCombatType>UNITCOMBAT_MELEE</UnitCombatType>
			<Modifier>5</Modifier>
		</Row>
		<Row>
			<BuildingType>BUILDING_GREAT_FURNACE</BuildingType>
			<UnitCombatType>UNITCOMBAT_SIEGE</UnitCombatType>
			<Modifier>20</Modifier>
		</Row>
		<Row>
			<BuildingType>BUILDING_GREAT_FURNACE</BuildingType>
			<UnitCombatType>UNITCOMBAT_GUN</UnitCombatType>
			<Modifier>20</Modifier>
		</Row>
		<Row>
			<BuildingType>BUILDING_GREAT_FURNACE</BuildingType>
			<UnitCombatType>UNITCOMBAT_ARMOR</UnitCombatType>
			<Modifier>20</Modifier>
		</Row>
		<Row>
			<BuildingType>BUILDING_GREAT_FURNACE</BuildingType>
			<UnitCombatType>UNITCOMBAT_HELICOPTER</UnitCombatType>
			<Modifier>20</Modifier>
		</Row>
		<Row>
			<BuildingType>BUILDING_GREAT_FURNACE</BuildingType>
			<UnitCombatType>UNITCOMBAT_FIGHTER</UnitCombatType>
			<Modifier>20</Modifier>
		</Row>
		<Row>
			<BuildingType>BUILDING_GREAT_FURNACE</BuildingType>
			<UnitCombatType>UNITCOMBAT_BOMBER</UnitCombatType>
			<Modifier>20</Modifier>
		</Row>
		<Row>
			<BuildingType>BUILDING_TEST_TRACK</BuildingType>
			<UnitCombatType>UNITCOMBAT_ARMOR</UnitCombatType>
			<Modifier>25</Modifier>
		</Row>
		<Row>
			<BuildingType>BUILDING_TEST_TRACK</BuildingType>
			<UnitCombatType>UNITCOMBAT_HELICOPTER</UnitCombatType>
			<Modifier>25</Modifier>
		</Row>
		<Row>
			<BuildingType>BUILDING_TEST_TRACK</BuildingType>
			<UnitCombatType>UNITCOMBAT_FIGHTER</UnitCombatType>
			<Modifier>25</Modifier>
		</Row>
		<Row>
			<BuildingType>BUILDING_TEST_TRACK</BuildingType>
			<UnitCombatType>UNITCOMBAT_BOMBER</UnitCombatType>
			<Modifier>25</Modifier>
		</Row>
		<Row>
			<BuildingType>BUILDING_TEST_TRACK</BuildingType>
			<UnitCombatType>UNITCOMBAT_NAVALMELEE</UnitCombatType>
			<Modifier>25</Modifier>
		</Row>
		<Row>
			<BuildingType>BUILDING_TEST_TRACK</BuildingType>
			<UnitCombatType>UNITCOMBAT_NAVALRANGED</UnitCombatType>
			<Modifier>25</Modifier>
		</Row>
		<Row>
			<BuildingType>BUILDING_MOTOHUB</BuildingType>
			<UnitCombatType>UNITCOMBAT_RECON</UnitCombatType>
			<Modifier>20</Modifier>
		</Row>
		<Row>
			<BuildingType>BUILDING_MOTOHUB</BuildingType>
			<UnitCombatType>UNITCOMBAT_ARCHER</UnitCombatType>
			<Modifier>20</Modifier>
		</Row>
		<Row>
			<BuildingType>BUILDING_MOTOHUB</BuildingType>
			<UnitCombatType>UNITCOMBAT_MOUNTED</UnitCombatType>
			<Modifier>20</Modifier>
		</Row>
		<Row>
			<BuildingType>BUILDING_MOTOHUB</BuildingType>
			<UnitCombatType>UNITCOMBAT_MELEE</UnitCombatType>
			<Modifier>20</Modifier>
		</Row>
		<Row>
			<BuildingType>BUILDING_MOTOHUB</BuildingType>
			<UnitCombatType>UNITCOMBAT_SIEGE</UnitCombatType>
			<Modifier>20</Modifier>
		</Row>
		<Row>
			<BuildingType>BUILDING_MOTOHUB</BuildingType>
			<UnitCombatType>UNITCOMBAT_GUN</UnitCombatType>
			<Modifier>20</Modifier>
		</Row>
		<Row>
			<BuildingType>BUILDING_MOTOHUB</BuildingType>
			<UnitCombatType>UNITCOMBAT_ARMOR</UnitCombatType>
			<Modifier>20</Modifier>
		</Row>
		<Row>
			<BuildingType>BUILDING_MOTOHUB</BuildingType>
			<UnitCombatType>UNITCOMBAT_HELICOPTER</UnitCombatType>
			<Modifier>20</Modifier>
		</Row>
		<Row>
			<BuildingType>BUILDING_MOTOHUB</BuildingType>
			<UnitCombatType>UNITCOMBAT_FIGHTER</UnitCombatType>
			<Modifier>20</Modifier>
		</Row>
		<Row>
			<BuildingType>BUILDING_MOTOHUB</BuildingType>
			<UnitCombatType>UNITCOMBAT_BOMBER</UnitCombatType>
			<Modifier>20</Modifier>
		</Row>
	</Building_UnitCombatProductionModifiers>
	<Building_ThemingBonuses>
		<Row>
			<BuildingType>BUILDING_SCULPTURE_FIELDS</BuildingType>
			<Description>TXT_KEY_THEMING_BONUS_SCULPTURE_FIELDS</Description>
			<Bonus>2</Bonus>
			<SameEra>1</SameEra>
			<UniqueEras></UniqueEras>
			<MustBeArt></MustBeArt>
			<MustBeArtifact></MustBeArtifact>
			<MustBeEqualArtArtifact></MustBeEqualArtArtifact>
			<RequiresOwner>1</RequiresOwner>
			<RequiresAnyButOwner></RequiresAnyButOwner>
			<RequiresSamePlayer></RequiresSamePlayer>
			<RequiresUniquePlayers></RequiresUniquePlayers>
			<AIPriority>3</AIPriority>
		</Row>
		<Row>
			<BuildingType>BUILDING_GREAT_ARCHIVES</BuildingType>
			<Description>TXT_KEY_THEMING_BONUS_GREAT_ARCHIVES_2</Description>
			<Bonus>4</Bonus>
			<SameEra>1</SameEra>
			<UniqueEras></UniqueEras>
			<MustBeArt></MustBeArt>
			<MustBeArtifact>1</MustBeArtifact>
			<MustBeEqualArtArtifact></MustBeEqualArtArtifact>
			<RequiresOwner>1</RequiresOwner>
			<RequiresAnyButOwner></RequiresAnyButOwner>
			<RequiresSamePlayer></RequiresSamePlayer>
			<RequiresUniquePlayers></RequiresUniquePlayers>
			<AIPriority>2</AIPriority>
		</Row>
		<Row>
			<BuildingType>BUILDING_GREAT_ARCHIVES</BuildingType>
			<Description>TXT_KEY_THEMING_BONUS_GREAT_ARCHIVES_2</Description>
			<Bonus>4</Bonus>
			<SameEra>1</SameEra>
			<UniqueEras></UniqueEras>
			<MustBeArt></MustBeArt>
			<MustBeArtifact>1</MustBeArtifact>
			<MustBeEqualArtArtifact></MustBeEqualArtArtifact>
			<RequiresOwner></RequiresOwner>
			<RequiresAnyButOwner>1</RequiresAnyButOwner>
			<RequiresSamePlayer></RequiresSamePlayer>
			<RequiresUniquePlayers></RequiresUniquePlayers>
			<AIPriority>2</AIPriority>
		</Row>
		<Row>
			<BuildingType>BUILDING_GREAT_ARCHIVES</BuildingType>
			<Description>TXT_KEY_THEMING_BONUS_GREAT_ARCHIVES_4</Description>
			<Bonus>2</Bonus>
			<SameEra>1</SameEra>
			<UniqueEras></UniqueEras>
			<MustBeArt></MustBeArt>
			<MustBeArtifact>1</MustBeArtifact>
			<MustBeEqualArtArtifact></MustBeEqualArtArtifact>
			<RequiresOwner></RequiresOwner>
			<RequiresAnyButOwner></RequiresAnyButOwner>
			<RequiresSamePlayer></RequiresSamePlayer>
			<RequiresUniquePlayers></RequiresUniquePlayers>
			<AIPriority>1</AIPriority>
		</Row>
		<Row>
			<BuildingType>BUILDING_GREAT_ARCHIVES</BuildingType>
			<Description>TXT_KEY_THEMING_BONUS_GREAT_ARCHIVES_5</Description>
			<Bonus>2</Bonus>
			<SameEra>1</SameEra>
			<UniqueEras></UniqueEras>
			<MustBeArt></MustBeArt>
			<MustBeArtifact>1</MustBeArtifact>
			<MustBeEqualArtArtifact></MustBeEqualArtArtifact>
			<RequiresOwner>1</RequiresOwner>
			<RequiresAnyButOwner></RequiresAnyButOwner>
			<RequiresSamePlayer></RequiresSamePlayer>
			<RequiresUniquePlayers></RequiresUniquePlayers>
			<AIPriority>1</AIPriority>
		</Row>
		<Row>
			<BuildingType>BUILDING_GREAT_ARCHIVES</BuildingType>
			<Description>TXT_KEY_THEMING_BONUS_GREAT_ARCHIVES_6</Description>
			<Bonus>2</Bonus>
			<SameEra>1</SameEra>
			<UniqueEras></UniqueEras>
			<MustBeArt></MustBeArt>
			<MustBeArtifact>1</MustBeArtifact>
			<MustBeEqualArtArtifact></MustBeEqualArtArtifact>
			<RequiresOwner></RequiresOwner>
			<RequiresAnyButOwner>1</RequiresAnyButOwner>
			<RequiresSamePlayer></RequiresSamePlayer>
			<RequiresUniquePlayers></RequiresUniquePlayers>
			<AIPriority>1</AIPriority>
		</Row>
		<Row>
			<BuildingType>BUILDING_GREAT_ARCHIVES</BuildingType>
			<Description>TXT_KEY_THEMING_BONUS_GREAT_ARCHIVES_8</Description>
			<Bonus>2</Bonus>
			<SameEra></SameEra>
			<UniqueEras></UniqueEras>
			<MustBeArt></MustBeArt>
			<MustBeArtifact>1</MustBeArtifact>
			<MustBeEqualArtArtifact></MustBeEqualArtArtifact>
			<RequiresOwner>1</RequiresOwner>
			<RequiresAnyButOwner></RequiresAnyButOwner>
			<RequiresSamePlayer></RequiresSamePlayer>
			<RequiresUniquePlayers></RequiresUniquePlayers>
			<AIPriority>1</AIPriority>
		</Row>
		<Row>
			<BuildingType>BUILDING_GREAT_ARCHIVES</BuildingType>
			<Description>TXT_KEY_THEMING_BONUS_GREAT_ARCHIVES_8</Description>
			<Bonus>2</Bonus>
			<SameEra></SameEra>
			<UniqueEras></UniqueEras>
			<MustBeArt></MustBeArt>
			<MustBeArtifact>1</MustBeArtifact>
			<MustBeEqualArtArtifact></MustBeEqualArtArtifact>
			<RequiresOwner></RequiresOwner>
			<RequiresAnyButOwner>1</RequiresAnyButOwner>
			<RequiresSamePlayer></RequiresSamePlayer>
			<RequiresUniquePlayers></RequiresUniquePlayers>
			<AIPriority>1</AIPriority>
		</Row>
	</Building_ThemingBonuses>
	<Building_ResourceQuantity>
		<Row>
			<BuildingType>BUILDING_GREAT_FURNACE</BuildingType>
			<ResourceType>RESOURCE_IRON</ResourceType>
			<Quantity>3</Quantity>
		</Row>
	</Building_ResourceQuantity>
	<Building_YieldChangesPerPop>
		<Row>
			<BuildingType>BUILDING_GAMETRU_SCIENCE_BLD</BuildingType>
			<YieldType>YIELD_SCIENCE</YieldType>
			<Yield>33</Yield>
		</Row>
	</Building_YieldChangesPerPop>
	<Building_ResourceYieldChanges>
		<Row>
			<BuildingType>BUILDING_GREAT_ARCHIVES</BuildingType>
			<ResourceType>RESOURCE_IRON</ResourceType>
			<YieldType>YIELD_SCIENCE</YieldType>
			<Yield>1</Yield>
		</Row>
		<Row>
			<BuildingType>BUILDING_GREAT_ARCHIVES</BuildingType>
			<ResourceType>RESOURCE_COAL</ResourceType>
			<YieldType>YIELD_SCIENCE</YieldType>
			<Yield>1</Yield>
		</Row>
		<Row>
			<BuildingType>BUILDING_GREAT_ARCHIVES</BuildingType>
			<ResourceType>RESOURCE_ALUMINUM</ResourceType>
			<YieldType>YIELD_SCIENCE</YieldType>
			<Yield>1</Yield>
		</Row>
		<Row>
			<BuildingType>BUILDING_GREAT_ARCHIVES</BuildingType>
			<ResourceType>RESOURCE_URANIUM</ResourceType>
			<YieldType>YIELD_SCIENCE</YieldType>
			<Yield>1</Yield>
		</Row>
		<Row>
			<BuildingType>BUILDING_GREAT_ARCHIVES</BuildingType>
			<ResourceType>RESOURCE_GOLD</ResourceType>
			<YieldType>YIELD_SCIENCE</YieldType>
			<Yield>1</Yield>
		</Row>
		<Row>
			<BuildingType>BUILDING_GREAT_ARCHIVES</BuildingType>
			<ResourceType>RESOURCE_SILVER</ResourceType>
			<YieldType>YIELD_SCIENCE</YieldType>
			<Yield>1</Yield>
		</Row>
		<Row>
			<BuildingType>BUILDING_GREAT_ARCHIVES</BuildingType>
			<ResourceType>RESOURCE_GEMS</ResourceType>
			<YieldType>YIELD_SCIENCE</YieldType>
			<Yield>1</Yield>
		</Row>
		<Row>
			<BuildingType>BUILDING_GREAT_ARCHIVES</BuildingType>
			<ResourceType>RESOURCE_COPPER</ResourceType>
			<YieldType>YIELD_SCIENCE</YieldType>
			<Yield>1</Yield>
		</Row>
	</Building_ResourceYieldChanges>

</GameData>