<?xml version="1.0" encoding="utf-8"?>
<!-- Created by ModBuddy on 8/11/2016 3:30:21 PM -->
<GameData>
	<Colors>
		<Row>
			<Type>COLOR_PLAYER_GAMETRU_BACKGROUND</Type>
			<Red>0.74</Red>
			<Green>0.86</Green>
			<Blue>0.83</Blue>
			<Alpha>1</Alpha>
		</Row>
		<Row>
			<Type>COLOR_PLAYER_GAMETRU_ICON</Type>
			<Red>0.13</Red>
			<Green>0.37</Green>
			<Blue>0.36</Blue>
			<Alpha>1</Alpha>
		</Row>
		<Row>
			<Type>COLOR_PLAYER_KOMETRU_BACKGROUND</Type>
			<Red>0.653</Red>
			<Green>0.653</Green>
			<Blue>0.653</Blue>
			<Alpha>1</Alpha>
		</Row>
		<Row>
			<Type>COLOR_PLAYER_KOMETRU_ICON</Type>
			<Red>.329</Red>
			<Green>.776</Green>
			<Blue>.969</Blue>
			<Alpha>1</Alpha>
		</Row>
		<Row>
			<Type>COLOR_PLAYER_ONUMETRU_BACKGROUND</Type>
			<Red>0.29</Red>
			<Green>0.29</Green>
			<Blue>0.29</Blue>
			<Alpha>1</Alpha>
		</Row>
		<Row>
			<Type>COLOR_PLAYER_ONUMETRU_ICON</Type>
			<Red>0</Red>
			<Green>0.38</Green>
			<Blue>0.18</Blue>
			<Alpha>1</Alpha>
		</Row>
		<Row>
			<Type>COLOR_PLAYER_TAMETRU_BACKGROUND</Type>
			<Red>.34</Red>
			<Green>.34</Green>
			<Blue>.34</Blue>
			<Alpha>1</Alpha>
		</Row>
		<Row>
			<Type>COLOR_PLAYER_TAMETRU_ICON</Type>
			<Red>.85</Red>
			<Green>.14</Green>
			<Blue>.14</Blue>
			<Alpha>1</Alpha>
		</Row>
		<Row>
			<Type>COLOR_PLAYER_POMETRU_BACKGROUND</Type>
			<Red>0.921</Red>
			<Green>0.678</Green>
			<Blue>0.254</Blue>
			<Alpha>1</Alpha>
		</Row>
		<Row>
			<Type>COLOR_PLAYER_POMETRU_ICON</Type>
			<Red>0.937</Red>
			<Green>0.505</Green>
			<Blue>.937</Blue>
			<Alpha>1</Alpha>
		</Row>
		<Row>
			<Type>COLOR_PLAYER_LEMETRU_BACKGROUND</Type>
			<Red>0.80</Red>
			<Green>0.96</Green>
			<Blue>0.80</Blue>
			<Alpha>1</Alpha>
		</Row>
		<Row>
			<Type>COLOR_PLAYER_LEMETRU_ICON</Type>
			<Red>0</Red>
			<Green>0.38</Green>
			<Blue>0.18</Blue>
			<Alpha>1</Alpha>
		</Row>
	</Colors>
</GameData>