<?xml version="1.0" encoding="utf-8"?>
<!-- Created by ModBuddy on 6/11/2015 2:39:27 PM -->
<GameData>
	<PlayerColors>
		<Row>
			<Type>PLAYERCOLOR_GAMETRU</Type>
			<PrimaryColor>COLOR_PLAYER_GAMETRU_ICON</PrimaryColor>
			<SecondaryColor>COLOR_PLAYER_GAMETRU_BACKGROUND</SecondaryColor>
			<TextColor>COLOR_PLAYER_WHITE_TEXT</TextColor>
		</Row>
		<Row>
			<Type>PLAYERCOLOR_KOMETRU</Type>
			<PrimaryColor>COLOR_PLAYER_KOMETRU_ICON</PrimaryColor>
			<SecondaryColor>COLOR_PLAYER_KOMETRU_BACKGROUND</SecondaryColor>
			<TextColor>COLOR_PLAYER_WHITE_TEXT</TextColor>
		</Row>
		<Row>
			<Type>PLAYERCOLOR_ONUMETRU</Type>
			<PrimaryColor>COLOR_PLAYER_ONUMETRU_ICON</PrimaryColor>
			<SecondaryColor>COLOR_PLAYER_ONUMETRU_BACKGROUND</SecondaryColor>
			<TextColor>COLOR_PLAYER_WHITE_TEXT</TextColor>
		</Row>
		<Row>
			<Type>PLAYERCOLOR_TAMETRU</Type>
			<PrimaryColor>COLOR_PLAYER_TAMETRU_ICON</PrimaryColor>
			<SecondaryColor>COLOR_PLAYER_TAMETRU_BACKGROUND</SecondaryColor>
			<TextColor>COLOR_PLAYER_WHITE_TEXT</TextColor>
		</Row>
		<Row>
			<Type>PLAYERCOLOR_POMETRU</Type>
			<PrimaryColor>COLOR_PLAYER_POMETRU_ICON</PrimaryColor>
			<SecondaryColor>COLOR_PLAYER_POMETRU_BACKGROUND</SecondaryColor>
			<TextColor>COLOR_PLAYER_WHITE_TEXT</TextColor>
		</Row>
		<Row>
			<Type>PLAYERCOLOR_LEMETRU</Type>
			<PrimaryColor>COLOR_PLAYER_LEMETRU_ICON</PrimaryColor>
			<SecondaryColor>COLOR_PLAYER_LEMETRU_BACKGROUND</SecondaryColor>
			<TextColor>COLOR_PLAYER_WHITE_TEXT</TextColor>
		</Row>
	</PlayerColors>
</GameData>