<?xml version="1.0" encoding="utf-8"?>
<!-- Created by ModBuddy on 7/14/2016 9:28:05 PM -->
<GameData>
	<UnitPromotions>
		<Row>
			<Type>PROMOTION_COMMAND</Type>
			<Description>TXT_KEY_PROMOTION_COMMAND</Description>
			<Help>TXT_KEY_PROMOTION_COMMAND_HELP</Help>
			<Sound>AS2D_IF_LEVELUP</Sound>
			<CannotBeChosen>true</CannotBeChosen>
			<CaptureDefeatedEnemy>true</CaptureDefeatedEnemy>
			<PortraitIndex>6</PortraitIndex>
			<IconAtlas>KRIS_SWORDSMAN_PROMOTION_ATLAS</IconAtlas>
			<PediaType>PEDIA_ATTRIBUTE</PediaType>
			<PediaEntry>TXT_KEY_PROMOTION_COMMAND</PediaEntry>
		</Row>
		<Row>
			<Type>PROMOTION_BLOOD</Type>
			<Description>Blood Sacrifice</Description>
			<Help>Each kill grants golden age points.</Help>
			<Sound>AS2D_IF_LEVELUP</Sound>
			<CannotBeChosen>true</CannotBeChosen>
			<GoldenAgeValueFromKills>110</GoldenAgeValueFromKills>
			<PortraitIndex>6</PortraitIndex>
			<IconAtlas>KRIS_SWORDSMAN_PROMOTION_ATLAS</IconAtlas>
			<PediaType>PEDIA_ATTRIBUTE</PediaType>
			<PediaEntry>Each kill grants golden age points.</PediaEntry>
		</Row>
		<Row>
			<Type>PROMOTION_FRIGHTEN</Type>
			<Description>Frightful Presence</Description>
			<Help>Adjacent enemies suffer a -10% combat debuff.</Help>
			<Sound>AS2D_IF_LEVELUP</Sound>
			<CannotBeChosen>true</CannotBeChosen>
			<NearbyEnemyCombatMod>-10</NearbyEnemyCombatMod>
			<NearbyEnemyCombatRange>1</NearbyEnemyCombatRange>
			<PortraitIndex>4</PortraitIndex>
			<IconAtlas>KRIS_SWORDSMAN_PROMOTION_ATLAS</IconAtlas>
			<PediaType>PEDIA_ATTRIBUTES</PediaType>
			<PediaEntry>Adjacent enemies suffer a -10% combat debuff.</PediaEntry>
		</Row>
		<Row>
			<Type>PROMOTION_ELIXIR_IMMORTAL</Type>
			<Description>Elixir of Immortality</Description>
			<Help>All healing is doubled.</Help>
			<EnemyHealChange>0</EnemyHealChange>
			<NeutralHealChange>10</NeutralHealChange>
			<FriendlyHealChange>20</FriendlyHealChange>
			<SameTileHealChange>0</SameTileHealChange>
			<AdjacentTileHealChange>0</AdjacentTileHealChange>
			<Sound>AS2D_IF_LEVELUP</Sound>
			<CannotBeChosen>true</CannotBeChosen>
			<PortraitIndex>3</PortraitIndex>
			<IconAtlas>KRIS_SWORDSMAN_PROMOTION_ATLAS</IconAtlas>
			<PediaType>PEDIA_ATTRIBUTES</PediaType>
			<PediaEntry>All healing is doubled.</PediaEntry>
		</Row>
		<Row>
			<Type>PROMOTION_FRIENDSHIP</Type>
			<Description>Friendship Bracelet</Description>
			<Help>+10% Combat bonus when friendly unit is adjacent. +5% Defense.</Help>
			<AdjacentMod>10</AdjacentMod>
			<DefenseMod>5</DefenseMod>
			<Sound>AS2D_IF_LEVELUP</Sound>
			<CannotBeChosen>true</CannotBeChosen>
			<PortraitIndex>2</PortraitIndex>
			<IconAtlas>KRIS_SWORDSMAN_PROMOTION_ATLAS</IconAtlas>
			<PediaType>PEDIA_ATTRIBUTES</PediaType>
			<PediaEntry>All healing is doubled.</PediaEntry>
		</Row>
	</UnitPromotions>
	<UnitPromotions_Domains>
		<Row>
			<PromotionType>PROMOTION_ELIXIR_IMMORTAL</PromotionType>
			<DomainType>DOMAIN_LAND</DomainType>
			<PediaType>PEDIA_ATTRIBUTES</PediaType>
		</Row>
	</UnitPromotions_Domains>
	<UnitPromotions_UnitCombats>
		<Row>
			<PromotionType>PROMOTION_ELIXIR_IMMORTAL</PromotionType>
			<UnitCombatType>UNITCOMBAT_RECON</UnitCombatType>
			<PediaType>PEDIA_ATTRIBUTES</PediaType>
		</Row>
		<Row>
			<PromotionType>PROMOTION_ELIXIR_IMMORTAL</PromotionType>
			<UnitCombatType>UNITCOMBAT_ARCHER</UnitCombatType>
			<PediaType>PEDIA_ATTRIBUTES</PediaType>
		</Row>
		<Row>
			<PromotionType>PROMOTION_ELIXIR_IMMORTAL</PromotionType>
			<UnitCombatType>UNITCOMBAT_MOUNTED</UnitCombatType>
			<PediaType>PEDIA_ATTRIBUTES</PediaType>
		</Row>
		<Row>
			<PromotionType>PROMOTION_ELIXIR_IMMORTAL</PromotionType>
			<UnitCombatType>UNITCOMBAT_MELEE</UnitCombatType>
			<PediaType>PEDIA_ATTRIBUTES</PediaType>
		</Row>
		<Row>
			<PromotionType>PROMOTION_ELIXIR_IMMORTAL</PromotionType>
			<UnitCombatType>UNITCOMBAT_SIEGE</UnitCombatType>
			<PediaType>PEDIA_ATTRIBUTES</PediaType>
		</Row>
		<Row>
			<PromotionType>PROMOTION_ELIXIR_IMMORTAL</PromotionType>
			<UnitCombatType>UNITCOMBAT_GUN</UnitCombatType>
			<PediaType>PEDIA_ATTRIBUTES</PediaType>
		</Row>
		<Row>
			<PromotionType>PROMOTION_ELIXIR_IMMORTAL</PromotionType>
			<UnitCombatType>UNITCOMBAT_ARMOR</UnitCombatType>
			<PediaType>PEDIA_ATTRIBUTES</PediaType>
		</Row>
		<Row>
			<PromotionType>PROMOTION_FRIENDSHIP</PromotionType>
			<UnitCombatType>UNITCOMBAT_RECON</UnitCombatType>
			<PediaType>PEDIA_ATTRIBUTES</PediaType>
		</Row>
		<Row>
			<PromotionType>PROMOTION_FRIENDSHIP</PromotionType>
			<UnitCombatType>UNITCOMBAT_ARCHER</UnitCombatType>
			<PediaType>PEDIA_ATTRIBUTES</PediaType>
		</Row>
		<Row>
			<PromotionType>PROMOTION_FRIENDSHIP</PromotionType>
			<UnitCombatType>UNITCOMBAT_MOUNTED</UnitCombatType>
			<PediaType>PEDIA_ATTRIBUTES</PediaType>
		</Row>
		<Row>
			<PromotionType>PROMOTION_FRIENDSHIP</PromotionType>
			<UnitCombatType>UNITCOMBAT_MELEE</UnitCombatType>
			<PediaType>PEDIA_ATTRIBUTES</PediaType>
		</Row>
		<Row>
			<PromotionType>PROMOTION_FRIENDSHIP</PromotionType>
			<UnitCombatType>UNITCOMBAT_SIEGE</UnitCombatType>
			<PediaType>PEDIA_ATTRIBUTES</PediaType>
		</Row>
		<Row>
			<PromotionType>PROMOTION_FRIENDSHIP</PromotionType>
			<UnitCombatType>UNITCOMBAT_GUN</UnitCombatType>
			<PediaType>PEDIA_ATTRIBUTES</PediaType>
		</Row>
		<Row>
			<PromotionType>PROMOTION_FRIENDSHIP</PromotionType>
			<UnitCombatType>UNITCOMBAT_ARMOR</UnitCombatType>
			<PediaType>PEDIA_ATTRIBUTES</PediaType>
		</Row>
	</UnitPromotions_UnitCombats>
</GameData>