<?xml version="1.0" encoding="utf-8"?>
<GameData>
	<!--
	<UnitClasses>
		<Row>
			<Type>UNITCLASS_VALRUM</Type>
			<Description>TXT_KEY_UNIT_VALRUM</Description>
			<DefaultUnit>UNIT_VALRUM</DefaultUnit>
		</Row>
	</UnitClasses>-->
	<Units>
		<Row>
			<Class>UNITCLASS_CAVALRY</Class>
			<Type>UNIT_NUURAKH</Type>
			<PrereqTech>TECH_MILITARY_SCIENCE</PrereqTech>
			<Combat>35</Combat>
			<Cost>250</Cost>
			<FaithCost>450</FaithCost>
			<RequiresFaithPurchaseEnabled>true</RequiresFaithPurchaseEnabled>
			<Moves>4</Moves>
			<CombatClass>UNITCOMBAT_MOUNTED</CombatClass>
			<Domain>DOMAIN_LAND</Domain>
			<DefaultUnitAI>UNITAI_FAST_ATTACK</DefaultUnitAI>
			<Description>TXT_KEY_UNIT_NUURAKH</Description>
			<Civilopedia>TXT_KEY_CIVILOPEDIA_UNITS_RENAISSANCE_CAVALRY_TEXT</Civilopedia>
			<Strategy>TXT_KEY_UNIT_CAVALRY_STRATEGY</Strategy>
			<Help>TXT_KEY_UNIT_HELP_NUURAKH</Help>
			<MilitarySupport>true</MilitarySupport>
			<MilitaryProduction>true</MilitaryProduction>
			<Pillage>true</Pillage>
			<ObsoleteTech>TECH_ROCKETRY</ObsoleteTech>
			<IgnoreBuildingDefense>true</IgnoreBuildingDefense>
			<GoodyHutUpgradeUnitClass>UNITCLASS_WWI_TANK</GoodyHutUpgradeUnitClass>
			<AdvancedStartCost>30</AdvancedStartCost>
			<XPValueAttack>3</XPValueAttack>
			<XPValueDefense>3</XPValueDefense>
			<UnitArtInfo>ART_DEF_UNIT_NUURAKH</UnitArtInfo>
			<UnitFlagIconOffset>1</UnitFlagIconOffset>
			<IconAtlas>UNIT_ATLAS_METRUNUI</IconAtlas>
			<UnitFlagAtlas>UNIT_FLAG_ATLAS_METRUNUI</UnitFlagAtlas>
			<PortraitIndex>1</PortraitIndex>
			<MoveRate>QUADRUPED</MoveRate>
		</Row>
		<Row>
			<Class>UNITCLASS_WARRIOR</Class>
			<Type>UNIT_YTWIGHT</Type>
			<PrereqTech>TECH_AGRICULTURE</PrereqTech>
			<Combat>10</Combat>
			<Cost>45</Cost>
			<FaithCost>100</FaithCost>
			<RequiresFaithPurchaseEnabled>true</RequiresFaithPurchaseEnabled>
			<Moves>2</Moves>
			<CombatClass>UNITCOMBAT_MELEE</CombatClass>
			<Domain>DOMAIN_LAND</Domain>
			<DefaultUnitAI>UNITAI_FAST_ATTACK</DefaultUnitAI>
			<Description>TXT_KEY_UNIT_YTWIGHT</Description>
			<Civilopedia>TXT_KEY_CIVILOPEDIA_UNITS_RENAISSANCE_CAVALRY_TEXT</Civilopedia>
			<Strategy>TXT_KEY_UNIT_CAVALRY_STRATEGY</Strategy>
			<Help>TXT_KEY_UNIT_HELP_YTWIGHT</Help>
			<MilitarySupport>true</MilitarySupport>
			<MilitaryProduction>true</MilitaryProduction>
			<Pillage>true</Pillage>
			<ObsoleteTech>TECH_IRON_WORKING</ObsoleteTech>
			<IgnoreBuildingDefense>true</IgnoreBuildingDefense>
			<GoodyHutUpgradeUnitClass>UNITCLASS_SWORDSMAN</GoodyHutUpgradeUnitClass>
			<AdvancedStartCost>30</AdvancedStartCost>
			<XPValueAttack>4</XPValueAttack>
			<XPValueDefense>4</XPValueDefense>
			<UnitArtInfo>ART_DEF_UNIT_JAGUAR</UnitArtInfo>
			<UnitFlagIconOffset>2</UnitFlagIconOffset>
			<IconAtlas>UNIT_ATLAS_METRUNUI</IconAtlas>
			<UnitFlagAtlas>UNIT_FLAG_ATLAS_METRUNUI</UnitFlagAtlas>
			<PortraitIndex>2</PortraitIndex>
			<MoveRate>BIPED</MoveRate>
		</Row>
		<Row>
			<Class>UNITCLASS_KNIGHT</Class>
			<Type>UNIT_ARCHIVIST</Type>
			<Description>TXT_KEY_UNIT_ARCHIVIST</Description>
			<Civilopedia>TXT_KEY_CIV5_ARCHAEOLOGIST_TEXT</Civilopedia>
			<Strategy>TXT_KEY_UNIT_ARCHAEOLOGIST_STRATEGY</Strategy>
			<Help>TXT_KEY_UNIT_HELP_ARCHIVIST</Help>
			<Combat>18</Combat>
			<RangedCombat>12</RangedCombat>
			<Cost>125</Cost>
			<FaithCost>240</FaithCost>
			<RequiresFaithPurchaseEnabled>true</RequiresFaithPurchaseEnabled>
			<Moves>2</Moves>
			<Range>1</Range>
			<BaseSightRange>2</BaseSightRange>
			<CombatClass>UNITCOMBAT_RECON</CombatClass>
			<Domain>DOMAIN_LAND</Domain>
			<DefaultUnitAI>UNITAI_FAST_ATTACK</DefaultUnitAI>
			<PrereqTech>TECH_CHIVALRY</PrereqTech>>
			<MilitarySupport>true</MilitarySupport>
			<MilitaryProduction>true</MilitaryProduction>	
			<Pillage>true</Pillage>
			<ObsoleteTech>TECH_MILITARY_SCIENCE</ObsoleteTech>
			<GoodyHutUpgradeUnitClass>UNITCLASS_CAVALRY</GoodyHutUpgradeUnitClass>
			<AdvancedStartCost>25</AdvancedStartCost>
			<XPValueAttack>3</XPValueAttack>
			<XPValueDefense>3</XPValueDefense>
			<Conscription>3</Conscription>
			<UnitArtInfo>ART_DEF_UNIT_U_JAPANESE_SAMURAI</UnitArtInfo>
			<MoveRate>BIPED</MoveRate>
			<UnitFlagIconOffset>0</UnitFlagIconOffset>
			<PortraitIndex>0</PortraitIndex>
			<IconAtlas>UNIT_ATLAS_METRUNUI</IconAtlas>
			<UnitFlagAtlas>UNIT_FLAG_ATLAS_METRUNUI</UnitFlagAtlas>
		</Row>
		<!--
		<Row>
			<Class>UNITCLASS_VALRUM</Class>
			<Type>UNIT_VALRUM</Type>
			<PrereqTech/>
			<Cost>-1</Cost>
			<Moves>2</Moves>
			<Capture>UNITCLASS_WORKER</Capture>
			<CivilianAttackPriority>CIVILIAN_ATTACK_PRIORITY_LOW</CivilianAttackPriority>
			<Domain>DOMAIN_LAND</Domain>
			<DefaultUnitAI>UNITAI_WORKER</DefaultUnitAI>
			<Description>TXT_KEY_UNIT_VALRUM</Description>
			<Civilopedia>TXT_KEY_CIV5_VALRUM_TEXT</Civilopedia>
			<Strategy>TXT_KEY_UNIT_VALRUM_STRATEGY</Strategy>
			<Help>TXT_KEY_UNIT_HELP_VALRUM</Help>
			<WorkRate>100</WorkRate>
			<CombatLimit>0</CombatLimit>
			<UnitArtInfo>ART_DEF_UNIT__WORKER</UnitArtInfo>
			<UnitArtInfoEraVariation>true</UnitArtInfoEraVariation>
			<UnitFlagIconOffset>1</UnitFlagIconOffset>
			<PortraitIndex>1</PortraitIndex>
			<IconAtlas>UNIT_ATLAS_1</IconAtlas>
		</Row>
	-->
	</Units>
	<Unit_AITypes>
		<!--
		<Row>
			<UnitType>UNIT_VALRUM</UnitType>
			<UnitAIType>UNITAI_WORKER</UnitAIType>
		</Row>
	-->
		<Row>
			<UnitType>UNIT_NUURAKH</UnitType>
			<UnitAIType>UNITAI_DEFENSE</UnitAIType>
		</Row>
		<Row>
			<UnitType>UNIT_NUURAKH</UnitType>
			<UnitAIType>UNITAI_FAST_ATTACK</UnitAIType>
		</Row>
		<Row>
			<UnitType>UNIT_ROGUE</UnitType>
			<UnitAIType>UNITAI_ATTACK</UnitAIType>
		</Row>
		<Row>
			<UnitType>UNIT_ROGUE</UnitType>
			<UnitAIType>UNITAI_DEFENSE</UnitAIType>
		</Row>
		<Row>
			<UnitType>UNIT_ROGUE</UnitType>
			<UnitAIType>UNITAI_EXPLORE</UnitAIType>
		</Row>
		<Row>
			<UnitType>UNIT_ROGUE</UnitType>
			<UnitAIType>UNITAI_RANGED</UnitAIType>
		</Row>
		<Row>
			<UnitType>UNIT_YTWIGHT</UnitType>
			<UnitAIType>UNITAI_DEFENSE</UnitAIType>
		</Row>
		<Row>
			<UnitType>UNIT_YTWIGHT</UnitType>
			<UnitAIType>UNITAI_FAST_ATTACK</UnitAIType>
		</Row>
	</Unit_AITypes>
	<!--
	<Unit_Builds>
		<Row>
			<UnitType>UNIT_VALRUM</UnitType>
			<BuildType>BUILD_WALL</BuildType>
		</Row>
	</Unit_Builds>
-->
	<Unit_Flavors>
		<Row>
			<UnitType>UNIT_ARCHIVIST</UnitType>
			<FlavorType>FLAVOR_OFFENSE</FlavorType>
			<Flavor>35</Flavor>
		</Row>
		<Row>
			<UnitType>UNIT_NUURAKH</UnitType>
			<FlavorType>FLAVOR_OFFENSE</FlavorType>
			<Flavor>30</Flavor>
		</Row>
		<Row>
			<UnitType>UNIT_NUURAKH</UnitType>
			<FlavorType>FLAVOR_DEFENSE</FlavorType>
			<Flavor>12</Flavor>
		</Row>
		<Row>
			<UnitType>UNIT_NUURAKH</UnitType>
			<FlavorType>FLAVOR_MOBILE</FlavorType>
			<Flavor>14</Flavor>
		</Row>
		<Row>
			<UnitType>UNIT_YTWIGHT</UnitType>
			<FlavorType>FLAVOR_OFFENSE</FlavorType>
			<Flavor>30</Flavor>
		</Row>
		<Row>
			<UnitType>UNIT_YTWIGHT</UnitType>
			<FlavorType>FLAVOR_DEFENSE</FlavorType>
			<Flavor>12</Flavor>
		</Row>
		<Row>
			<UnitType>UNIT_YTWIGHT</UnitType>
			<FlavorType>FLAVOR_MOBILE</FlavorType>
			<Flavor>14</Flavor>
		</Row>
	</Unit_Flavors>
	<Unit_ClassUpgrades>
		<Row>
			<UnitType>UNIT_NUURAKH</UnitType>
			<UnitClassType>UNITCLASS_WWI_TANK</UnitClassType>
		</Row>
		<Row>
			<UnitType>UNIT_YTWIGHT</UnitType>
			<UnitClassType>UNITCLASS_SWORDSMAN</UnitClassType>
		</Row>
		<Row>
			<UnitType>UNIT_ARCHIVIST</UnitType>
			<UnitClassType>UNITCLASS_CAVALRY</UnitClassType>
		</Row>
	</Unit_ClassUpgrades>
	<Unit_FreePromotions>
		<Row>
			<UnitType>UNIT_NUURAKH</UnitType>
			<PromotionType>PROMOTION_COMMAND</PromotionType>
		</Row>
		<Row>
			<UnitType>UNIT_NUURAKH</UnitType>
			<PromotionType>PROMOTION_CAN_MOVE_AFTER_ATTACKING</PromotionType>
		</Row>
		<Row>
			<UnitType>UNIT_NUURAKH</UnitType>
			<PromotionType>PROMOTION_SURVIVALISM_1</PromotionType>
		</Row>
		<Row>
			<UnitType>UNIT_NUURAKH</UnitType>
			<PromotionType>PROMOTION_FLANK_ATTACK_BONUS</PromotionType>
		</Row>
		<Row>
			<UnitType>UNIT_ARCHIVIST</UnitType>
			<PromotionType>PROMOTION_RIVAL_TERRITORY</PromotionType>
		</Row>
		<Row>
			<UnitType>UNIT_ARCHIVIST</UnitType>
			<PromotionType>PROMOTION_INVISIBLE_SUBMARINE</PromotionType>
		</Row>
		<Row>
			<UnitType>UNIT_ARCHIVIST</UnitType>
			<PromotionType>PROMOTION_IGNORE_TERRAIN_COST</PromotionType>
		</Row>
		<Row>
			<UnitType>UNIT_ARCHIVIST</UnitType>
			<PromotionType>PROMOTION_NO_DEFENSIVE_BONUSES</PromotionType>
		</Row>
		<Row>
			<UnitType>UNIT_YTWIGHT</UnitType>
			<PromotionType>PROMOTION_FRIGHTEN</PromotionType>
		</Row>
		<Row>
			<UnitType>UNIT_YTWIGHT</UnitType>
			<PromotionType>PROMOTION_PARTIAL_HEAL_IF_DESTROY_ENEMY</PromotionType>
		</Row>
		<Row>
			<UnitType>UNIT_YTWIGHT</UnitType>
			<PromotionType>PROMOTION_BLOOD</PromotionType>
		</Row>
	</Unit_FreePromotions>
	<Unit_ResourceQuantityRequirements>
		<Row>
			<UnitType>UNIT_NUURAKH</UnitType>
			<ResourceType>RESOURCE_IRON</ResourceType>
			<Cost>1</Cost>
		</Row>
	</Unit_ResourceQuantityRequirements>
</GameData>