<GameData>
	<IconTextureAtlases>
		<Row>
			<Atlas>CIV_COLOR_ATLAS_DARK_ELVES</Atlas>
			<IconSize>256</IconSize>
			<Filename>Art/IconAtlas_DARK_ELVES256.dds</Filename>
			<IconsPerRow>1</IconsPerRow>
			<IconsPerColumn>1</IconsPerColumn>
		</Row>
		<Row>
			<Atlas>CIV_COLOR_ATLAS_DARK_ELVES</Atlas>
			<IconSize>128</IconSize>
			<Filename>Art/IconAtlas_DARK_ELVES128.dds</Filename>
			<IconsPerRow>1</IconsPerRow>
			<IconsPerColumn>1</IconsPerColumn>
		</Row>
		<Row>
			<Atlas>CIV_COLOR_ATLAS_DARK_ELVES</Atlas>
			<IconSize>80</IconSize>
			<Filename>Art/IconAtlas_DARK_ELVES80.dds</Filename>
			<IconsPerRow>1</IconsPerRow>
			<IconsPerColumn>1</IconsPerColumn>
		</Row>
		<Row>
			<Atlas>CIV_COLOR_ATLAS_DARK_ELVES</Atlas>
			<IconSize>64</IconSize>
			<Filename>Art/IconAtlas_DARK_ELVES64.dds</Filename>
			<IconsPerRow>1</IconsPerRow>
			<IconsPerColumn>1</IconsPerColumn>
		</Row>
		<Row>
			<Atlas>CIV_COLOR_ATLAS_DARK_ELVES</Atlas>
			<IconSize>45</IconSize>
			<Filename>Art/IconAtlas_DARK_ELVES45.dds</Filename>
			<IconsPerRow>1</IconsPerRow>
			<IconsPerColumn>1</IconsPerColumn>
		</Row>
		<Row>
			<Atlas>CIV_COLOR_ATLAS_DARK_ELVES</Atlas>
			<IconSize>32</IconSize>
			<Filename>Art/IconAtlas_DARK_ELVES32.dds</Filename>
			<IconsPerRow>1</IconsPerRow>
			<IconsPerColumn>1</IconsPerColumn>
		</Row>
		<Row>
			<Atlas>CIV_ALPHA_ATLAS_DARK_ELVES</Atlas>
			<IconSize>256</IconSize>
			<Filename>Art/ALPHA_DARK_ELVES256.dds</Filename>
			<IconsPerRow>1</IconsPerRow>
			<IconsPerColumn>1</IconsPerColumn>
		</Row>
		<Row>
			<Atlas>CIV_ALPHA_ATLAS_DARK_ELVES</Atlas>
			<IconSize>128</IconSize>
			<Filename>Art/ALPHA_DARK_ELVES128.dds</Filename>
			<IconsPerRow>1</IconsPerRow>
			<IconsPerColumn>1</IconsPerColumn>
		</Row>
		<Row>
			<Atlas>CIV_ALPHA_ATLAS_DARK_ELVES</Atlas>
			<IconSize>80</IconSize>
			<Filename>Art/ALPHA_DARK_ELVES80.dds</Filename>
			<IconsPerRow>1</IconsPerRow>
			<IconsPerColumn>1</IconsPerColumn>
		</Row>
		<Row>
			<Atlas>CIV_ALPHA_ATLAS_DARK_ELVES</Atlas>
			<IconSize>64</IconSize>
			<Filename>Art/ALPHA_DARK_ELVES64.dds</Filename>
			<IconsPerRow>1</IconsPerRow>
			<IconsPerColumn>1</IconsPerColumn>
		</Row>
		<Row>
			<Atlas>CIV_ALPHA_ATLAS_DARK_ELVES</Atlas>
			<IconSize>45</IconSize>
			<Filename>Art/ALPHA_DARK_ELVES45.dds</Filename>
			<IconsPerRow>1</IconsPerRow>
			<IconsPerColumn>1</IconsPerColumn>
		</Row>
		<Row>
			<Atlas>CIV_ALPHA_ATLAS_DARK_ELVES</Atlas>
			<IconSize>32</IconSize>
			<Filename>Art/ALPHA_DARK_ELVES32.dds</Filename>
			<IconsPerRow>1</IconsPerRow>
			<IconsPerColumn>1</IconsPerColumn>
		</Row>
		<Row>
			<Atlas>CIV_LEADER_DARK_QUEEN</Atlas>
			<IconSize>256</IconSize>
			<Filename>Art/Icon_Leader_DARK_QUEEN256.dds</Filename>
			<IconsPerRow>1</IconsPerRow>
			<IconsPerColumn>1</IconsPerColumn>
		</Row>
		<Row>
			<Atlas>CIV_LEADER_DARK_QUEEN</Atlas>
			<IconSize>128</IconSize>
			<Filename>Art/Icon_Leader_DARK_QUEEN128.dds</Filename>
			<IconsPerRow>1</IconsPerRow>
			<IconsPerColumn>1</IconsPerColumn>
		</Row>
		<Row>
			<Atlas>CIV_LEADER_DARK_QUEEN</Atlas>
			<IconSize>64</IconSize>
			<Filename>Art/Icon_Leader_DARK_QUEEN64.dds</Filename>
			<IconsPerRow>1</IconsPerRow>
			<IconsPerColumn>1</IconsPerColumn>
		</Row>
		<Row>
			<Atlas>CIV_DARK_WIZARD_ICONATLAS</Atlas>
			<IconSize>256</IconSize>
			<Filename>Art/Icon_DARK_WIZARD256.dds</Filename>
			<IconsPerRow>1</IconsPerRow>
			<IconsPerColumn>1</IconsPerColumn>
		</Row>
		<Row>
			<Atlas>CIV_DARK_WIZARD_ICONATLAS</Atlas>
			<IconSize>128</IconSize>
			<Filename>Art/Icon_DARK_WIZARD128.dds</Filename>
			<IconsPerRow>1</IconsPerRow>
			<IconsPerColumn>1</IconsPerColumn>
		</Row>
		<Row>
			<Atlas>CIV_DARK_WIZARD_ICONATLAS</Atlas>
			<IconSize>80</IconSize>
			<Filename>Art/Icon_DARK_WIZARD80.dds</Filename>
			<IconsPerRow>1</IconsPerRow>
			<IconsPerColumn>1</IconsPerColumn>
		</Row>
		<Row>
			<Atlas>CIV_DARK_WIZARD_ICONATLAS</Atlas>
			<IconSize>64</IconSize>
			<Filename>Art/Icon_DARK_WIZARD64.dds</Filename>
			<IconsPerRow>1</IconsPerRow>
			<IconsPerColumn>1</IconsPerColumn>
		</Row>
		<Row>
			<Atlas>CIV_DARK_WIZARD_ICONATLAS</Atlas>
			<IconSize>45</IconSize>
			<Filename>Art/Icon_DARK_WIZARD45.dds</Filename>
			<IconsPerRow>1</IconsPerRow>
			<IconsPerColumn>1</IconsPerColumn>
		</Row>
		<Row>
			<Atlas>CIV_DARK_WIZARD_FLAG</Atlas>
			<IconSize>32</IconSize>
			<Filename>Art/Icon_DARK_WIZARD_FLAG32.dds</Filename>
			<IconsPerRow>1</IconsPerRow>
			<IconsPerColumn>1</IconsPerColumn>
		</Row>
		<Row>
			<Atlas>CIV_BLACK_DRAGON_ICONATLAS</Atlas>
			<IconSize>256</IconSize>
			<Filename>Art/Icon_BLACK_DRAGON256.dds</Filename>
			<IconsPerRow>1</IconsPerRow>
			<IconsPerColumn>1</IconsPerColumn>
		</Row>
		<Row>
			<Atlas>CIV_BLACK_DRAGON_ICONATLAS</Atlas>
			<IconSize>128</IconSize>
			<Filename>Art/Icon_BLACK_DRAGON128.dds</Filename>
			<IconsPerRow>1</IconsPerRow>
			<IconsPerColumn>1</IconsPerColumn>
		</Row>
		<Row>
			<Atlas>CIV_BLACK_DRAGON_ICONATLAS</Atlas>
			<IconSize>80</IconSize>
			<Filename>Art/Icon_BLACK_DRAGON80.dds</Filename>
			<IconsPerRow>1</IconsPerRow>
			<IconsPerColumn>1</IconsPerColumn>
		</Row>
		<Row>
			<Atlas>CIV_BLACK_DRAGON_ICONATLAS</Atlas>
			<IconSize>64</IconSize>
			<Filename>Art/Icon_BLACK_DRAGON64.dds</Filename>
			<IconsPerRow>1</IconsPerRow>
			<IconsPerColumn>1</IconsPerColumn>
		</Row>
		<Row>
			<Atlas>CIV_BLACK_DRAGON_ICONATLAS</Atlas>
			<IconSize>45</IconSize>
			<Filename>Art/Icon_BLACK_DRAGON45.dds</Filename>
			<IconsPerRow>1</IconsPerRow>
			<IconsPerColumn>1</IconsPerColumn>
		</Row>
		<Row>
			<Atlas>CIV_BLACK_DRAGON_FLAG</Atlas>
			<IconSize>32</IconSize>
			<Filename>Art/Icon_BLACK_DRAGON_FLAG32.dds</Filename>
			<IconsPerRow>1</IconsPerRow>
			<IconsPerColumn>1</IconsPerColumn>
		</Row>
		<Row>
			<Atlas>CIV_BUILDING_PORTAL</Atlas>
			<IconSize>256</IconSize>
			<Filename>Art/Icon_BUILDING_PORTAL256.dds</Filename>
			<IconsPerRow>1</IconsPerRow>
			<IconsPerColumn>1</IconsPerColumn>
		</Row>
		<Row>
			<Atlas>CIV_BUILDING_PORTAL</Atlas>
			<IconSize>128</IconSize>
			<Filename>Art/Icon_BUILDING_PORTAL128.dds</Filename>
			<IconsPerRow>1</IconsPerRow>
			<IconsPerColumn>1</IconsPerColumn>
		</Row>
		<Row>
			<Atlas>CIV_BUILDING_PORTAL</Atlas>
			<IconSize>64</IconSize>
			<Filename>Art/Icon_BUILDING_PORTAL64.dds</Filename>
			<IconsPerRow>1</IconsPerRow>
			<IconsPerColumn>1</IconsPerColumn>
		</Row>
		<Row>
			<Atlas>CIV_BUILDING_PORTAL</Atlas>
			<IconSize>45</IconSize>
			<Filename>Art/Icon_BUILDING_PORTAL45.dds</Filename>
			<IconsPerRow>1</IconsPerRow>
			<IconsPerColumn>1</IconsPerColumn>
		</Row>
	</IconTextureAtlases>
</GameData>